-- phpMyAdmin SQL Dump
-- version 4.8.3
-- https://www.phpmyadmin.net/
--
-- Servidor: 127.0.0.1
-- Tiempo de generación: 11-03-2019 a las 04:39:14
-- Versión del servidor: 10.1.36-MariaDB
-- Versión de PHP: 7.2.10

SET SQL_MODE = "NO_AUTO_VALUE_ON_ZERO";
SET AUTOCOMMIT = 0;
START TRANSACTION;
SET time_zone = "+00:00";


/*!40101 SET @OLD_CHARACTER_SET_CLIENT=@@CHARACTER_SET_CLIENT */;
/*!40101 SET @OLD_CHARACTER_SET_RESULTS=@@CHARACTER_SET_RESULTS */;
/*!40101 SET @OLD_COLLATION_CONNECTION=@@COLLATION_CONNECTION */;
/*!40101 SET NAMES utf8mb4 */;

--
-- Base de datos: `w1571308_gs`
--

-- --------------------------------------------------------

--
-- Estructura de tabla para la tabla `categorias`
--

CREATE TABLE `categorias` (
  `id` int(10) UNSIGNED NOT NULL,
  `nombre_categoria` varchar(255) COLLATE utf8_unicode_ci NOT NULL,
  `created_at` timestamp NULL DEFAULT NULL,
  `updated_at` timestamp NULL DEFAULT NULL
) ENGINE=InnoDB DEFAULT CHARSET=utf8 COLLATE=utf8_unicode_ci;

--
-- Volcado de datos para la tabla `categorias`
--

INSERT INTO `categorias` (`id`, `nombre_categoria`, `created_at`, `updated_at`) VALUES
(1, 'Banner respaldo blanco', NULL, '2018-03-25 21:40:52'),
(2, 'Viniles', NULL, NULL),
(3, 'Rigidos', NULL, NULL),
(4, 'Consumibles', NULL, NULL),
(5, 'Cuchillas', NULL, NULL),
(6, 'Brocas', NULL, NULL),
(7, 'Repuestos', NULL, NULL),
(8, 'Servicio', NULL, NULL),
(11, 'PVC', '2017-05-29 00:46:13', '2017-05-29 00:46:13'),
(12, 'Mesh con liner', '2017-05-29 00:48:11', '2018-03-25 21:42:45'),
(13, 'Tintas Ecosolvente DX4, DX5, DX7', '2018-01-14 01:48:34', '2018-03-25 21:42:12'),
(14, 'Banner respaldo oscuro', '2018-03-25 21:38:49', '2018-03-25 21:39:07'),
(15, 'BANNER CON DCTO', '2018-04-26 17:28:21', '2018-04-26 17:28:21'),
(16, 'Laminación', '2018-11-05 23:07:04', '2018-11-05 23:07:04'),
(17, 'Equipos de corte', '2018-12-19 13:30:21', '2018-12-19 13:30:21'),
(18, 'Test', '2019-03-10 14:32:54', '2019-03-10 14:32:54');

-- --------------------------------------------------------

--
-- Estructura de tabla para la tabla `clientes`
--

CREATE TABLE `clientes` (
  `id` int(10) UNSIGNED NOT NULL,
  `empresa` varchar(255) COLLATE utf8_unicode_ci NOT NULL,
  `contacto` varchar(255) COLLATE utf8_unicode_ci NOT NULL,
  `tel_local` varchar(255) COLLATE utf8_unicode_ci NOT NULL,
  `tel_celular` varchar(255) COLLATE utf8_unicode_ci NOT NULL,
  `direccion` varchar(255) COLLATE utf8_unicode_ci NOT NULL,
  `email` varchar(255) COLLATE utf8_unicode_ci NOT NULL,
  `www` varchar(255) COLLATE utf8_unicode_ci NOT NULL,
  `ruc` varchar(255) COLLATE utf8_unicode_ci NOT NULL,
  `created_at` timestamp NULL DEFAULT NULL,
  `updated_at` timestamp NULL DEFAULT NULL
) ENGINE=InnoDB DEFAULT CHARSET=utf8 COLLATE=utf8_unicode_ci;

--
-- Volcado de datos para la tabla `clientes`
--

INSERT INTO `clientes` (`id`, `empresa`, `contacto`, `tel_local`, `tel_celular`, `direccion`, `email`, `www`, `ruc`, `created_at`, `updated_at`) VALUES
(1, 'A.S. Graphics S.A', 'Dixia Garcia', '(507) 263-2474', '6830-2891', 'Urb. Obarrio, Av.Primera Sur, detras del Piex', 'dixia@asgraphics.net', 'www.asgraphics.com.pa', '490821-1-370939 DV85', NULL, NULL),
(2, '4 suppliers, s.a', 'Emilio Guinard', '(507) 2704671', 'N/A', 'Panama viejo, calle W, Edif. Grupo 4.', 'emilio@4image.com.pa', 'www.4image.com.pa', '1707909-1-687925 DV5', NULL, '2017-05-28 16:16:28'),
(3, 'Line & Arts co, Inc', 'Max Jena', '(507) 2327000', 'N/A', 'Calle bella vista, Albrook comercial Park, local 8', 'mjena@lineandarts.com', 'N/A', '229091-1-399655 DV4', NULL, '2017-05-28 16:16:19'),
(4, 'Sign Systems S.A.', 'Yisell Mela', '(507) 271-4142 / 4143', '6675-5575', 'Costa del este Av. B Edif 56. Panama', 'compras@signsyst.com', 'www.signsyst.com', '47100-30-306009 DV89', NULL, '2017-12-22 01:05:41'),
(6, 'T-SHIRTS INTERAMERICA, S.A.', 'Alfredo Preciado', '(507) 274-1533', 'N/A', 'Via Domingo Diaz , Plaza Galapago, Panama, Panama', 'N/A', 'www.tshirtsinteramerica.com', '8864-123-91468 DV24	', NULL, '2017-05-28 16:15:54'),
(7, 'Europlacas Pty', 'Yadiris', '(507 ) 2210040', '66555908', 'Panama', 'N/A', 'N/A', '87431476Dv55', NULL, '2017-05-22 03:46:03'),
(8, 'Printworks, s.a', 'Carlos Moña', '(507) 67813836', 'N/A', 'Ciudad de Panamá , Panamá', 'N/A', 'N/A', '8-739-465 DV1', NULL, '2017-05-22 03:45:45'),
(9, 'NORMA COLOR PANAMÁ, S.A', 'ERIC MARTINS', ' (507) 3919750', 'N/A', 'Bella Vista, Cl 41,Edif. IPASA, local PB Panamá, Panamá', 'N/A', 'www.ncpanama.com', '1089671-1-556768', NULL, '2017-05-22 03:45:12'),
(10, 'Servicios Gráficos Los Olivos S.A.', 'Carlos Almonde', '2607244', 'N/A', 'Cl G Urb Los angeles Panamá, Panamá', 'calmonde@servigraficospanama.com', 'www.servigraficospanama.com/', '50115-54-317178 DV52', '2017-07-25 15:03:09', '2017-07-25 16:25:00'),
(11, 'Hartemania S.R.L', 'Sr. Khalil Raime.', '+1(809) 598-2143', '+1(809) 707-2638', 'Calle Santomé #120, Santo Domingo, República Dominicana', 'kraime@hartemania.com', 'N/A', 'N/A', '2017-07-31 00:45:06', '2017-07-31 00:45:06'),
(12, 'World Sign luces industriales s.r.l', 'Sr. Oscar Dorvhille.', '+1(809) 596-6262', '+1(809) 723-9901', 'Calle Puerto Rico, Santo Domingo Este, Republica Dominicana.', 'ljalmeida@wsing.net', 'N/A', 'N/A', '2017-07-31 00:54:30', '2017-07-31 00:54:30'),
(13, 'Premium Tech, s.a', 'Ruben Garcia', '(809) 560-3777', '+18094674271', 'C/Gardenias #27B, El Antillano, Santo Domingo, Republica Dominicana', 'rgarcia@premium-tech.net', 'N/A', 'N/A', '2017-07-31 01:09:35', '2017-07-31 01:09:35'),
(14, 'Promuevete, s.a', 'Sr. Juan Fernandez', '2614933', '66725353', 'Santa Elena, entrando por la calle de Barriga Renta Car', 'jfernandez@promuevete.net', 'N/A', '1484273-1-644387 DV03', '2017-08-10 00:43:56', '2017-08-10 00:43:56'),
(15, 'Transportes urbanos', 'Rodolfo', 'N/A', 'N/A', '.', 'Aaaaa@aaa.com', 'N/A', 'N/A', '2018-02-20 17:58:49', '2018-02-20 17:58:49'),
(16, 'Ceroestress Graficas,s.a', 'Ivan Melendez ', '3924722', '67300022', 'Las cumbres, Ciudad de Panamá', 'Info@cerostressgraficas.com', 'www.cerostressgraficas.com', '155619870-2-2015 DV40', '2018-02-26 01:08:32', '2018-03-03 14:55:55'),
(17, 'Visionarte Promoción y Publicidad, s.a', 'Sr. Markos Frutos', '(507) 391 - 1858', '66195757', 'Via España, Calle 55 Este, Plaza Piex. ', 'info@visionartepanama.com', 'N/A', '1373262-1-622151 dv20', '2018-03-15 12:25:19', '2018-03-19 22:52:38'),
(18, 'Alexander Madrid', 'Alexander Madrid', '6690-5562', '6690-5562', 'Las Cumbres', 'graphics0117@gmail.com', 'N/A', '8-709-2252', '2018-03-27 13:33:24', '2018-03-27 13:33:24'),
(19, 'Urban Development Group, S.A. ', 'Claudia Diez', '6671-2425', '6671-2425', 'Costa del Este UDG Tower. ', 'claudiairenediez@gmail.com', 'N/A', '920858-1-519322', '2018-05-29 14:57:49', '2018-05-29 14:57:49'),
(20, 'Waveranch, inc', 'Sr Samuel Berrios', 'N/A', '+1(787)484-5989', 'Corosal, San Juan, Puerto Rico', 'Samuel@waveranchinc.com', 'N/A', 'N/A', '2018-07-17 00:44:20', '2018-07-17 00:44:56'),
(21, 'Leonel Hernandez ', 'Leonel Hernandez', 'N/A', '66201021', 'Ciudad de Panamá, Panamá.', 'Leohernandez267@hotmail.com', 'N/A', '8-286160', '2018-11-03 19:43:08', '2018-11-05 14:31:15'),
(22, 'MU Solutions, s.a', 'Marcos Urueta', 'n/a', '62284810', 'Panamá City, Panamá', 'murueta@cableonda.net', 'N/A', '155643293-2-2017 DV97', '2019-01-10 00:48:23', '2019-01-13 23:17:14'),
(23, 'ZONA GRAFICA, S.A', 'Sr. Edwin Avila', '3098270', '67814070', 'Villas de Bonanza, Pueblo nuevo, Ciudad de Panamá', 'ventas1zonagrafica@gmail.com', 'N/A', '8-739-1025 DV40', '2019-02-03 17:59:48', '2019-02-03 17:59:48'),
(24, 'DNC Panamá S.A.', 'Nicolas Ortiz', '3875550', '64883396', 'Calle 55 este PH Juan Franco local #4 Ciudad de Panamá', 'Contacto@panagrafica.com', 'N/A', '155611687-2-2015 DV5', '2019-02-12 16:22:09', '2019-02-12 16:22:09'),
(26, 'Publicreaciones, s.a', 'Tony NG', '3918069', '65151515', 'Ciudad de Panamá, Panamá', 'Publicreapty@gmail.com', 'N/A', '0', '2019-02-18 13:49:15', '2019-02-18 13:55:38'),
(27, 'Global Bank Corporation', 'Sr. Cesar Segundo', '2062000', 'N/A', 'Edificio Global Bank, Santa María Business Distric, Ciudad de Panamá, Panamá.', 'cesar.segundo@globalbank.com.pa', 'N/A', '40979-25-281810 DV 34', '2019-02-18 14:23:25', '2019-02-18 14:23:25'),
(28, 'Smart Graphics, inc', 'Sr Ricky Wiscovich', 'n/a', '+17876086449', 'Urb. Río Piedras Heights Calle Parana 1718, 00926 San Juan (Puerto Rico)', 'smartsignspr@gmail.com', 'N/A', 'n/a', '2019-03-02 12:13:05', '2019-03-02 12:13:05');

-- --------------------------------------------------------

--
-- Estructura de tabla para la tabla `comisions`
--

CREATE TABLE `comisions` (
  `id` int(10) UNSIGNED NOT NULL,
  `num_comision` int(11) NOT NULL,
  `idRepartidor` int(10) UNSIGNED NOT NULL,
  `monto_comision` decimal(13,2) NOT NULL,
  `created_at` timestamp NULL DEFAULT NULL,
  `updated_at` timestamp NULL DEFAULT NULL
) ENGINE=InnoDB DEFAULT CHARSET=utf8 COLLATE=utf8_unicode_ci;

--
-- Volcado de datos para la tabla `comisions`
--

INSERT INTO `comisions` (`id`, `num_comision`, `idRepartidor`, `monto_comision`, `created_at`, `updated_at`) VALUES
(1, 1, 2, '13.35', '2016-09-24 00:00:00', NULL),
(4, 4, 1, '26.38', '2016-10-01 00:00:00', NULL),
(5, 5, 1, '31.72', '2016-10-01 00:00:00', NULL),
(6, 6, 2, '47.58', '2016-10-01 00:00:00', NULL),
(8, 3, 2, '27.24', '2016-10-10 00:00:00', NULL),
(9, 2, 2, '27.24', '2016-10-10 00:00:00', NULL),
(10, 7, 1, '18.16', '2016-10-10 00:00:00', NULL),
(11, 8, 2, '27.24', '2016-10-10 00:00:00', NULL),
(14, 9, 2, '77.67', '2016-10-22 00:00:00', NULL),
(15, 10, 1, '37.54', '2016-10-22 00:00:00', NULL),
(16, 11, 1, '35.64', '2016-10-29 00:00:00', NULL),
(17, 12, 2, '21.42', '2016-10-29 00:00:00', NULL),
(20, 13, 2, '56.31', '2016-11-11 00:00:00', NULL),
(21, 14, 1, '96.44', '2016-11-26 00:00:00', NULL),
(22, 15, 2, '88.95', '2016-11-26 00:00:00', NULL),
(24, 17, 2, '46.47', '2016-12-02 00:00:00', NULL),
(25, 16, 1, '75.00', '2016-12-02 00:00:00', NULL),
(26, 18, 1, '91.96', '2016-12-17 00:00:00', NULL),
(27, 19, 5, '69.88', '2016-12-17 00:00:00', NULL),
(28, 20, 2, '55.35', '2016-12-17 00:00:00', NULL),
(30, 21, 5, '60.48', '2016-12-23 00:00:00', NULL),
(31, 22, 1, '76.98', '2016-12-23 00:00:00', NULL),
(32, 23, 1, '92.10', '2017-01-02 00:00:00', NULL),
(33, 24, 2, '20.85', '2017-01-02 00:00:00', NULL),
(35, 25, 5, '49.32', '2017-01-02 00:00:00', NULL),
(37, 26, 1, '84.56', '2017-01-13 00:00:00', NULL),
(38, 27, 2, '127.77', '2017-01-13 00:00:00', NULL),
(39, 28, 5, '71.56', '2017-01-13 00:00:00', NULL),
(43, 29, 1, '137.42', '2017-01-29 00:00:00', NULL),
(44, 30, 2, '234.63', '2017-01-29 00:00:00', NULL),
(49, 31, 2, '227.85', '2017-02-15 00:00:00', NULL),
(50, 32, 1, '140.86', '2017-02-15 00:00:00', NULL),
(51, 33, 1, '50.46', '2017-02-25 00:00:00', NULL),
(53, 34, 2, '121.44', '2017-02-25 00:00:00', NULL),
(54, 35, 2, '98.52', '2017-03-15 00:00:00', NULL),
(55, 36, 1, '65.68', '2017-03-15 00:00:00', NULL),
(56, 37, 1, '70.68', '2017-04-02 00:00:00', NULL),
(59, 38, 2, '106.02', '2017-04-02 00:00:00', NULL),
(60, 39, 2, '124.14', '2017-04-16 00:00:00', NULL),
(61, 40, 1, '75.64', '2017-04-16 00:00:00', NULL),
(62, 41, 2, '41.04', '2017-05-01 00:00:00', NULL),
(63, 42, 1, '27.36', '2017-05-01 00:00:00', NULL),
(64, 43, 3, '31.35', '2017-06-01 23:56:41', '2017-06-01 23:56:41'),
(66, 44, 6, '19.00', '2017-06-02 00:08:30', '2017-06-02 00:08:30'),
(67, 45, 3, '27.54', '2017-07-03 00:45:53', '2017-07-03 00:45:53'),
(68, 46, 7, '78.44', '2017-07-15 16:30:52', '2017-07-15 16:30:52'),
(69, 47, 3, '223.86', '2017-07-17 20:56:56', '2017-07-17 20:56:56'),
(70, 48, 6, '52.10', '2017-07-30 14:52:00', '2017-07-30 14:52:00'),
(72, 49, 1, '47.94', '2017-07-30 14:53:50', '2017-07-30 14:53:50'),
(73, 50, 7, '35.60', '2017-07-30 14:55:16', '2017-07-30 14:55:16'),
(74, 51, 3, '227.85', '2017-07-30 14:58:52', '2017-07-30 14:58:52'),
(75, 52, 7, '134.76', '2017-08-13 20:14:30', '2017-08-13 20:14:30'),
(76, 53, 3, '196.77', '2017-08-13 20:17:07', '2017-08-13 20:17:07'),
(77, 54, 7, '174.99', '2017-09-17 17:53:11', '2017-09-17 17:53:11'),
(78, 55, 3, '174.99', '2017-09-17 17:55:37', '2017-09-17 17:55:37'),
(79, 56, 3, '76.59', '2017-10-04 01:42:04', '2017-10-04 01:42:04'),
(80, 57, 7, '31.98', '2017-10-04 01:43:57', '2017-10-04 01:43:57'),
(81, 58, 3, '20.85', '2017-10-30 00:25:22', '2017-10-30 00:25:22'),
(82, 59, 7, '13.90', '2017-10-30 00:26:19', '2017-10-30 00:26:19'),
(84, 60, 3, '280.41', '2017-12-20 23:35:30', '2017-12-20 23:35:30'),
(85, 61, 7, '161.48', '2017-12-20 23:36:26', '2017-12-20 23:36:26'),
(86, 62, 6, '17.80', '2017-12-20 23:37:16', '2017-12-20 23:37:16'),
(87, 63, 7, '244.54', '2018-01-25 23:25:52', '2018-01-25 23:25:52'),
(88, 64, 3, '56.71', '2018-01-31 13:03:20', '2018-01-31 13:03:20'),
(89, 65, 6, '6.40', '2018-01-31 13:03:47', '2018-01-31 13:03:47'),
(90, 66, 7, '24.76', '2018-02-16 00:20:51', '2018-02-16 00:20:51'),
(91, 67, 3, '41.94', '2018-02-21 00:39:24', '2018-02-21 00:39:24'),
(92, 68, 3, '414.18', '2018-03-01 01:52:20', '2018-03-01 01:52:20'),
(94, 70, 6, '44.78', '2018-03-03 14:38:04', '2018-03-03 14:38:04'),
(95, 69, 7, '219.94', '2018-03-03 16:03:23', '2018-03-03 16:03:23'),
(96, 71, 7, '169.92', '2018-03-15 11:04:33', '2018-03-15 11:04:33'),
(97, 72, 3, '344.48', '2018-03-15 11:09:03', '2018-03-15 11:09:03'),
(99, 73, 7, '180.64', '2018-04-02 20:49:26', '2018-04-02 20:49:26'),
(101, 74, 3, '82.47', '2018-04-02 20:51:27', '2018-04-02 20:51:27'),
(102, 75, 3, '144.81', '2018-04-13 21:59:09', '2018-04-13 21:59:09'),
(103, 76, 7, '14.64', '2018-04-13 22:01:10', '2018-04-13 22:01:10'),
(104, 77, 7, '50.48', '2018-05-06 14:40:25', '2018-05-06 14:40:25'),
(105, 78, 3, '62.58', '2018-05-06 14:44:01', '2018-05-06 14:44:01'),
(106, 79, 3, '94.44', '2018-06-01 00:07:05', '2018-06-01 00:07:05'),
(108, 80, 7, '34.52', '2018-06-01 00:10:49', '2018-06-01 00:10:49'),
(109, 81, 3, '14.32', '2018-07-05 00:32:28', '2018-07-05 00:32:28'),
(110, 82, 3, '68.74', '2018-07-25 00:05:35', '2018-07-25 00:05:35'),
(111, 83, 3, '155.37', '2018-08-06 23:53:36', '2018-08-06 23:53:36');

-- --------------------------------------------------------

--
-- Estructura de tabla para la tabla `cotizaciones_estados`
--

CREATE TABLE `cotizaciones_estados` (
  `id` int(10) UNSIGNED NOT NULL,
  `cotizacion_estado` varchar(25) NOT NULL
) ENGINE=InnoDB DEFAULT CHARSET=latin1;

--
-- Volcado de datos para la tabla `cotizaciones_estados`
--

INSERT INTO `cotizaciones_estados` (`id`, `cotizacion_estado`) VALUES
(1, 'Sin N.E'),
(2, 'Con N.E');

-- --------------------------------------------------------

--
-- Estructura de tabla para la tabla `cotizacions`
--

CREATE TABLE `cotizacions` (
  `id` int(10) UNSIGNED NOT NULL,
  `num_cotizacion` int(11) DEFAULT NULL,
  `idCliente` int(11) DEFAULT NULL,
  `idUsuario` int(11) DEFAULT NULL,
  `idCotizacionEstado` int(11) NOT NULL,
  `condicion` varchar(255) COLLATE utf8_unicode_ci NOT NULL,
  `t_entrega` varchar(255) COLLATE utf8_unicode_ci NOT NULL,
  `d_oferta` varchar(255) COLLATE utf8_unicode_ci NOT NULL,
  `garantia` varchar(255) COLLATE utf8_unicode_ci NOT NULL,
  `notas` varchar(255) COLLATE utf8_unicode_ci DEFAULT NULL,
  `itbms` int(11) NOT NULL,
  `monto_cotizacion` decimal(13,2) NOT NULL,
  `subtotal` decimal(13,2) NOT NULL,
  `created_at` timestamp NULL DEFAULT NULL,
  `updated_at` timestamp NULL DEFAULT NULL
) ENGINE=InnoDB DEFAULT CHARSET=utf8 COLLATE=utf8_unicode_ci;

--
-- Volcado de datos para la tabla `cotizacions`
--

INSERT INTO `cotizacions` (`id`, `num_cotizacion`, `idCliente`, `idUsuario`, `idCotizacionEstado`, `condicion`, `t_entrega`, `d_oferta`, `garantia`, `notas`, `itbms`, `monto_cotizacion`, `subtotal`, `created_at`, `updated_at`) VALUES
(4, 1, 6, 2, 1, '30 dias', 'Inmediato', '3 Dias', '0', 'N/A', 7, '674.10', '630.00', '2017-07-02 22:57:45', '2017-07-02 22:57:45'),
(5, 2, 6, 2, 1, '30 dias', 'Inmediato', '3 dias', '0', 'N/A', 7, '1142.76', '1068.00', '2017-07-05 13:15:47', '2017-07-05 13:15:47'),
(6, 3, 4, 2, 1, ' 30 dias', 'Inmediato', '3 Dias', '0', 'N/A', 7, '1990.20', '1860.00', '2017-07-07 02:11:09', '2017-07-07 02:11:09'),
(8, 4, 2, 2, 1, 'Contado', '7 DIAS', '3 Dias', '30 DIAS', 'Precio de los repuestos no incluyen instalación', 7, '2616.15', '2445.00', '2017-07-10 00:43:56', '2017-07-10 00:43:56'),
(13, 5, 2, 2, 1, 'Contado', '7 DIAS', '3 Dias', '0', '.', 7, '1444.50', '1350.00', '2017-07-10 01:13:24', '2017-07-10 01:13:24'),
(14, 6, 6, 2, 1, '30 dias', 'Inmediato', '3 dias', '0', '.', 7, '1219.80', '1140.00', '2017-07-10 12:55:09', '2017-07-10 12:55:09'),
(15, 7, 6, 2, 1, '30 dias', 'Inmediato', '3 Dias', '0', '.', 7, '813.20', '760.00', '2017-07-12 22:56:41', '2017-07-12 22:56:41'),
(17, 8, 10, 2, 1, 'Contado', 'inmediato', '3 dias', '0', 'El pago puede ser efectuado en Cheque o ACH en el BAC cta 100358027 a nombre de BF Services, s.a', 7, '898.80', '840.00', '2017-07-25 15:11:43', '2017-07-25 15:11:43'),
(20, 11, 13, 2, 1, 'Contado', 'inmediato', '3 dias', '0', '.', 0, '300.00', '300.00', '2017-07-31 01:16:35', '2017-07-31 01:16:35'),
(21, 12, 13, 2, 1, 'Contado', 'inmediato', '3 dias', '0', '.', 0, '1030.00', '1030.00', '2017-07-31 01:17:28', '2017-07-31 01:17:28'),
(22, 13, 13, 2, 1, 'Contado', 'inmediato', '3 dias', '0', '.', 0, '500.00', '500.00', '2017-07-31 01:44:53', '2017-07-31 01:44:53'),
(23, 14, 12, 2, 1, 'Contado', 'Inmediato', '3 dias', '0', '.', 0, '1619.00', '1619.00', '2017-08-01 12:18:17', '2017-08-01 12:18:17'),
(24, 15, 11, 2, 1, 'Contado', 'inmediato', '3 Dias', '0', '.', 0, '1619.00', '1619.00', '2017-08-01 18:53:05', '2017-08-01 18:53:05'),
(25, 16, 6, 2, 1, '30 dias', 'inmediato', '3 Dias', '0', 'Disponibilidad de 4 dampers', 7, '428.00', '400.00', '2017-08-02 01:52:23', '2017-08-02 01:52:23'),
(26, 17, 13, 2, 1, 'Contado', 'Inmediato', '3 dias', '0', 'datos bancarios en dominicana son: Banreservas,  Brais sanmartin, 020-109711-9 cta ahorros', 0, '165.00', '165.00', '2017-08-03 13:17:29', '2017-08-03 13:17:29'),
(27, 18, 6, 2, 1, ' 30 dias', '7 DIAS', '3 Dias', '30 DIAS', 'El sistema de BULK INK System sera incluido en calidad de prestamo para uso exclusivo de la tinta suministrada por BF Services, s.a, asi mismo la instalación del BULK INK system sera realizado por nuestro personal sin costo adicional.', 7, '593.85', '555.00', '2017-08-13 19:35:42', '2017-08-13 19:35:42'),
(28, 19, 6, 2, 1, '30 dias', '7 DIAS', '3 Dias', '30 DIAS', 'El sistema de BULK INK System sera incluido en\ncalidad de prestamo para uso exclusivo de la tinta\nsuministrada por BF Services, s.a, asi mismo la instalación del\nBULK INK system sera realizado por nuestro personal sin\ncosto adicional.\n', 7, '401.25', '375.00', '2017-08-13 19:42:43', '2017-08-13 19:42:43'),
(29, 20, 2, 2, 1, '30 dias', '7 DIAS', '3 Dias', '30 DIAS', 'Precio no incluye mano de obra por instalación', 7, '909.50', '850.00', '2017-08-24 11:36:23', '2017-08-24 11:36:23'),
(30, 21, 3, 2, 1, 'Contado', '2 semanas aprox', '3 Dias', '30 DIAS', 'Precio no incluye instalacion', 7, '1251.90', '1170.00', '2017-09-14 01:43:51', '2017-09-14 01:43:51'),
(31, 22, 4, 2, 1, '30 dias', '7 dias', '3 Dias', '30 DIAS', 'El precio de la bomba incluye: 1 coolant ANTIFREEZE COOLANT 50ML y 2 CLAMP,TUBING 7.6MM ID CRIMP METAL, esto necesario para la instalación.\n\nNo incluye instalación, tiempo aproximado para la instalación: 2 horas.', 7, '545.70', '510.00', '2017-10-05 01:09:16', '2017-10-05 01:09:16'),
(32, 23, 2, 2, 1, 'Contado', '14 dias', '3 Dias', '30 DIAS', 'no incluye instalacion', 7, '1926.00', '1800.00', '2017-10-26 01:33:26', '2017-10-26 01:33:26'),
(33, 24, 4, 2, 1, '30 dias', '2 semanas', '3 dias', '0', '.', 7, '171.20', '160.00', '2017-11-14 06:37:51', '2017-11-14 06:37:51'),
(34, 25, 2, 2, 1, '30 dias', '14 dias', '3 Dias', '0', '.', 7, '1391.00', '1300.00', '2018-01-09 00:35:37', '2018-01-09 00:35:37'),
(35, 26, 2, 2, 1, '30 dias', '7 DIAS', '3 Dias', '0', '.', 7, '535.00', '500.00', '2018-01-09 00:52:29', '2018-01-09 00:52:29'),
(36, 27, 4, 2, 1, '30 dias', 'Inmediato', '3 Dias', '0', '.', 7, '637.72', '596.00', '2018-01-11 20:18:07', '2018-01-11 20:18:07'),
(37, 28, 4, 2, 1, '30 dias', 'Inmediato', '3 dias', '0', '.', 7, '1990.20', '1860.00', '2018-01-12 19:21:32', '2018-01-12 19:21:32'),
(39, 30, 3, 2, 1, 'Contado', 'Inmediato', '3 Dias', '30 DIAS', 'No incluye instalacion', 7, '2096.13', '1959.00', '2018-01-22 23:53:12', '2018-01-22 23:53:12'),
(40, 31, 4, 8, 1, '30 dias', 'Inmediato', '3 Dias', '0', '.', 7, '1743.03', '1629.00', '2018-01-26 15:01:18', '2018-01-26 15:01:18'),
(42, 32, 11, 2, 1, 'Contado', '2 semanas aprox', '3 Dias', '0', 'FOB MIAMI, FOB PANAMA', 0, '1716.00', '1716.00', '2018-02-19 10:12:08', '2018-02-19 10:12:08'),
(43, 33, 11, 2, 1, 'Contado', '2 semanas aprox', '3 Dias', '0', 'FOB MIAMI, FOB PANAMA', 0, '1832.00', '1832.00', '2018-02-20 20:59:28', '2018-02-20 20:59:28'),
(45, 34, 16, 2, 1, 'Contado', 'Inmediato', '3 dias', '0', 'No incluye piezas o reparacion de fallas ocultas durante el cambio de tinta ni posterior al cambio. Inluye 3 perfiles a 2 resoluciones cada uno hora de serv adicional b/50+itbms', 7, '739.37', '691.00', '2018-02-26 17:09:09', '2018-02-26 17:09:09'),
(46, 35, 16, 2, 1, 'Contado', 'Inmediato', '3 dias', '0', 'No incluye piezas o reparacion de fallas ocultas durante el cambio de tinta ni posterior al cambio. Inluye 3 perfiles a 2 resoluciones cada uno hora de serv adicional b/50+itbms', 7, '739.37', '691.00', '2018-02-26 17:09:11', '2018-02-26 17:09:11'),
(48, 36, 3, 2, 1, '100% A LA APROBACION DE LA COTIZACION', '20 DIAS', '3 Dias', '0', '.', 7, '3284.90', '3070.00', '2018-02-28 09:31:53', '2018-02-28 09:31:53'),
(49, 37, 3, 2, 1, '100% A LA APROBACION DE LA COTIZACION', '20 DIAS', '3 Dias', '0', '.', 7, '3627.30', '3390.00', '2018-02-28 09:34:20', '2018-02-28 09:34:20'),
(50, 38, 2, 2, 1, '30 dias', '7 dias', '3 Dias', '30 DIAS', '.', 7, '716.90', '670.00', '2018-03-02 10:21:35', '2018-03-02 10:21:35'),
(51, 39, 3, 2, 1, '50% con la aprobacion y 50% contra entrega.', '7 DIAS', '3 Dias', '0', 'El envio se hara via courrier next day desde fabrica hasta Miami y envio aereo desde Miami a Panama, dichos gastos no estan incluidos en el precio de esta cotización.', 7, '3343.75', '3125.00', '2018-03-09 00:49:28', '2018-03-09 00:49:28'),
(52, 40, 4, 2, 1, 'contado', 'inmediato', '3', '0', '.', 7, '1743.03', '1629.00', '2018-03-14 12:45:34', '2018-03-14 12:45:34'),
(53, 41, 6, 2, 1, '30 dias', 'Inmediato', '3 dias', '0', '.', 7, '383.06', '358.00', '2018-04-04 15:16:11', '2018-04-04 15:16:11'),
(55, 42, 6, 2, 1, '30 dias', '7 dias aprox', '3 dias', '30 dias', 'Repuestos para impresora M&H', 7, '282.48', '264.00', '2018-04-05 10:56:47', '2018-04-05 10:56:47'),
(56, 43, 4, 2, 1, '30 dias', '7 dias aprox', '3 dias', '30 dias', '.', 7, '551.05', '515.00', '2018-04-06 09:21:09', '2018-04-06 09:21:09'),
(59, 44, 4, 2, 1, '30 dias', '15 dias', '3 dias', '30 dias', '.', 7, '288.90', '270.00', '2018-04-09 19:16:36', '2018-04-09 19:16:36'),
(61, 45, 6, 2, 1, '30 dias', 'Inmediato', '3 dias', '30 dias', '.', 7, '315.65', '295.00', '2018-04-11 11:56:54', '2018-04-11 11:56:54'),
(62, 46, 4, 2, 1, '30 dias', 'Inmediato', '.', '.', '.', 7, '957.65', '895.00', '2018-04-12 14:23:35', '2018-04-12 14:23:35'),
(64, 47, 4, 2, 1, '30 dias', '2 semanas aprox', '3 Dias', '30 DIAS', '.', 7, '2894.35', '2705.00', '2018-04-19 19:35:13', '2018-04-19 19:35:13'),
(65, 48, 6, 2, 1, '30 dias', '7 dias aprox', '3 dias', '30 dias', 'Precio no incluye instalación', 7, '2086.50', '1950.00', '2018-05-15 11:05:16', '2018-05-15 11:05:16'),
(66, 49, 6, 2, 1, '30 dias', 'Inmediato', '3 dias', '0', '.', 7, '62.06', '58.00', '2018-05-15 11:17:21', '2018-05-15 11:17:21'),
(67, 50, 11, 2, 1, '30 dias', 'Inmediato', '3 dias', '0', '.', 0, '470.00', '470.00', '2018-05-25 12:52:39', '2018-05-25 12:52:39'),
(69, 51, 6, 2, 1, 'Credito', 'Inmediato', '.', '.', '.', 7, '383.06', '358.00', '2018-05-25 16:48:45', '2018-05-25 16:48:45'),
(70, 52, 4, 2, 1, '30 dias', '2 semanas aprox', '3 Dias', '30 DIAS', '.', 7, '1177.00', '1100.00', '2018-05-27 17:16:39', '2018-05-27 17:16:39'),
(71, 53, 6, 2, 1, '30 dias', '7 dias', '3 dias', '30 dias', '.', 7, '1230.50', '1150.00', '2018-06-15 19:42:30', '2018-06-15 19:42:30'),
(73, 54, 11, 2, 1, 'Contado', '7 DIAS', '3 Dias', '0', 'Se agrego 5% por pago a traves de paypal, precio FOB Hartemania', 5, '806.40', '768.00', '2018-06-18 22:33:01', '2018-06-18 22:33:01'),
(74, 55, 4, 2, 1, '30 dias', 'Inmediato', '3 dias', '0', 'El precio reflejado incluye un descuento, precio regular b/ 179,00', 7, '542.49', '507.00', '2018-07-13 11:21:01', '2018-07-13 11:21:01'),
(75, 56, 20, 2, 1, 'Contado', '10 dias aprox', '3 dias', '0', 'BAC INTERNATIONAL BANK, INC.\nCliente: BF services, s.a\nNumero de cuenta 100358027\nSwift: BCINPAPAXXX\nAddress: TORRE BAC CREDOMATIC, CALLE 50, ENTRE CALLE 73 Y CALLE 7 SAN FRANCISCO, Ciudad de Panamá\n', 0, '8670.00', '8670.00', '2018-07-17 00:59:46', '2018-07-17 00:59:46'),
(76, 57, 4, 2, 1, '30 dias', '7 dias aprox', '3 dias', '30 dias', '.', 7, '319.93', '299.00', '2018-08-08 17:31:32', '2018-08-08 17:31:32'),
(77, 58, 4, 2, 1, '30 dias', 'Inmediato', '3 dias', '0', '.', 7, '1743.03', '1629.00', '2018-08-09 17:52:29', '2018-08-09 17:52:29'),
(78, 59, 4, 2, 1, '30 dias', 'Inmediato', '3 dias', 'O', '.', 7, '304.95', '285.00', '2018-08-16 11:17:37', '2018-08-16 11:17:37'),
(79, 60, 6, 2, 1, '30 dias', 'Inmediato', '3 dias', '0', '.', 7, '191.53', '179.00', '2018-08-20 12:27:20', '2018-08-20 12:27:20'),
(80, 61, 2, 2, 1, '30 dias', '3 semanas aprox', '3 dias', '30 días', 'Motor original, fabricación bajo pedido.', 7, '2054.40', '1920.00', '2018-08-20 17:33:11', '2018-08-20 17:33:11'),
(82, 62, 11, 2, 1, 'Contado', 'Inmediato', '3 dias', '30 dias', '.', 0, '1950.00', '1950.00', '2018-08-21 23:14:57', '2018-08-21 23:14:57'),
(84, 63, 11, 2, 1, 'Contado', 'Inmediato', '3 dias', '0', '.', 0, '1680.00', '1680.00', '2018-08-21 23:16:18', '2018-08-21 23:16:18'),
(85, 64, 11, 2, 1, '30 dias', '15 dias', '3 dias', '0', '.', 0, '500.00', '500.00', '2018-08-21 23:36:08', '2018-08-21 23:36:08'),
(86, 65, 1, 2, 1, '30 días', '2 semanas aprox', '3 días', '30 días', 'No incluye instalación de las piezas', 7, '1936.70', '1810.00', '2018-08-27 14:49:36', '2018-08-27 14:49:36'),
(87, 66, 11, 2, 1, 'Contado', 'Inmediato', '3 dias', '0', 'Repuestos ya entregados', 5, '561.75', '535.00', '2018-08-31 23:58:24', '2018-08-31 23:58:24'),
(88, 67, 11, 2, 1, '30 dias', '7 dias aprox', '3 dias', '0', '.', 5, '1246.35', '1187.00', '2018-09-01 00:05:34', '2018-09-01 00:05:34'),
(90, 68, 11, 2, 1, 'Contado', 'Inmediato', '3 dias', '30 dias', '.', 0, '1850.00', '1850.00', '2018-09-01 00:17:21', '2018-09-01 00:17:21'),
(91, 69, 11, 2, 1, 'Contado', '7 dias', '3 dis', '30 dias', '.', 5, '262.50', '250.00', '2018-09-04 18:31:29', '2018-09-04 18:31:29'),
(92, 70, 13, 2, 1, '30 dias', '7 dias', '3 dias', '0', 'Incluido cargo paypal', 5, '1123.50', '1070.00', '2018-09-25 10:56:57', '2018-09-25 10:56:57'),
(93, 71, 13, 2, 1, '30 dias', '7 dias', '3 dias', '0', 'Incluido cargo paypal', 5, '1123.50', '1070.00', '2018-09-25 10:56:59', '2018-09-25 10:56:59'),
(95, 72, 2, 2, 1, '30 dias', '15 dias aprox', '3 dias', '30 dias', 'precio no incluye instalación', 7, '3725.74', '3482.00', '2018-10-04 22:39:57', '2018-10-04 22:39:57'),
(96, 73, 3, 2, 1, '30 dias', '15 dias aprox ', '3 dias ', '0', '.', 7, '3327.70', '3110.00', '2018-10-05 10:23:47', '2018-10-05 10:23:47'),
(97, 74, 3, 2, 1, '30 dias ', '15 dias aprox ', '3 dias ', '0 ', '.', 7, '3627.30', '3390.00', '2018-10-05 10:25:47', '2018-10-05 10:25:47'),
(98, 75, 11, 2, 1, 'Contado', 'Inmediato', '3 dias', '30 dias', '.', 5, '1312.50', '1250.00', '2018-10-10 14:28:46', '2018-10-10 14:28:46'),
(99, 76, 6, 2, 1, '30 dias', '7 dias aprox', '3 dias', '0', '.', 7, '6313.00', '5900.00', '2018-11-01 15:23:43', '2018-11-01 15:23:43'),
(100, 77, 11, 2, 1, '30 dias', 'Inmediato', '3 dias', '0', 'Envio por DHL', 5, '1580.25', '1505.00', '2018-11-15 22:02:02', '2018-11-15 22:02:02'),
(101, 78, 6, 2, 1, '30 dias', '2 semanas aprox', '5 dias', '0', 'No incluye instalación', 7, '422.65', '395.00', '2018-11-29 17:05:04', '2018-11-29 17:05:04'),
(102, 79, 1, 2, 1, '30 dias', 'inmediato', '3 dias', '0', 'no incluye instalación', 7, '845.30', '790.00', '2018-11-29 17:33:41', '2018-11-29 17:33:41'),
(103, 80, 1, 2, 1, '30 dias', 'inmediato', '3 dias ', '0', 'no incluye instalación', 7, '6420.00', '6000.00', '2018-11-29 17:38:53', '2018-11-29 17:38:53'),
(104, 81, 1, 2, 1, '30 dias', '7 DIAS APROX', '3 dias', '30 dias', '.', 7, '8560.00', '8000.00', '2018-12-04 15:57:40', '2018-12-04 15:57:40'),
(105, 82, 11, 2, 1, '30 dias', '7 dias', '3 dias', '0', '.', 5, '315.00', '300.00', '2018-12-05 20:08:30', '2018-12-05 20:08:30'),
(106, 83, 11, 2, 1, '30 dias', '7 dias', '3 dias', '0', '.', 5, '315.00', '300.00', '2018-12-05 20:08:31', '2018-12-05 20:08:31'),
(107, 84, 6, 2, 1, '30 dias', '7 dias', '3 dias', '30 dias', 'Incluye instalación', 7, '6313.00', '5900.00', '2018-12-07 15:53:34', '2018-12-07 15:53:34'),
(108, 85, 1, 2, 1, '30 dias', '15 dias aprox', '3 dias', '30 dias', '.', 7, '1348.20', '1260.00', '2018-12-10 19:59:16', '2018-12-10 19:59:16'),
(110, 86, 4, 2, 1, '30 dias', 'inmediato', '3 dias', '0', '.', 7, '674.10', '630.00', '2018-12-13 14:29:46', '2018-12-13 14:29:46'),
(113, 87, 6, 2, 1, '30 dias', '10 dias', '3 dias', '30 dias', '.', 7, '374.50', '350.00', '2018-12-17 11:13:09', '2018-12-17 11:13:09'),
(114, 88, 4, 2, 1, '30 dias', 'inmediato', '3 dias', '0', '.', 7, '147.66', '138.00', '2019-01-07 18:44:11', '2019-01-07 18:44:11'),
(115, 89, 4, 2, 1, '30 dias', 'Inmediato', '3 dias', '0', '.', 7, '2985.30', '2790.00', '2019-01-08 15:04:05', '2019-01-08 15:04:05'),
(116, 90, 22, 2, 1, 'Contado', 'inmediato', '3 dias', '0', 'Precio de las tintas, incluyen un 50% de descuento.\nEl cambio de tintas incluye flush de las lineas y bulk ink system para eliminar residuos de la tinta anterior.\n', 7, '181.90', '170.00', '2019-01-10 00:53:43', '2019-01-10 00:53:43'),
(117, 91, 4, 2, 1, '30 dias', '15 dias aprox', '3 dias', '30 dias', '.', 7, '694.43', '649.00', '2019-01-13 14:31:59', '2019-01-13 14:31:59'),
(118, 92, 6, 2, 2, '30 dias', 'inmediato', '3 dias', '30 días', 'incluye soporte técnico por conversión, perfilación de color en el equipo.', 7, '3049.50', '2850.00', '2019-01-13 17:37:06', '2019-02-12 13:41:23'),
(120, 93, 1, 2, 1, '30 dias', 'inmediato', '3 dias', '30 dias', '.', 7, '3531.00', '3300.00', '2019-01-17 11:57:39', '2019-01-17 11:57:39'),
(122, 94, 6, 2, 1, '30 dias', 'inmediato', '3 dias', '30 dias', '.', 7, '267.50', '250.00', '2019-01-17 12:13:56', '2019-01-17 12:13:56'),
(127, 97, 26, 2, 2, 'Contado', 'Inmediato', '3 dias', '0', '.', 7, '17839.04', '27200.00', '2019-02-18 13:40:39', '2019-02-25 21:35:38'),
(128, 98, 6, 2, 1, '30 dias', '5 dias', '3 dias', '30 dias', 'Repuesto nuevo.', 7, '1230.50', '1150.00', '2019-02-20 11:09:59', '2019-02-20 11:09:59'),
(129, 99, 6, 2, 2, '30 dias', '5 dias', '3 dias', '30 dias', 'Repuesto nuevo.', 7, '1230.50', '1150.00', '2019-02-20 11:10:00', '2019-02-26 15:34:18'),
(130, 100, 1, 2, 2, '30 dias', 'inmediato', '3 dias', '0', '.', 7, '1659.57', '1551.00', '2019-02-20 23:39:59', '2019-02-22 13:07:43'),
(134, 101, 6, 2, 1, '30 dias', 'inmediato', '3 dias', '0', '.', 7, '558.54', '522.00', '2019-02-22 14:08:19', '2019-02-22 14:08:19'),
(135, 102, 1, 2, 2, '30 dias', '7 dias aprox', '3 dias', '30 dias', 'Incluye instalacion y belt pintal', 7, '8025.00', '7500.00', '2019-02-27 00:33:41', '2019-03-11 00:07:08'),
(136, 103, 1, 2, 2, '30 dias', 'Inmediato', '3 dias', '30 dias', 'Se incluye cambio de filtros primarios de tinta, perfilacion de color y materiales de ser necesario.', 7, '2140.00', '2000.00', '2019-02-27 02:17:45', '2019-03-11 00:06:38'),
(141, 104, 1, 1, 2, 'asdas', 'dsadsa', 'dasdsa', 'das', 'sadasdasd', 7, '73.83', '69.00', '2019-03-11 00:18:49', '2019-03-11 01:00:43');

-- --------------------------------------------------------

--
-- Estructura de tabla para la tabla `cotizacion_producto`
--

CREATE TABLE `cotizacion_producto` (
  `id` int(11) NOT NULL,
  `idCotizacion` int(11) DEFAULT NULL,
  `idProducto` int(11) DEFAULT NULL,
  `cantidad_producto` decimal(10,2) NOT NULL,
  `precio_final` decimal(13,2) NOT NULL
) ENGINE=InnoDB DEFAULT CHARSET=utf8mb4 COLLATE=utf8mb4_unicode_ci;

--
-- Volcado de datos para la tabla `cotizacion_producto`
--

INSERT INTO `cotizacion_producto` (`id`, `idCotizacion`, `idProducto`, `cantidad_producto`, `precio_final`) VALUES
(12, 4, 56, '6.00', '80.00'),
(13, 4, 44, '1.00', '150.00'),
(14, 5, 4, '12.00', '89.00'),
(15, 6, 38, '6.00', '310.00'),
(22, 8, 27, '6.00', '25.00'),
(23, 8, 58, '2.00', '210.00'),
(24, 8, 59, '2.00', '350.00'),
(25, 8, 64, '2.00', '320.00'),
(26, 8, 65, '5.00', '95.00'),
(27, 8, 66, '2.00', '20.00'),
(28, 8, 67, '1.00', '20.00'),
(38, 13, 17, '2.00', '300.00'),
(39, 13, 68, '2.00', '250.00'),
(40, 13, 69, '1.00', '250.00'),
(41, 14, 24, '12.00', '95.00'),
(42, 15, 24, '8.00', '95.00'),
(44, 17, 23, '10.00', '84.00'),
(52, 20, 32, '6.00', '50.00'),
(53, 21, 75, '1.00', '750.00'),
(54, 21, 74, '1.00', '280.00'),
(55, 22, 76, '2.00', '250.00'),
(56, 23, 73, '1.00', '580.00'),
(57, 23, 72, '1.00', '10.00'),
(58, 23, 71, '42.00', '12.00'),
(59, 23, 70, '7.00', '75.00'),
(60, 24, 70, '7.00', '75.00'),
(61, 24, 71, '42.00', '12.00'),
(62, 24, 72, '1.00', '10.00'),
(63, 24, 73, '1.00', '580.00'),
(64, 25, 76, '2.00', '200.00'),
(65, 26, 79, '1.00', '50.00'),
(66, 26, 54, '1.00', '115.00'),
(67, 27, 80, '1.00', '80.00'),
(68, 27, 81, '1.00', '80.00'),
(69, 27, 83, '1.00', '80.00'),
(70, 27, 85, '1.00', '80.00'),
(71, 27, 82, '1.00', '80.00'),
(72, 27, 84, '1.00', '80.00'),
(73, 27, 86, '1.00', '75.00'),
(74, 28, 87, '1.00', '75.00'),
(75, 28, 88, '1.00', '75.00'),
(76, 28, 89, '1.00', '75.00'),
(77, 28, 90, '1.00', '75.00'),
(78, 28, 91, '1.00', '75.00'),
(79, 29, 92, '1.00', '850.00'),
(80, 30, 93, '3.00', '390.00'),
(81, 31, 96, '1.00', '510.00'),
(82, 32, 25, '1.00', '1800.00'),
(83, 33, 9, '1.00', '160.00'),
(84, 34, 100, '1.00', '1300.00'),
(85, 35, 68, '2.00', '250.00'),
(86, 36, 18, '3.00', '139.00'),
(87, 36, 19, '1.00', '179.00'),
(88, 37, 38, '6.00', '310.00'),
(90, 39, 101, '1.00', '1959.00'),
(91, 40, 38, '6.00', '271.50'),
(97, 42, 70, '7.00', '75.00'),
(98, 42, 55, '1.00', '55.00'),
(99, 42, 71, '18.00', '12.00'),
(100, 42, 54, '2.00', '115.00'),
(101, 42, 73, '1.00', '690.00'),
(102, 43, 54, '2.00', '115.00'),
(103, 43, 55, '1.00', '55.00'),
(104, 43, 70, '7.00', '75.00'),
(105, 43, 71, '18.00', '12.00'),
(106, 43, 73, '1.00', '690.00'),
(107, 43, 26, '2.00', '58.00'),
(113, 45, 80, '2.00', '69.90'),
(114, 45, 81, '2.00', '69.90'),
(115, 45, 83, '2.00', '69.90'),
(116, 45, 85, '2.00', '69.90'),
(117, 45, 86, '2.00', '65.90'),
(118, 46, 80, '2.00', '69.90'),
(119, 46, 81, '2.00', '69.90'),
(120, 46, 83, '2.00', '69.90'),
(121, 46, 85, '2.00', '69.90'),
(122, 46, 86, '2.00', '65.90'),
(130, 48, 106, '5.00', '89.00'),
(131, 48, 107, '5.00', '89.00'),
(132, 48, 108, '5.00', '89.00'),
(133, 48, 109, '5.00', '89.00'),
(134, 48, 110, '5.00', '89.00'),
(135, 48, 111, '5.00', '89.00'),
(136, 48, 112, '5.00', '80.00'),
(137, 49, 113, '5.00', '98.00'),
(138, 49, 114, '5.00', '98.00'),
(139, 49, 115, '5.00', '98.00'),
(140, 49, 116, '5.00', '98.00'),
(141, 49, 117, '5.00', '98.00'),
(142, 49, 118, '5.00', '98.00'),
(143, 49, 119, '5.00', '90.00'),
(144, 50, 120, '1.00', '670.00'),
(145, 51, 113, '5.00', '90.00'),
(146, 51, 114, '5.00', '90.00'),
(147, 51, 115, '5.00', '90.00'),
(148, 51, 116, '5.00', '90.00'),
(149, 51, 117, '5.00', '90.00'),
(150, 51, 118, '5.00', '90.00'),
(151, 51, 119, '5.00', '85.00'),
(152, 52, 38, '6.00', '271.50'),
(153, 53, 40, '2.00', '179.00'),
(155, 55, 125, '1.00', '69.00'),
(156, 55, 65, '1.00', '95.00'),
(157, 55, 32, '2.00', '50.00'),
(158, 56, 126, '1.00', '350.00'),
(159, 56, 65, '1.00', '95.00'),
(160, 56, 32, '2.00', '35.00'),
(165, 59, 127, '1.00', '200.00'),
(166, 59, 32, '2.00', '35.00'),
(169, 61, 29, '1.00', '295.00'),
(170, 62, 19, '5.00', '179.00'),
(177, 64, 65, '5.00', '95.00'),
(178, 64, 67, '1.00', '20.00'),
(179, 64, 128, '1.00', '1980.00'),
(180, 64, 129, '1.00', '100.00'),
(181, 64, 27, '1.00', '25.00'),
(182, 64, 32, '3.00', '35.00'),
(183, 65, 133, '1.00', '1500.00'),
(184, 65, 134, '1.00', '450.00'),
(185, 66, 26, '1.00', '58.00'),
(186, 67, 37, '1.00', '420.00'),
(187, 67, 138, '10.00', '5.00'),
(189, 69, 40, '2.00', '179.00'),
(190, 70, 141, '3.00', '50.00'),
(191, 70, 142, '1.00', '45.00'),
(192, 70, 32, '3.00', '35.00'),
(193, 70, 139, '1.00', '400.00'),
(194, 70, 140, '1.00', '400.00'),
(195, 71, 143, '1.00', '1150.00'),
(197, 73, 144, '2.00', '384.00'),
(198, 74, 19, '3.00', '169.00'),
(199, 75, 147, '3.00', '2890.00'),
(200, 76, 151, '1.00', '299.00'),
(201, 77, 38, '6.00', '271.50'),
(202, 78, 73, '1.00', '285.00'),
(203, 79, 40, '1.00', '179.00'),
(204, 80, 98, '1.00', '1920.00'),
(206, 82, 152, '1.00', '1950.00'),
(208, 84, 37, '4.00', '420.00'),
(209, 85, 26, '10.00', '50.00'),
(210, 86, 153, '1.00', '560.00'),
(211, 86, 154, '1.00', '1250.00'),
(212, 87, 54, '1.00', '115.00'),
(213, 87, 37, '1.00', '420.00'),
(214, 88, 37, '2.00', '420.00'),
(215, 88, 54, '1.00', '115.00'),
(216, 88, 26, '4.00', '58.00'),
(218, 90, 152, '1.00', '1850.00'),
(219, 91, 156, '1.00', '250.00'),
(220, 92, 37, '2.00', '420.00'),
(221, 92, 54, '2.00', '115.00'),
(222, 93, 37, '2.00', '420.00'),
(223, 93, 54, '2.00', '115.00'),
(230, 95, 96, '1.00', '615.00'),
(231, 95, 129, '10.00', '100.00'),
(232, 95, 158, '1.00', '980.00'),
(233, 95, 27, '10.00', '8.40'),
(234, 95, 65, '6.00', '115.00'),
(235, 95, 67, '2.00', '20.00'),
(236, 95, 94, '20.00', '3.65'),
(237, 96, 106, '5.00', '90.00'),
(238, 96, 107, '5.00', '90.00'),
(239, 96, 108, '5.00', '90.00'),
(240, 96, 109, '5.00', '90.00'),
(241, 96, 110, '5.00', '90.00'),
(242, 96, 111, '5.00', '90.00'),
(243, 96, 112, '5.00', '82.00'),
(244, 97, 113, '5.00', '98.00'),
(245, 97, 114, '5.00', '98.00'),
(246, 97, 115, '5.00', '98.00'),
(247, 97, 116, '5.00', '98.00'),
(248, 97, 117, '5.00', '98.00'),
(249, 97, 118, '5.00', '98.00'),
(250, 97, 119, '5.00', '90.00'),
(251, 98, 154, '1.00', '1250.00'),
(252, 99, 147, '2.00', '2950.00'),
(253, 100, 154, '1.00', '980.00'),
(254, 100, 70, '7.00', '75.00'),
(255, 101, 170, '1.00', '395.00'),
(256, 102, 171, '1.00', '790.00'),
(257, 103, 172, '10.00', '600.00'),
(258, 104, 178, '1.00', '8000.00'),
(259, 105, 174, '1.00', '50.00'),
(260, 105, 175, '2.00', '50.00'),
(261, 105, 176, '1.00', '50.00'),
(262, 105, 177, '2.00', '50.00'),
(263, 106, 174, '1.00', '50.00'),
(264, 106, 175, '2.00', '50.00'),
(265, 106, 176, '1.00', '50.00'),
(266, 106, 177, '2.00', '50.00'),
(267, 107, 147, '2.00', '2950.00'),
(268, 108, 179, '1.00', '700.00'),
(269, 108, 180, '2.00', '280.00'),
(272, 110, 75, '1.00', '350.00'),
(273, 110, 74, '1.00', '280.00'),
(276, 113, 181, '1.00', '350.00'),
(277, 114, 3, '2.00', '69.00'),
(278, 115, 22, '8.00', '170.00'),
(279, 115, 166, '10.00', '143.00'),
(280, 116, 80, '1.00', '35.00'),
(281, 116, 81, '1.00', '35.00'),
(282, 116, 83, '1.00', '35.00'),
(283, 116, 85, '1.00', '35.00'),
(284, 116, 86, '1.00', '30.00'),
(285, 117, 185, '1.00', '350.00'),
(286, 117, 151, '1.00', '299.00'),
(287, 118, 113, '5.00', '85.00'),
(288, 118, 114, '5.00', '85.00'),
(289, 118, 115, '5.00', '85.00'),
(290, 118, 116, '5.00', '85.00'),
(291, 118, 117, '5.00', '85.00'),
(292, 118, 118, '5.00', '85.00'),
(293, 118, 119, '5.00', '60.00'),
(296, 120, 187, '1.00', '2500.00'),
(297, 120, 188, '1.00', '800.00'),
(299, 122, 135, '1.00', '250.00'),
(421, 127, 20, '9.00', '143.00'),
(422, 127, 21, '43.00', '112.00'),
(423, 127, 165, '12.00', '100.00'),
(424, 127, 169, '5.00', '143.00'),
(425, 127, 2, '10.00', '143.00'),
(426, 127, 163, '14.00', '128.00'),
(427, 127, 164, '11.00', '128.00'),
(428, 127, 168, '20.00', '112.00'),
(429, 127, 166, '3.00', '128.00'),
(430, 127, 167, '14.00', '100.00'),
(431, 128, 143, '1.00', '1150.00'),
(432, 129, 143, '1.00', '1150.00'),
(433, 130, 203, '1.00', '39.00'),
(434, 130, 202, '2.00', '15.00'),
(435, 130, 201, '5.00', '5.00'),
(436, 130, 200, '1.00', '689.00'),
(437, 130, 199, '1.00', '143.00'),
(438, 130, 198, '1.00', '600.00'),
(439, 130, 197, '1.00', '25.00'),
(461, 134, 26, '9.00', '58.00'),
(465, 136, 113, '5.00', '85.00'),
(466, 136, 114, '5.00', '85.00'),
(467, 136, 115, '5.00', '85.00'),
(468, 136, 116, '5.00', '85.00'),
(469, 136, 119, '5.00', '60.00'),
(475, 135, 74, '1.00', '0.00'),
(476, 135, 75, '1.00', '0.00'),
(477, 135, 205, '1.00', '7500.00'),
(488, 141, 3, '1.00', '69.00');

-- --------------------------------------------------------

--
-- Estructura de tabla para la tabla `facturas`
--

CREATE TABLE `facturas` (
  `id` int(10) UNSIGNED NOT NULL,
  `num_factura` int(11) NOT NULL,
  `idOrden` int(11) NOT NULL,
  `idCliente` int(11) NOT NULL,
  `condicion` varchar(255) COLLATE utf8_unicode_ci NOT NULL,
  `itbms` int(11) NOT NULL,
  `monto_factura` decimal(13,2) NOT NULL,
  `subtotal` decimal(13,2) NOT NULL,
  `idFacturaEstado` int(10) UNSIGNED NOT NULL,
  `num_fiscal` int(11) NOT NULL DEFAULT '0',
  `created_at` timestamp NULL DEFAULT NULL,
  `updated_at` timestamp NULL DEFAULT NULL
) ENGINE=InnoDB DEFAULT CHARSET=utf8 COLLATE=utf8_unicode_ci;

--
-- Volcado de datos para la tabla `facturas`
--

INSERT INTO `facturas` (`id`, `num_factura`, `idOrden`, `idCliente`, `condicion`, `itbms`, `monto_factura`, `subtotal`, `idFacturaEstado`, `num_fiscal`, `created_at`, `updated_at`) VALUES
(2, 1, 42, 1, 'CONTADO', 7, '971.56', '903.55', 2, 0, '2016-10-10 00:00:00', '2017-06-11 16:14:56'),
(3, 2, 43, 1, 'CONTADO', 7, '191.53', '178.12', 2, 0, '2016-10-16 00:00:00', '2017-06-11 16:14:56'),
(4, 3, 44, 1, 'CONTADO', 7, '191.53', '178.12', 2, 0, '2016-10-16 00:00:00', '2017-06-11 16:14:56'),
(11, 4, 45, 1, 'CONTADO', 7, '1149.18', '1068.74', 2, 0, '2016-10-19 00:00:00', '2017-06-11 16:14:56'),
(14, 5, 47, 6, 'CONTADO', 7, '476.15', '442.82', 2, 0, '2016-10-19 00:00:00', '2017-06-11 16:08:35'),
(15, 6, 48, 3, 'CONTADO', 7, '761.84', '708.51', 2, 0, '2016-10-20 00:00:00', '2017-06-11 16:11:34'),
(16, 7, 51, 6, 'CONTADO', 7, '761.84', '708.51', 2, 0, '2016-10-26 00:00:00', '2017-06-11 16:08:35'),
(17, 8, 52, 1, 'CONTADO', 7, '763.98', '710.50', 2, 0, '2016-10-29 00:00:00', '2017-06-11 16:14:56'),
(19, 9, 50, 2, 'CONTADO', 7, '1177.00', '1094.61', 2, 0, '2016-10-29 00:00:00', '2017-06-11 16:09:57'),
(20, 10, 53, 1, 'CONTADO', 7, '355.24', '330.37', 2, 0, '2016-11-11 00:00:00', '2017-06-11 16:14:56'),
(21, 11, 55, 6, 'CONTADO', 7, '476.15', '442.82', 2, 0, '2016-11-11 00:00:00', '2017-06-11 16:08:35'),
(22, 12, 57, 3, 'CONTADO', 7, '571.38', '531.38', 2, 0, '2016-11-14 00:00:00', '2017-06-11 16:11:34'),
(23, 13, 59, 2, 'CONTADO', 7, '1926.00', '1791.18', 2, 0, '2016-11-14 00:00:00', '2017-06-11 16:09:57'),
(24, 14, 60, 3, 'CONTADO', 7, '380.92', '354.26', 2, 0, '2016-11-17 00:00:00', '2017-06-11 16:11:34'),
(25, 15, 61, 2, 'CONTADO', 7, '222.56', '206.98', 2, 0, '2016-11-17 00:00:00', '2017-06-11 16:09:57'),
(26, 16, 62, 6, 'CONTADO', 7, '355.24', '330.37', 2, 0, '2016-11-22 00:00:00', '2017-06-11 16:08:35'),
(27, 17, 66, 2, 'CONTADO', 7, '285.69', '265.69', 2, 0, '2016-11-22 00:00:00', '2017-06-11 16:09:57'),
(28, 18, 67, 2, 'CONTADO', 7, '628.09', '584.12', 2, 0, '2016-11-23 00:00:00', '2017-06-11 16:09:57'),
(29, 19, 69, 4, 'CONTADO', 7, '73.83', '68.66', 2, 0, '2016-11-24 00:00:00', '2017-06-11 16:45:16'),
(30, 20, 68, 1, 'CONTADO', 7, '3531.00', '3283.83', 2, 0, '2016-11-26 00:00:00', '2017-06-11 16:14:56'),
(31, 21, 70, 2, 'CONTADO', 7, '101.65', '94.53', 2, 0, '2016-11-29 00:00:00', '2017-06-11 16:09:57'),
(32, 22, 80, 1, 'CONTADO', 7, '914.85', '850.81', 2, 0, '2016-12-01 00:00:00', '2017-06-11 16:14:56'),
(33, 23, 81, 3, 'CONTADO', 7, '1524.75', '1418.02', 2, 0, '2016-12-01 00:00:00', '2017-06-11 16:11:34'),
(34, 24, 82, 7, 'CONTADO', 7, '177.62', '165.19', 2, 0, '2016-12-01 00:00:00', '2017-06-11 16:44:32'),
(35, 25, 83, 1, 'CONTADO', 7, '736.16', '684.63', 2, 0, '2016-12-01 00:00:00', '2017-06-11 16:14:56'),
(36, 26, 84, 1, 'CONTADO', 7, '743.65', '691.59', 2, 0, '2016-12-01 00:00:00', '2017-06-11 16:14:56'),
(37, 27, 86, 2, 'CONTADO', 7, '190.46', '177.13', 2, 0, '2016-12-05 00:00:00', '2017-06-11 16:09:57'),
(38, 28, 87, 6, 'CONTADO', 7, '101.65', '94.53', 2, 0, '2016-12-05 00:00:00', '2017-06-11 16:08:35'),
(39, 29, 88, 1, 'CONTADO', 7, '171.20', '159.22', 2, 0, '2016-12-11 00:00:00', '2017-06-11 16:14:56'),
(41, 30, 90, 1, 'CONTADO', 7, '1913.16', '1779.24', 2, 0, '2016-12-11 00:00:00', '2017-06-11 16:14:56'),
(42, 31, 94, 2, 'CONTADO', 7, '285.69', '265.69', 2, 0, '2016-12-13 00:00:00', '2017-06-11 16:09:57'),
(43, 32, 95, 2, 'CONTADO', 7, '285.69', '265.69', 2, 0, '2016-12-13 00:00:00', '2017-06-11 16:09:57'),
(44, 33, 96, 1, '30 DIAS', 7, '743.65', '691.59', 2, 0, '2016-12-14 00:00:00', '2017-06-11 16:14:56'),
(45, 34, 98, 1, '30 DIAS', 7, '957.65', '890.61', 2, 0, '2016-12-14 00:00:00', '2017-06-11 16:14:56'),
(46, 35, 99, 3, '30 DIAS', 7, '1016.50', '945.35', 2, 0, '2016-12-14 00:00:00', '2017-06-11 16:11:34'),
(47, 36, 103, 4, '30 DIAS', 7, '1020.78', '949.33', 2, 0, '2016-12-15 00:00:00', '2017-06-11 16:45:16'),
(48, 37, 104, 2, '30 DIAS', 7, '380.92', '354.26', 2, 0, '2016-12-17 00:00:00', '2017-06-11 16:09:57'),
(49, 38, 106, 1, '30 DIAS', 7, '285.69', '265.69', 2, 0, '2016-12-21 00:00:00', '2017-06-11 16:14:56'),
(50, 39, 108, 4, '30 DIAS', 7, '597.06', '555.27', 2, 0, '2016-12-22 00:00:00', '2017-06-11 16:45:16'),
(51, 40, 105, 2, '30 DIAS', 7, '285.69', '265.69', 2, 0, '2016-12-22 00:00:00', '2017-06-11 16:09:57'),
(52, 41, 109, 1, '30 DIAS', 7, '1974.15', '1835.96', 2, 0, '2016-12-22 00:00:00', '2017-06-11 16:14:56'),
(53, 42, 110, 1, '30 DIAS', 7, '690.15', '641.84', 2, 0, '2016-12-23 00:00:00', '2017-06-11 16:14:56'),
(54, 43, 111, 3, '30 DIAS', 7, '571.38', '531.38', 2, 0, '2016-12-23 00:00:00', '2017-06-12 02:04:32'),
(55, 44, 112, 2, '30 DIAS', 7, '355.24', '330.37', 2, 0, '2016-12-27 00:00:00', '2017-06-11 16:09:57'),
(57, 45, 117, 1, '30 DIAS', 7, '2296.22', '2135.48', 2, 0, '2016-12-28 00:00:00', '2017-06-11 16:14:56'),
(58, 46, 118, 2, '30 DIAS', 7, '342.40', '318.43', 2, 0, '2016-12-28 00:00:00', '2017-08-13 14:45:48'),
(59, 47, 119, 1, '30 DIAS', 7, '1189.84', '1106.55', 2, 0, '2016-12-29 00:00:00', '2017-06-11 16:14:56'),
(60, 48, 120, 1, '30 DIAS', 7, '743.65', '691.59', 2, 0, '2016-12-30 00:00:00', '2017-06-11 16:14:56'),
(61, 49, 121, 1, '30 DIAS', 7, '920.20', '855.79', 2, 0, '2017-01-03 00:00:00', '2017-06-11 16:14:56'),
(62, 50, 114, 6, '30 DIAS', 7, '631.30', '587.11', 2, 0, '2017-01-04 00:00:00', '2017-06-11 16:08:35'),
(63, 51, 122, 3, '30 DIAS', 7, '710.48', '660.75', 2, 0, '2017-01-11 00:00:00', '2017-06-12 02:04:32'),
(64, 52, 123, 2, '30 DIAS', 7, '513.60', '477.65', 2, 0, '2017-01-11 00:00:00', '2017-08-13 14:45:49'),
(65, 53, 125, 1, '30 DIAS', 7, '594.92', '553.28', 2, 0, '2017-01-11 00:00:00', '2017-06-11 16:14:56'),
(66, 54, 127, 1, '30 DIAS', 7, '1784.76', '1659.83', 2, 0, '2017-01-19 00:00:00', '2017-06-11 16:14:56'),
(67, 55, 128, 2, '30 DIAS', 7, '342.40', '318.43', 2, 0, '2017-01-19 00:00:00', '2017-08-13 14:45:49'),
(68, 56, 129, 1, '30 DIAS', 7, '1361.04', '1265.77', 2, 0, '2017-01-19 00:00:00', '2017-06-11 16:14:56'),
(69, 57, 130, 2, '30 DIAS', 7, '342.40', '318.43', 2, 0, '2017-01-19 00:00:00', '2017-08-13 14:45:49'),
(70, 58, 131, 4, '30 DIAS', 7, '574.59', '534.37', 2, 0, '2017-01-20 00:00:00', '2017-06-11 16:45:16'),
(71, 59, 132, 1, '30 DIAS', 7, '1361.04', '1265.77', 2, 0, '2017-01-20 00:00:00', '2017-06-11 16:14:56'),
(73, 60, 135, 7, '30 DIAS', 7, '326.35', '303.51', 2, 0, '2017-01-20 00:00:00', '2017-06-11 16:44:32'),
(74, 61, 136, 3, 'CONTADO', 7, '1016.50', '945.35', 2, 0, '2017-01-23 00:00:00', '2017-06-12 02:04:32'),
(75, 62, 137, 1, 'CONTADO', 7, '786.45', '731.40', 2, 0, '2017-01-23 00:00:00', '2017-06-11 16:14:56'),
(76, 63, 138, 2, '30 DIAS', 7, '342.40', '318.43', 2, 0, '2017-01-29 00:00:00', '2017-08-13 14:45:49'),
(77, 64, 139, 1, '30 DIAS', 7, '766.12', '712.49', 2, 0, '2017-01-29 00:00:00', '2017-06-22 22:36:56'),
(78, 65, 140, 1, '30 DIAS', 7, '1149.18', '1068.74', 2, 0, '2017-01-29 00:00:00', '2017-06-22 22:36:56'),
(79, 66, 142, 3, 'CONTADO', 7, '609.90', '567.21', 2, 0, '2017-02-07 00:00:00', '2017-07-30 17:32:09'),
(80, 67, 143, 2, 'CONTADO', 7, '609.90', '567.21', 2, 0, '2017-02-07 00:00:00', '2017-08-13 14:45:49'),
(81, 68, 145, 1, '30 DIAS', 7, '1149.18', '1068.74', 2, 0, '2017-02-07 00:00:00', '2017-06-22 22:36:56'),
(82, 69, 149, 1, '30 DIAS', 7, '1340.71', '1246.86', 2, 0, '2017-02-07 00:00:00', '2017-06-22 22:36:56'),
(83, 70, 153, 1, '30 DIAS', 7, '743.65', '691.59', 2, 0, '2017-02-07 00:00:00', '2017-06-22 22:36:56'),
(84, 71, 156, 8, 'CONTADO', 7, '74.90', '69.66', 2, 0, '2017-02-08 00:00:00', '2017-06-11 16:43:36'),
(85, 72, 158, 8, 'CONTADO', 7, '74.90', '69.66', 2, 0, '2017-02-10 00:00:00', '2017-06-11 16:43:36'),
(86, 73, 157, 4, '30 DIAS', 7, '590.64', '549.30', 2, 0, '2017-02-12 00:00:00', '2017-06-11 16:45:16'),
(87, 74, 152, 4, '30 DIAS', 7, '1840.40', '1711.57', 2, 0, '2017-02-15 00:00:00', '2017-06-11 16:45:16'),
(88, 75, 164, 9, 'CONTADO', 7, '492.20', '457.75', 2, 0, '2017-02-15 00:00:00', '2017-06-11 16:46:24'),
(89, 76, 159, 1, '30 DIAS', 7, '380.92', '354.26', 2, 0, '2017-02-15 00:00:00', '2017-08-06 23:00:00'),
(90, 77, 160, 1, '30 DIAS', 7, '690.15', '641.84', 2, 0, '2017-02-15 00:00:00', '2017-07-02 23:50:01'),
(91, 78, 163, 1, '30 DIAS', 7, '171.20', '159.22', 2, 0, '2017-02-15 00:00:00', '2017-08-27 20:08:52'),
(92, 79, 165, 1, '30 DIAS', 7, '380.92', '354.26', 2, 0, '2017-02-16 00:00:00', '2017-08-06 23:00:00'),
(93, 80, 166, 8, 'CONTADO', 7, '149.80', '139.31', 2, 0, '2017-02-16 00:00:00', '2017-06-11 16:43:36'),
(94, 81, 168, 1, '30 DIAS', 7, '594.92', '553.28', 2, 0, '2017-02-18 00:00:00', '2017-08-06 23:00:00'),
(95, 82, 169, 1, '30 DIAS', 7, '594.92', '553.28', 2, 0, '2017-03-01 00:00:00', '2017-08-06 23:00:00'),
(96, 83, 171, 1, '30 DIAS', 7, '594.92', '553.28', 2, 0, '2017-03-01 00:00:00', '2017-08-27 20:08:52'),
(97, 84, 172, 2, '30 DIAS', 7, '1326.80', '1233.92', 2, 119, '2017-03-01 00:00:00', '2017-10-26 01:05:20'),
(98, 85, 174, 2, '30 DIAS', 7, '171.20', '159.22', 2, 120, '2017-03-01 00:00:00', '2017-10-26 01:05:20'),
(99, 86, 175, 2, '30 DIAS', 7, '304.95', '283.60', 2, 121, '2017-03-01 00:00:00', '2017-10-26 01:05:20'),
(100, 87, 176, 7, '30 DIAS', 7, '148.73', '138.32', 2, 0, '2017-03-01 00:00:00', '2017-06-11 16:44:32'),
(101, 88, 181, 2, '30 DIAS', 7, '383.06', '356.25', 2, 123, '2017-03-07 00:00:00', '2017-10-26 01:05:20'),
(102, 89, 187, 1, '30 DIAS', 7, '297.46', '276.64', 2, 0, '2017-03-07 00:00:00', '2017-08-27 20:08:52'),
(103, 90, 188, 1, '30 DIAS', 7, '594.92', '553.28', 2, 0, '2017-03-12 00:00:00', '2017-08-27 20:08:52'),
(104, 91, 189, 3, '30 DIAS', 7, '508.25', '472.67', 2, 0, '2017-03-12 00:00:00', '2017-07-30 17:32:09'),
(105, 92, 190, 1, '30 DIAS', 7, '869.91', '809.02', 2, 0, '2017-03-14 00:00:00', '2017-08-27 20:08:52'),
(106, 93, 191, 4, '30 DIAS', 7, '297.46', '276.64', 2, 0, '2017-03-14 00:00:00', '2017-06-11 16:45:16'),
(107, 94, 192, 3, '30 DIAS', 7, '1071.07', '996.10', 2, 0, '2017-03-15 00:00:00', '2017-07-30 17:32:09'),
(108, 95, 193, 1, '30 DIAS', 7, '952.30', '885.64', 2, 0, '2017-03-20 00:00:00', '2017-08-27 20:08:52'),
(109, 96, 195, 1, '30 DIAS', 7, '1063.58', '989.13', 2, 0, '2017-03-20 00:00:00', '2017-08-27 20:08:52'),
(110, 97, 196, 3, '30 DIAS', 7, '383.06', '356.25', 2, 0, '2017-03-20 00:00:00', '2017-07-30 17:32:09'),
(111, 98, 197, 1, '30 DIAS', 7, '476.15', '442.82', 2, 0, '2017-03-29 00:00:00', '2017-08-27 20:08:52'),
(114, 101, 200, 3, '30 DIAS', 7, '590.64', '549.30', 2, 0, '2017-03-29 00:00:00', '2017-07-30 17:32:09'),
(115, 102, 201, 1, '30 DIAS', 7, '446.19', '414.96', 2, 136, '2017-03-29 00:00:00', '2017-09-25 18:44:17'),
(117, 103, 167, 8, 'CONTADO', 7, '149.80', '139.31', 2, 0, '2017-03-29 00:00:00', '2017-06-11 16:43:36'),
(118, 104, 203, 6, '30 DIAS', 7, '802.50', '746.33', 2, 0, '2017-04-02 00:00:00', '2017-06-11 16:08:35'),
(119, 105, 202, 1, '30 DIAS', 7, '460.10', '427.89', 2, 139, '2017-04-02 00:00:00', '2017-09-25 18:44:17'),
(120, 106, 204, 3, '30 DIAS', 7, '449.40', '417.94', 2, 140, '2017-04-02 00:00:00', '2017-09-04 00:23:11'),
(121, 107, 205, 3, '30 DIAS', 7, '952.30', '885.64', 2, 141, '2017-04-04 00:00:00', '2017-09-18 23:19:01'),
(122, 108, 207, 6, '30 DIAS', 7, '952.30', '885.64', 2, 0, '2017-04-04 00:00:00', '2017-09-04 00:22:24'),
(123, 100, 199, 1, '30 DIAS', 7, '285.69', '265.69', 2, 143, '2017-04-16 00:00:00', '2017-09-25 18:44:17'),
(124, 109, 208, 4, '30 DIAS', 7, '297.46', '276.64', 2, 144, '2017-04-16 00:00:00', '2017-09-04 00:20:39'),
(125, 110, 210, 7, '30 DIAS', 7, '95.23', '88.56', 2, 145, '2017-04-16 00:00:00', '2017-09-04 00:20:35'),
(126, 111, 211, 3, '30 DIAS', 7, '571.38', '531.38', 2, 146, '2017-04-16 00:00:00', '2017-09-18 23:19:01'),
(127, 112, 215, 1, '30 DIAS', 7, '1273.30', '1184.17', 2, 148, '2017-04-16 00:00:00', '2017-09-25 18:44:17'),
(128, 113, 217, 1, '30 DIAS', 7, '1463.76', '1361.30', 2, 149, '2017-04-23 00:00:00', '2017-09-25 18:44:17'),
(129, 114, 218, 8, '30 DIAS', 7, '149.80', '139.31', 2, 150, '2017-04-23 00:00:00', '2017-09-04 00:19:42'),
(130, 115, 219, 8, '30 DIAS', 7, '374.50', '348.29', 2, 152, '2017-04-23 00:00:00', '2017-09-04 00:19:34'),
(131, 116, 220, 3, '30 DIAS', 7, '380.92', '354.26', 2, 153, '2017-04-26 00:00:00', '2017-09-18 23:19:01'),
(133, 117, 222, 8, '30 DIAS', 7, '374.50', '348.29', 2, 154, '2017-05-03 00:00:00', '2017-09-04 00:19:17'),
(134, 118, 221, 3, '30 DIAS', 7, '571.38', '531.38', 2, 155, '2017-05-03 00:00:00', '2017-09-18 23:19:01'),
(135, 119, 223, 7, '30 DIAS', 7, '285.69', '265.69', 2, 156, '2017-05-17 00:00:00', '2017-09-04 00:18:58'),
(136, 120, 224, 3, '30 DIAS', 7, '571.38', '531.38', 2, 157, '2017-05-17 00:00:00', '2017-10-26 00:47:23'),
(137, 121, 226, 3, '30 DIAS', 7, '74.90', '69.66', 2, 158, '2017-05-17 00:00:00', '2017-10-26 00:47:23'),
(138, 122, 227, 3, '30 DIAS', 7, '571.38', '531.38', 2, 159, '2017-05-17 00:00:00', '2017-10-26 00:47:23'),
(139, 123, 228, 3, '30 DIAS', 7, '476.15', '442.82', 2, 161, '2017-05-17 00:00:00', '2017-10-26 00:47:23'),
(140, 124, 229, 6, '30 DIAS', 7, '1016.50', '945.35', 2, 162, '2017-05-17 00:00:00', '2017-09-04 00:18:01'),
(141, 125, 230, 1, '30 DIAS', 7, '101.65', '94.53', 2, 163, '2017-05-17 00:00:00', '2017-09-25 18:44:17'),
(142, 126, 232, 3, '30 DIAS', 7, '508.25', '472.67', 2, 164, '2017-05-27 20:52:08', '2017-10-26 00:47:23'),
(143, 127, 233, 8, '30 DIAS', 7, '74.90', '69.66', 2, 165, '2017-05-27 20:52:43', '2017-09-04 00:17:43'),
(144, 128, 231, 3, '30 DIAS', 7, '203.30', '189.07', 2, 166, '2017-05-27 20:53:00', '2017-10-26 00:47:23'),
(145, 129, 234, 3, '30 DIAS', 7, '609.90', '567.21', 2, 167, '2017-05-30 11:15:42', '2017-10-26 00:47:23'),
(146, 130, 235, 3, '30 DIAS', 7, '609.90', '567.21', 2, 168, '2017-06-06 02:03:55', '2017-12-04 10:23:38'),
(147, 131, 236, 6, '30 DIAS', 7, '374.50', '348.29', 2, 169, '2017-06-06 02:11:51', '2017-09-15 01:57:58'),
(148, 132, 237, 6, '30 DIAS', 7, '179.76', '167.18', 2, 170, '2017-06-06 02:14:39', '2017-09-15 01:57:58'),
(149, 133, 242, 6, '30 DIAS', 7, '1016.50', '945.35', 2, 171, '2017-06-09 01:31:34', '2017-09-15 01:57:58'),
(151, 134, 244, 9, '30 DIAS', 7, '117.70', '109.46', 2, 172, '2017-06-09 01:36:38', '2018-02-14 15:58:35'),
(153, 135, 248, 8, '30 DIAS', 7, '449.40', '417.94', 2, 173, '2017-06-11 15:20:13', '2018-03-09 22:41:38'),
(154, 136, 249, 6, '30 DIAS', 7, '214.00', '199.02', 2, 174, '2017-06-11 15:24:21', '2017-09-04 00:16:21'),
(155, 137, 250, 2, '30 DIAS', 7, '222.56', '206.98', 2, 176, '2017-06-11 15:27:27', '2017-10-26 01:05:20'),
(156, 200, 251, 1, '30 DIAS', 7, '190.46', '177.13', 2, 175, '2017-06-11 15:32:24', '2017-09-25 18:44:17'),
(160, 203, 259, 3, '30 DIAS', 7, '609.90', '567.21', 2, 177, '2017-06-18 02:48:12', '2017-12-04 10:23:38'),
(161, 204, 260, 3, '30 DIAS', 7, '727.60', '676.67', 2, 178, '2017-06-18 02:58:16', '2017-12-04 10:23:38'),
(162, 205, 261, 4, 'CONTADO', 7, '5443.04', '5062.03', 2, 182, '2017-06-19 02:37:13', '2017-09-04 00:15:15'),
(163, 206, 262, 3, '30 DIAS', 7, '609.90', '567.21', 2, 183, '2017-07-02 22:30:38', '2017-12-04 10:23:38'),
(164, 207, 263, 1, '30 DIAS', 7, '181.90', '169.17', 2, 184, '2017-07-02 22:32:21', '2017-09-25 18:44:17'),
(165, 208, 264, 6, '30 DIAS', 7, '674.10', '626.91', 2, 185, '2017-07-02 22:35:03', '2017-09-04 00:14:37'),
(166, 209, 267, 6, '30 DIAS', 7, '1219.80', '1134.41', 2, 186, '2017-07-02 22:36:58', '2017-09-04 00:14:32'),
(167, 210, 268, 6, '30 DIAS', 7, '235.40', '218.92', 2, 187, '2017-07-02 22:39:07', '2017-09-04 00:14:28'),
(168, 211, 269, 3, '30 DIAS', 7, '380.92', '354.26', 2, 188, '2017-07-02 22:40:58', '2017-12-04 10:23:38'),
(169, 212, 270, 6, '30 DIAS', 7, '214.00', '199.02', 2, 189, '2017-07-02 22:47:44', '2017-09-04 00:14:21'),
(170, 213, 271, 3, 'CONTADO', 7, '3948.30', '3671.92', 2, 0, '2017-07-02 22:52:04', '2017-07-09 22:24:09'),
(171, 214, 272, 4, '30 DIAS', 7, '73.83', '68.66', 2, 191, '2017-07-06 00:28:13', '2017-09-04 00:14:07'),
(172, 215, 273, 6, '30 DIAS', 7, '1142.76', '1062.77', 2, 193, '2017-07-06 00:29:17', '2017-09-04 00:13:54'),
(173, 216, 274, 3, '30 DIAS', 7, '609.90', '567.21', 2, 192, '2017-07-06 00:36:22', '2017-12-04 10:23:38'),
(175, 217, 275, 3, '30 DIAS', 7, '214.00', '199.02', 2, 194, '2017-07-06 00:47:10', '2018-01-11 01:26:10'),
(176, 218, 276, 3, '30 DIAS', 7, '321.00', '298.53', 2, 195, '2017-07-06 00:47:54', '2018-01-11 01:26:10'),
(177, 219, 277, 2, '30 DIAS', 7, '171.20', '159.22', 2, 196, '2017-07-09 22:47:26', '2017-10-26 01:05:20'),
(178, 220, 278, 6, '30 DIAS', 7, '761.84', '708.51', 2, 197, '2017-07-09 22:48:05', '2017-09-04 00:13:05'),
(179, 221, 279, 1, '30 DIAS', 7, '766.12', '712.49', 2, 198, '2017-07-09 22:56:55', '2017-10-26 00:42:02'),
(180, 222, 280, 2, '30 DIAS', 7, '383.06', '356.25', 2, 199, '2017-07-09 22:57:33', '2018-01-05 14:24:45'),
(181, 223, 281, 4, '30 DIAS', 7, '1990.20', '1850.89', 2, 201, '2017-07-09 22:59:40', '2017-09-04 00:11:28'),
(182, 224, 283, 6, '30 DIAS', 7, '1219.80', '1134.41', 2, 202, '2017-07-12 01:08:51', '2017-09-04 00:11:24'),
(183, 225, 284, 2, '30 DIAS', 7, '304.95', '283.60', 2, 203, '2017-07-12 01:11:41', '2018-01-05 14:24:45'),
(184, 226, 285, 6, '30 DIAS', 7, '813.20', '756.28', 2, 204, '2017-07-12 01:13:21', '2017-09-04 00:10:53'),
(185, 227, 286, 6, '30 DIAS', 7, '1016.50', '945.35', 2, 205, '2017-07-13 23:07:02', '2017-09-04 00:10:42'),
(186, 228, 287, 1, '30 DIAS', 7, '171.20', '159.22', 2, 206, '2017-07-16 13:17:36', '2017-12-20 21:42:05'),
(187, 229, 288, 3, '30 DIAS', 7, '571.38', '531.38', 2, 207, '2017-07-16 13:19:51', '2018-01-11 01:26:10'),
(188, 230, 291, 2, '30 DIAS', 7, '285.69', '265.69', 2, 208, '2017-07-16 13:29:19', '2018-01-05 14:24:45'),
(189, 231, 292, 6, '30 DIAS', 7, '761.84', '708.51', 2, 209, '2017-07-16 13:33:40', '2017-09-04 00:10:18'),
(190, 232, 293, 1, '30 DIAS', 7, '2688.91', '2500.69', 2, 210, '2017-07-16 13:35:05', '2017-12-20 21:42:05'),
(191, 233, 289, 2, '30 DIAS', 7, '190.46', '177.13', 2, 211, '2017-07-16 23:45:39', '2018-01-05 14:24:45'),
(192, 234, 296, 4, '30 DíAS', 7, '745.79', '693.58', 2, 212, '2017-07-18 23:13:41', '2017-09-04 00:10:04'),
(193, 235, 297, 1, '30 DíAS', 7, '1840.40', '1711.57', 2, 213, '2017-07-23 19:21:35', '2017-10-26 00:42:02'),
(194, 236, 298, 3, '30 DíAS', 7, '952.30', '885.64', 2, 214, '2017-07-23 19:25:42', '2018-01-11 01:26:10'),
(195, 237, 299, 6, '30 DíAS', 7, '952.30', '885.64', 2, 215, '2017-07-23 19:29:25', '2017-09-04 00:09:23'),
(196, 238, 300, 2, '30 DIAS', 7, '342.40', '318.43', 2, 216, '2017-07-23 19:31:19', '2018-01-05 14:24:45'),
(197, 239, 304, 1, '30 DIAS', 7, '2444.95', '2273.80', 2, 218, '2017-07-23 19:33:48', '2017-10-26 00:42:02'),
(198, 240, 305, 6, '30 DIAS', 7, '952.30', '885.64', 2, 219, '2017-07-30 18:12:05', '2017-09-18 23:34:46'),
(200, 241, 309, 3, '30 DIAS', 7, '857.07', '797.08', 2, 220, '2017-08-06 20:42:11', '2018-03-05 23:46:14'),
(201, 242, 310, 6, '30 DIAS', 7, '666.61', '619.95', 2, 221, '2017-08-06 20:46:16', '2017-12-04 10:50:24'),
(202, 243, 311, 1, '30 DIAS', 7, '1636.03', '1521.51', 2, 222, '2017-08-06 20:50:41', '2017-12-20 21:42:05'),
(203, 244, 312, 12, 'CONTADO', 0, '823.00', '823.00', 2, 0, '2017-08-06 20:52:54', '2017-08-06 22:36:28'),
(204, 245, 313, 3, '30 DIAS', 7, '1084.98', '1009.03', 2, 223, '2017-08-06 20:53:53', '2018-03-05 23:46:14'),
(206, 246, 314, 1, '30 DIAS', 7, '743.65', '691.59', 2, 224, '2017-08-08 23:11:41', '2018-01-23 00:14:43'),
(207, 247, 315, 1, '30 DIAS', 7, '690.15', '641.84', 2, 225, '2017-08-10 00:24:12', '2017-12-20 21:42:05'),
(208, 248, 316, 1, '30 DIAS', 7, '1189.84', '1106.55', 2, 226, '2017-08-10 00:25:37', '2018-01-23 00:14:43'),
(209, 249, 317, 14, '30 DIAS', 7, '276.06', '256.74', 2, 227, '2017-08-10 00:46:13', '2018-02-21 01:04:56'),
(210, 250, 318, 4, '30 DIAS', 7, '342.40', '318.43', 2, 228, '2017-08-10 10:00:30', '2017-09-18 23:28:57'),
(211, 251, 319, 2, '30 DIAS', 7, '191.53', '178.12', 2, 229, '2017-08-13 14:34:22', '2018-01-05 14:24:45'),
(212, 252, 320, 1, '30 DIAS', 7, '892.38', '829.91', 2, 230, '2017-08-13 14:35:04', '2018-01-23 00:14:43'),
(213, 253, 321, 13, 'CONTADO', 0, '1030.00', '1030.00', 2, 0, '2017-08-13 16:12:55', '2018-02-23 00:44:08'),
(217, 254, 322, 13, 'CONTADO', 0, '165.00', '165.00', 2, 0, '2017-08-13 16:18:14', '2018-05-31 23:43:11'),
(218, 255, 323, 13, 'CONTADO', 0, '300.00', '300.00', 2, 0, '2017-08-13 16:19:15', '2018-02-23 00:44:08'),
(219, 256, 325, 2, '30 DIAS', 7, '191.53', '178.12', 2, 231, '2017-08-27 17:19:34', '2018-01-05 14:24:45'),
(220, 257, 326, 1, '30 DIAS', 7, '446.19', '414.96', 2, 232, '2017-08-27 17:20:47', '2018-01-23 00:14:43'),
(222, 258, 327, 8, '30 DIAS', 7, '90.95', '84.58', 2, 233, '2017-08-27 17:24:19', '2018-03-09 22:41:38'),
(223, 259, 328, 2, '30 DIAS', 7, '191.53', '178.12', 2, 234, '2017-08-27 17:26:03', '2018-01-05 14:24:45'),
(224, 260, 329, 3, '30 DIAS', 7, '656.98', '610.99', 2, 235, '2017-09-03 23:23:52', '2018-03-05 23:46:14'),
(225, 261, 330, 1, '30 DIAS', 7, '766.12', '712.49', 2, 236, '2017-09-03 23:24:42', '2018-01-23 00:14:43'),
(226, 262, 331, 1, '30 DIAS', 7, '1189.84', '1106.55', 2, 237, '2017-09-03 23:29:16', '2018-02-14 15:26:43'),
(228, 263, 332, 4, '30 DIAS', 7, '297.46', '276.64', 2, 238, '2017-09-03 23:29:56', '2018-01-17 15:35:40'),
(229, 264, 333, 3, '30 DIAS', 7, '331.70', '308.48', 2, 240, '2017-09-03 23:30:45', '2018-05-01 10:13:16'),
(230, 265, 334, 3, '30 DIAS', 7, '355.24', '330.37', 2, 241, '2017-09-03 23:31:19', '2018-03-05 23:46:14'),
(233, 267, 337, 2, '30 DIAS', 7, '383.06', '356.25', 2, 243, '2017-09-14 00:36:50', '2018-01-05 14:24:45'),
(234, 268, 335, 2, '30 DIAS', 7, '191.53', '178.12', 2, 244, '2017-09-14 00:38:30', '2018-01-05 14:24:45'),
(235, 269, 339, 2, '30 DIAS', 7, '342.40', '318.43', 2, 245, '2017-09-14 00:41:25', '2018-01-05 14:24:45'),
(236, 270, 340, 2, '30 DIAS', 7, '513.60', '477.65', 2, 246, '2017-09-14 00:42:16', '2018-01-05 14:27:44'),
(237, 271, 341, 1, '30 DIAS', 7, '1403.84', '1305.57', 2, 247, '2017-09-14 00:44:00', '2018-02-14 15:26:43'),
(238, 272, 342, 1, '30 DIAS', 7, '2127.16', '1978.26', 2, 242, '2017-09-14 00:58:19', '2018-02-14 15:26:43'),
(239, 273, 343, 3, '30 DIAS', 7, '513.60', '477.65', 2, 248, '2017-09-15 01:18:14', '2018-05-01 10:13:16'),
(240, 274, 338, 2, '30 DIAS', 7, '191.53', '178.12', 2, 249, '2017-09-15 01:25:30', '2018-01-05 14:27:44'),
(241, 275, 344, 2, '30 DIAS', 7, '140.60', '130.76', 2, 250, '2017-09-15 01:26:47', '2018-01-05 14:27:44'),
(242, 276, 345, 1, '30 DIAS', 7, '574.59', '534.37', 2, 251, '2017-09-24 15:33:11', '2018-03-09 22:43:55'),
(243, 277, 346, 1, '30 DIAS', 7, '342.40', '318.43', 2, 252, '2017-09-24 15:34:32', '2018-02-14 15:26:43'),
(244, 278, 348, 3, '30 DIAS', 7, '445.12', '413.96', 2, 253, '2017-09-25 23:17:01', '2018-05-01 10:13:16'),
(245, 279, 349, 1, '30 DIAS', 7, '191.53', '178.12', 2, 254, '2017-10-04 01:29:40', '2018-03-09 22:43:55'),
(246, 280, 351, 1, '30 DIAS', 7, '1020.78', '949.33', 2, 255, '2017-10-04 01:32:08', '2018-03-09 22:43:55'),
(248, 281, 352, 2, '30 DIAS', 7, '383.06', '356.25', 2, 256, '2017-10-05 19:23:56', '2018-01-05 14:27:44'),
(249, 282, 353, 1, '30 DIAS', 7, '766.12', '712.49', 2, 257, '2017-10-05 19:25:50', '2018-03-09 22:43:55'),
(250, 283, 354, 1, '30 DIAS', 7, '383.06', '356.25', 2, 258, '2017-10-05 19:27:17', '2018-03-09 22:43:55'),
(251, 284, 358, 2, '30 DIAS', 7, '2669.65', '2482.77', 2, 259, '2017-10-10 01:39:04', '2018-01-05 14:27:44'),
(252, 285, 347, 1, '30 DIAS', 7, '1177.00', '1094.61', 2, 260, '2017-10-30 13:03:29', '2018-03-09 22:43:55'),
(253, 286, 360, 1, '30 DIAS', 7, '802.50', '746.33', 2, 261, '2017-10-30 13:07:09', '2018-03-09 22:43:55'),
(254, 287, 359, 1, '30 DIAS', 7, '743.65', '691.59', 2, 262, '2017-10-30 13:50:42', '2018-03-09 22:43:55'),
(255, 288, 361, 2, '30 DIAS', 7, '267.50', '248.78', 2, 263, '2017-12-04 09:48:36', '2018-02-04 19:14:11'),
(256, 289, 363, 2, '30 DIAS', 7, '2054.40', '1910.59', 2, 264, '2017-12-04 09:50:41', '2018-03-22 09:23:01'),
(257, 290, 365, 1, '30 DIAS', 7, '743.65', '691.59', 2, 265, '2017-12-04 09:51:58', '2018-03-09 22:43:55'),
(258, 291, 366, 2, '30 DIAS', 7, '80.25', '74.63', 2, 266, '2017-12-04 09:52:58', '2018-03-22 09:23:01'),
(259, 292, 367, 3, '30 DIAS', 7, '62.06', '57.72', 2, 267, '2017-12-18 23:57:51', '2018-05-01 10:13:16'),
(260, 293, 368, 1, '30 DIAS', 7, '2467.42', '2294.70', 2, 268, '2017-12-19 00:00:31', '2018-04-11 20:54:18'),
(261, 294, 369, 3, '30 DIAS', 7, '984.40', '915.49', 2, 269, '2017-12-19 00:03:05', '2018-05-01 10:13:16'),
(262, 295, 370, 3, '30 DIAS', 7, '1016.50', '945.35', 2, 270, '2017-12-19 00:08:27', '2018-05-31 20:48:56'),
(263, 296, 371, 1, '30 DIAS', 7, '2681.42', '2493.72', 2, 272, '2017-12-19 00:11:46', '2018-04-11 20:54:18'),
(265, 297, 372, 2, '30 DIAS', 7, '171.20', '159.22', 2, 273, '2017-12-19 00:15:38', '2018-03-22 09:23:01'),
(266, 298, 377, 2, '30 DIAS', 7, '342.40', '318.43', 2, 274, '2017-12-19 00:20:28', '2018-03-22 09:23:01'),
(267, 299, 378, 2, '30 DIAS', 7, '574.59', '534.37', 2, 275, '2017-12-19 00:24:51', '2018-03-22 09:23:01'),
(268, 300, 379, 1, '30 DIAS', 7, '609.90', '567.21', 2, 276, '2017-12-19 00:28:37', '2018-04-11 20:54:18'),
(269, 301, 380, 1, '30 DIAS', 7, '123.05', '114.44', 2, 277, '2017-12-19 00:34:15', '2018-04-11 20:54:18'),
(270, 302, 381, 3, '30 DIAS', 7, '1251.90', '1164.27', 2, 278, '2017-12-19 00:37:56', '2018-05-31 20:48:56'),
(271, 303, 382, 2, '30 DIAS', 7, '203.30', '189.07', 2, 279, '2017-12-20 21:28:48', '2018-03-22 09:23:01'),
(272, 304, 383, 1, '30 DIAS', 7, '1118.15', '1039.88', 2, 280, '2017-12-20 21:29:30', '2018-04-11 20:54:18'),
(273, 305, 384, 1, '30 DIAS', 7, '123.05', '114.44', 2, 281, '2017-12-20 21:35:39', '2018-04-11 20:54:18'),
(274, 306, 385, 4, '30 DIAS', 7, '191.53', '178.12', 2, 283, '2017-12-22 00:20:42', '2018-03-05 23:47:52'),
(275, 307, 386, 2, '30 DIAS', 7, '896.66', '833.89', 2, 284, '2018-01-05 12:38:51', '2018-03-22 09:23:01'),
(276, 308, 387, 2, '30 DIAS', 7, '203.30', '189.07', 2, 285, '2018-01-05 12:40:44', '2018-03-22 09:23:01'),
(277, 309, 388, 1, '30 DIAS', 7, '1149.18', '1068.74', 2, 286, '2018-01-05 12:42:13', '2018-05-17 17:36:42'),
(278, 310, 390, 1, '30 DIAS', 7, '920.20', '855.79', 2, 287, '2018-01-05 12:43:29', '2018-05-17 17:36:42'),
(279, 311, 391, 2, '30 DIAS', 7, '1027.20', '955.30', 2, 288, '2018-01-05 12:44:47', '2018-04-24 00:25:50'),
(280, 312, 392, 2, '30 DIAS', 7, '1219.80', '1134.41', 2, 289, '2018-01-05 12:45:40', '2018-04-24 00:25:50'),
(281, 313, 393, 1, '30 DIAS', 7, '1348.20', '1253.83', 2, 291, '2018-01-05 12:46:32', '2018-05-17 17:36:42'),
(282, 314, 394, 1, '30 DIAS', 7, '1466.97', '1364.28', 2, 292, '2018-01-14 16:37:10', '2018-05-17 17:36:42'),
(283, 315, 395, 1, '30 DIAS', 7, '383.06', '356.25', 2, 293, '2018-01-14 16:38:50', '2018-05-17 17:36:42'),
(284, 316, 396, 1, '30 DIAS', 7, '2839.78', '2641.00', 2, 294, '2018-01-14 16:39:30', '2018-05-17 17:36:42'),
(285, 317, 397, 4, '30 DIAS', 7, '1149.18', '1068.74', 2, 295, '2018-01-14 16:40:50', '2018-03-05 23:47:52'),
(286, 318, 399, 1, '30 DIAS', 7, '743.65', '691.59', 2, 296, '2018-01-14 16:41:31', '2018-05-17 17:36:42'),
(289, 321, 402, 1, '30 DIAS', 7, '711.55', '661.74', 2, 299, '2018-01-14 16:45:01', '2018-05-17 17:36:42'),
(290, 322, 403, 1, '30 DIAS', 7, '58.85', '54.73', 2, 303, '2018-01-16 23:23:14', '2018-05-17 17:36:42'),
(291, 323, 404, 3, '30 DIAS', 7, '124.12', '115.43', 2, 300, '2018-01-16 23:23:57', '2018-05-31 20:48:56'),
(292, 324, 405, 2, '30 DIAS', 7, '574.59', '534.37', 2, 301, '2018-01-16 23:24:55', '2018-04-24 00:25:50'),
(293, 325, 406, 4, '30 DIAS', 7, '637.72', '593.08', 2, 302, '2018-01-16 23:26:14', '2018-03-05 23:47:52'),
(294, 326, 407, 3, '30 DIAS', 7, '1016.50', '945.35', 2, 304, '2018-01-16 23:27:09', '2018-07-25 22:39:47'),
(295, 327, 408, 2, '30 DIAS', 7, '513.60', '477.65', 2, 305, '2018-01-23 00:02:27', '2018-04-24 00:25:50'),
(296, 328, 409, 3, '30 DIAS', 7, '513.60', '477.65', 2, 306, '2018-01-23 00:04:48', '2018-07-25 22:39:47'),
(297, 329, 410, 1, '30 DIAS', 7, '987.61', '918.48', 2, 307, '2018-01-25 23:59:19', '2018-05-27 17:43:19'),
(298, 330, 413, 1, '30 DIAS', 7, '171.20', '159.22', 2, 308, '2018-01-26 00:00:02', '2018-05-17 17:36:42'),
(300, 331, 401, 4, '30 DIAS', 7, '1743.03', '1621.02', 2, 309, '2018-01-26 15:18:05', '2018-03-05 23:47:52'),
(301, 332, 412, 3, '30 DIAS', 7, '850.65', '791.10', 2, 310, '2018-02-03 13:06:29', '2018-07-25 22:39:47'),
(302, 333, 415, 1, '30 DIAS', 7, '342.40', '318.43', 2, 311, '2018-02-03 13:07:09', '2018-05-17 17:36:42'),
(303, 334, 416, 1, '30 DIAS', 7, '693.36', '644.82', 2, 312, '2018-02-03 13:11:30', '2018-05-27 17:43:19'),
(304, 335, 417, 3, '30 DIAS', 7, '2096.13', '1949.40', 2, 313, '2018-02-03 13:16:01', '2018-09-09 20:27:09'),
(305, 336, 418, 1, '30 DIAS', 7, '631.30', '587.11', 2, 314, '2018-02-14 14:01:30', '2018-05-27 17:43:19'),
(306, 337, 420, 3, '30 DIAS', 7, '321.00', '298.53', 2, 315, '2018-02-14 14:05:13', '2018-09-09 20:27:09'),
(307, 338, 421, 3, '30 DIAS', 7, '107.00', '99.51', 2, 316, '2018-02-14 14:12:23', '2018-09-09 20:27:09'),
(308, 339, 426, 15, 'CONTADO', 0, '95.00', '95.00', 2, 0, '2018-02-22 00:10:50', '2018-03-03 16:39:07'),
(309, 340, 422, 1, '30 DIAS', 7, '171.20', '159.22', 2, 317, '2018-02-22 23:46:23', '2018-05-27 17:43:19'),
(310, 341, 423, 3, '30 DIAS', 7, '191.53', '178.12', 2, 318, '2018-02-22 23:49:25', '2018-10-25 22:47:07'),
(311, 342, 424, 2, '30 DIAS', 7, '865.63', '805.04', 2, 319, '2018-02-22 23:51:12', '2018-04-24 00:25:50'),
(312, 343, 425, 1, '30 DIAS', 7, '1338.57', '1244.87', 2, 320, '2018-02-22 23:53:10', '2018-05-27 17:43:19'),
(313, 344, 427, 8, '30 DIAS', 7, '414.84', '385.80', 2, 321, '2018-02-22 23:56:49', '2018-04-19 09:33:47'),
(314, 345, 428, 1, '30 DIAS', 7, '2683.56', '2495.71', 2, 322, '2018-02-22 23:58:12', '2018-05-27 17:43:19'),
(315, 346, 429, 3, '30 DIAS', 7, '1016.50', '945.35', 2, 323, '2018-02-23 14:23:32', '2018-10-25 22:47:07'),
(316, 347, 430, 1, '30 DIAS', 7, '2890.07', '2687.77', 2, 324, '2018-02-23 14:43:39', '2018-06-09 11:14:51'),
(317, 348, 431, 1, '30 DIAS', 7, '2041.56', '1898.65', 2, 326, '2018-02-27 10:45:26', '2018-05-27 17:43:19'),
(318, 349, 432, 3, '30 DIAS', 7, '513.60', '477.65', 2, 327, '2018-02-27 10:47:53', '2018-10-25 22:47:07'),
(319, 350, 433, 1, '30 DIAS', 7, '1605.00', '1492.65', 2, 328, '2018-03-01 00:43:26', '2018-05-27 17:43:19'),
(320, 351, 434, 3, '30 DIAS', 7, '1016.50', '945.35', 2, 329, '2018-03-01 00:44:25', '2018-10-25 22:47:07'),
(321, 352, 435, 2, '30 DIAS', 7, '609.90', '567.21', 2, 331, '2018-03-01 00:46:09', '2018-07-02 10:20:03'),
(322, 353, 436, 1, '30 DIAS', 7, '736.16', '684.63', 2, 332, '2018-03-03 14:27:58', '2018-06-09 11:14:51'),
(323, 354, 437, 16, 'CONTADO', 7, '668.86', '622.04', 2, 333, '2018-03-03 14:28:46', '2018-03-05 23:49:53'),
(324, 355, 438, 1, '30 DIAS', 7, '2318.69', '2156.38', 2, 334, '2018-03-03 14:29:42', '2018-06-09 11:14:51'),
(325, 356, 439, 2, '30 DIAS', 7, '140.60', '130.76', 2, 335, '2018-03-03 14:30:31', '2018-07-02 10:20:03'),
(326, 357, 447, 1, 'CONTADO', 7, '5136.00', '4776.48', 2, 336, '2018-03-09 10:54:05', '2018-03-25 15:29:30'),
(327, 358, 440, 1, '30 DíAS', 7, '2082.22', '1936.46', 2, 337, '2018-03-09 21:58:15', '2018-07-05 00:51:03'),
(328, 359, 441, 3, '30 DIAS', 7, '191.53', '178.12', 2, 338, '2018-03-09 22:04:07', '2019-01-27 18:54:19'),
(329, 360, 442, 2, '30 DIAS', 7, '342.40', '318.43', 2, 339, '2018-03-09 22:07:06', '2018-07-02 10:20:03'),
(330, 361, 443, 1, '30 DIAS', 7, '171.20', '159.22', 2, 340, '2018-03-09 22:10:47', '2018-06-09 11:14:51'),
(331, 362, 444, 1, '30 DIAS', 7, '957.65', '890.61', 2, 341, '2018-03-09 22:13:06', '2018-07-05 00:51:03'),
(332, 363, 445, 1, '30 DIAS', 7, '766.12', '712.49', 2, 343, '2018-03-09 22:15:39', '2018-06-09 11:14:51'),
(333, 364, 446, 2, '30 DIAS', 7, '702.99', '653.78', 2, 344, '2018-03-09 22:17:41', '2018-07-02 10:20:03'),
(334, 365, 448, 2, '30 DIAS', 7, '716.90', '666.72', 2, 345, '2018-03-15 02:24:31', '2018-07-02 10:20:03'),
(335, 366, 449, 1, '30 DIAS', 7, '766.12', '712.49', 2, 346, '2018-03-15 02:31:45', '2018-07-05 00:51:03'),
(336, 367, 450, 2, '30 DIAS', 7, '508.25', '472.67', 2, 347, '2018-03-15 02:33:24', '2018-07-02 10:20:03'),
(338, 368, 451, 1, '30 DIAS', 7, '1686.32', '1568.28', 2, 348, '2018-03-15 02:35:48', '2018-07-05 00:51:03'),
(339, 369, 452, 3, '30 DIAS', 7, '609.90', '567.21', 2, 349, '2018-03-15 02:37:28', '2019-01-27 18:54:19'),
(340, 370, 453, 1, '30 DIAS', 7, '766.12', '712.49', 2, 350, '2018-03-15 02:39:44', '2018-07-05 00:51:03'),
(341, 371, 454, 2, '30 DIAS', 7, '267.50', '248.78', 2, 351, '2018-03-15 02:41:02', '2018-07-02 10:20:03'),
(342, 372, 455, 17, '30 DIAS', 7, '230.05', '213.95', 2, 357, '2018-03-19 22:40:38', '2018-04-06 20:47:39'),
(343, 373, 456, 1, '30 DIAS', 7, '1315.03', '1222.98', 2, 352, '2018-03-19 22:41:06', '2018-07-05 00:51:03'),
(344, 374, 457, 2, '30 DIAS', 7, '1396.35', '1298.61', 2, 353, '2018-03-19 22:41:37', '2018-09-09 20:24:12'),
(345, 375, 459, 1, '30 DIAS', 7, '1745.17', '1623.01', 2, 354, '2018-03-19 22:43:34', '2018-07-19 01:13:49'),
(346, 376, 460, 1, '30 DIAS', 7, '841.02', '782.15', 2, 355, '2018-03-19 22:44:54', '2018-07-19 01:13:49'),
(348, 377, 464, 4, '30 DIAS', 7, '1743.03', '1621.02', 2, 356, '2018-03-21 15:39:49', '2018-05-06 15:09:10'),
(349, 378, 462, 1, '30 DIAS', 7, '743.65', '691.59', 2, 358, '2018-03-22 16:39:26', '2018-07-05 00:51:03'),
(350, 379, 463, 1, '30 DIAS', 7, '1318.24', '1225.96', 2, 359, '2018-03-22 16:40:53', '2018-07-19 01:13:49'),
(355, 384, 468, 16, 'CONTADO', 7, '90.95', '84.58', 2, 366, '2018-03-24 11:51:33', '2018-04-03 00:00:43'),
(356, 385, 469, 16, 'CONTADO', 7, '299.17', '278.23', 2, 367, '2018-03-24 11:53:25', '2018-04-03 00:00:36'),
(359, 386, 470, 1, '30 DIAS', 7, '766.12', '712.49', 2, 368, '2018-03-24 11:58:31', '2018-07-05 00:51:03'),
(360, 387, 471, 3, '30 DIAS', 7, '406.60', '378.14', 2, 369, '2018-04-02 23:39:24', '2019-01-27 18:54:19'),
(361, 388, 472, 2, '30 DIAS', 7, '400.18', '372.17', 2, 370, '2018-04-02 23:41:38', '2018-09-09 20:24:12'),
(362, 389, 474, 1, '30 DIAS', 7, '1475.53', '1372.24', 2, 371, '2018-04-02 23:42:45', '2018-07-19 01:13:49'),
(363, 390, 475, 1, '30 DIAS', 7, '1083.91', '1008.04', 2, 372, '2018-04-02 23:44:08', '2018-08-31 21:34:32'),
(364, 391, 476, 16, '30 DIAS', 7, '190.46', '177.13', 2, 373, '2018-04-02 23:45:20', '2018-04-06 20:51:29'),
(365, 392, 466, 4, '30 DIAS', 7, '160.50', '149.27', 2, 374, '2018-04-03 00:38:13', '2018-05-14 00:08:30'),
(366, 393, 467, 4, '30 DIAS', 7, '395.90', '368.19', 2, 375, '2018-04-03 00:39:34', '2018-05-14 00:08:30'),
(367, 394, 478, 6, '30 DIAS', 7, '383.06', '356.25', 2, 376, '2018-04-04 19:28:39', '2018-05-14 00:10:19'),
(368, 395, 477, 8, '30 DIAS', 7, '95.23', '88.56', 2, 377, '2018-04-06 20:07:51', '2018-05-31 11:58:43'),
(371, 396, 479, 1, '30 DIAS', 7, '266.43', '247.78', 2, 378, '2018-04-06 20:12:25', '2018-08-31 21:34:32'),
(372, 397, 480, 3, '30 DIAS', 7, '252.52', '234.84', 2, 379, '2018-04-06 20:17:55', '2019-01-27 18:54:19'),
(373, 398, 481, 8, '30 DIAS', 7, '149.59', '139.12', 2, 0, '2018-04-10 21:38:17', '2018-06-15 22:30:55'),
(374, 399, 482, 2, '30 DIAS', 7, '380.92', '354.26', 2, 380, '2018-04-12 22:51:00', '2018-09-09 20:24:12'),
(375, 400, 483, 3, '30 DIAS', 7, '823.90', '766.23', 2, 381, '2018-04-12 22:53:58', '2019-01-27 18:54:19'),
(376, 401, 484, 2, '30 DIAS', 7, '124.12', '115.43', 2, 382, '2018-04-12 22:55:27', '2018-09-09 20:24:12'),
(377, 402, 486, 4, '30 DIAS', 7, '1340.71', '1246.86', 2, 383, '2018-04-12 22:57:59', '2018-05-14 00:08:30'),
(378, 403, 487, 1, '30 DIAS', 7, '456.89', '424.91', 2, 384, '2018-04-12 22:59:18', '2018-08-31 21:34:32'),
(379, 404, 488, 6, '30 DIAS', 7, '315.65', '293.55', 2, 385, '2018-04-12 23:00:10', '2018-06-13 22:49:05'),
(380, 380, 465, 2, '30 DIAS', 7, '160.50', '149.27', 2, 363, '2018-03-22 23:44:56', '2018-09-09 20:24:12'),
(381, 405, 489, 1, '30 DIAS', 7, '406.60', '378.14', 2, 386, '2018-04-17 22:33:48', '2018-08-31 21:34:32'),
(382, 406, 492, 10, '30 DIAS', 7, '1016.50', '945.35', 2, 387, '2018-04-19 09:30:40', '2018-05-19 20:02:30'),
(383, 407, 491, 8, '30 DIAS', 7, '149.59', '139.12', 2, 388, '2018-04-19 09:32:29', '2018-06-15 22:30:55'),
(385, 408, 493, 1, '30 DIAS', 7, '892.38', '829.91', 2, 389, '2018-04-22 23:17:38', '2018-08-31 21:34:32'),
(386, 409, 494, 2, '30 DIAS', 7, '471.87', '438.84', 2, 390, '2018-04-22 23:18:18', '2018-11-13 22:59:20'),
(387, 410, 495, 1, '30 DIAS', 7, '743.65', '691.59', 2, 391, '2018-04-22 23:19:10', '2018-08-31 21:34:32'),
(388, 411, 496, 1, '30 DIAS', 7, '496.48', '461.73', 2, 392, '2018-04-24 00:12:50', '2018-08-31 21:34:32'),
(389, 412, 497, 2, '30 DIAS', 7, '574.59', '534.37', 2, 393, '2018-05-01 10:22:40', '2018-11-13 22:59:20'),
(390, 413, 498, 3, '30 DIAS', 7, '444.05', '412.97', 2, 394, '2018-05-01 10:27:05', '2019-01-27 18:54:19'),
(391, 414, 499, 3, '30 DIAS', 7, '267.50', '248.78', 2, 395, '2018-05-01 10:29:40', '2019-01-27 18:54:19'),
(392, 415, 500, 4, '30 DIAS', 7, '288.90', '268.68', 2, 396, '2018-05-01 10:32:59', '2018-07-05 00:41:32'),
(393, 416, 501, 6, '30 DIAS', 7, '282.48', '262.71', 2, 397, '2018-05-01 10:38:44', '2018-06-13 22:54:16'),
(396, 418, 503, 16, '30 DIAS', 7, '285.69', '265.69', 2, 399, '2018-05-01 10:45:58', '2018-05-14 22:16:17'),
(397, 419, 507, 1, '30 DIAS', 7, '523.23', '486.60', 2, 400, '2018-05-09 10:16:41', '2018-08-31 21:34:32'),
(398, 420, 508, 1, '30 DIAS', 7, '266.43', '247.78', 2, 401, '2018-05-09 10:18:42', '2018-08-31 21:34:32'),
(399, 421, 509, 2, '30 DIAS', 7, '543.56', '505.51', 2, 402, '2018-05-09 10:23:31', '2018-11-13 22:59:20'),
(400, 422, 510, 4, '30 DIAS', 7, '574.59', '534.37', 2, 403, '2018-05-09 10:26:39', '2018-07-05 00:41:32'),
(401, 423, 511, 3, '30 DIAS', 7, '656.98', '610.99', 1, 404, '2018-05-17 17:40:52', '2018-05-18 16:47:59'),
(402, 424, 512, 1, '30 DIAS', 7, '697.64', '648.81', 2, 405, '2018-05-17 17:41:23', '2018-10-10 09:35:00'),
(403, 425, 513, 4, '30 DIAS', 7, '551.05', '512.48', 2, 406, '2018-05-17 17:44:28', '2018-07-05 00:41:32'),
(404, 426, 514, 4, '30 DIAS', 7, '80.25', '74.63', 2, 407, '2018-05-17 17:46:51', '2018-07-05 00:41:32'),
(407, 427, 515, 13, 'CONTADO', 5, '556.50', '528.68', 2, 0, '2018-05-17 17:52:22', '2018-05-31 23:45:15'),
(408, 428, 516, 1, '30 DIAS', 7, '697.64', '648.81', 2, 408, '2018-05-18 16:47:25', '2018-10-10 09:35:00'),
(409, 429, 517, 4, '30 DIAS', 7, '766.12', '712.49', 2, 409, '2018-05-19 13:07:37', '2018-07-05 00:41:32'),
(410, 430, 518, 16, '30 DIAS', 7, '285.69', '265.69', 2, 410, '2018-05-21 16:24:05', '2018-06-01 00:48:23'),
(411, 431, 519, 16, '30 DIAS', 7, '591.28', '549.89', 2, 411, '2018-05-21 16:27:02', '2018-07-25 22:27:02'),
(413, 432, 522, 6, '30 DIAS', 7, '107.00', '99.51', 2, 412, '2018-05-27 17:46:57', '2018-07-02 17:40:36'),
(414, 433, 523, 6, '30 DIAS', 7, '383.06', '356.25', 2, 413, '2018-05-27 17:49:19', '2018-07-02 17:40:36'),
(416, 434, 524, 11, 'PAYPAL', 5, '493.50', '468.83', 2, 0, '2018-05-27 17:51:52', '2018-05-27 17:56:16'),
(417, 435, 525, 6, '30 DIAS', 7, '2086.50', '1940.45', 2, 414, '2018-05-27 17:53:33', '2018-07-02 17:38:57'),
(418, 436, 527, 6, '30 DIAS', 7, '214.00', '199.02', 2, 415, '2018-05-27 18:55:24', '2018-07-02 17:40:36'),
(419, 437, 528, 1, '30 DIAS', 7, '496.48', '461.73', 2, 417, '2018-05-30 00:11:59', '2018-10-10 09:35:00'),
(420, 438, 530, 8, '30 DIAS', 7, '149.59', '139.12', 2, 418, '2018-05-31 10:25:15', '2018-07-25 22:18:15'),
(421, 439, 529, 1, '30 DIAS', 7, '2092.92', '1946.42', 2, 419, '2018-06-03 23:15:01', '2018-10-10 09:35:00'),
(422, 440, 531, 19, 'CONTADO', 7, '192.60', '179.12', 2, 416, '2018-06-04 00:02:12', '2018-06-04 00:09:52'),
(424, 441, 532, 1, '30 DIAS', 7, '711.55', '661.74', 2, 420, '2018-06-05 10:23:18', '2018-10-10 09:35:00'),
(425, 442, 533, 2, '30 DIAS', 7, '937.32', '871.71', 2, 421, '2018-06-05 23:28:51', '2018-11-13 22:59:20'),
(426, 443, 534, 4, '30 DIAS', 7, '149.80', '139.31', 2, 422, '2018-06-05 23:30:51', '2018-07-25 01:16:27'),
(427, 444, 537, 2, '30 DIAS', 7, '73.72', '68.56', 2, 423, '2018-06-15 00:15:18', '2018-11-13 22:59:20'),
(428, 445, 538, 8, 'CONTADO', 7, '224.38', '208.67', 2, 0, '2018-06-15 22:30:00', '2018-08-09 22:18:34'),
(429, 446, 539, 4, '30 DIAS', 7, '383.06', '356.25', 2, 424, '2018-06-28 18:31:42', '2018-07-25 01:16:27'),
(431, 447, 540, 2, '30 DIAS', 7, '214.00', '199.02', 2, 425, '2018-06-28 18:36:45', '2018-11-13 22:59:20'),
(432, 448, 541, 1, '30 DIAS', 7, '174.41', '162.20', 2, 427, '2018-07-05 00:14:55', '2018-10-10 09:35:00'),
(433, 449, 542, 1, '30 DIAS', 7, '742.58', '690.60', 2, 428, '2018-07-05 00:15:58', '2018-10-10 09:35:00'),
(434, 450, 543, 2, '30 DIAS', 7, '468.66', '435.85', 2, 429, '2018-07-08 18:30:16', '2019-01-27 16:03:38'),
(435, 451, 544, 3, '30 DIAS', 7, '592.78', '551.29', 1, 432, '2018-07-15 13:01:04', '2018-07-15 13:35:52'),
(436, 452, 545, 1, '30 DIAS', 7, '1083.91', '1008.04', 2, 433, '2018-07-15 13:02:32', '2018-10-10 09:39:15'),
(437, 453, 546, 4, '30 DIAS', 7, '542.49', '504.52', 2, 434, '2018-07-15 13:04:40', '2018-09-09 20:51:56'),
(438, 454, 547, 3, '30 DIAS', 7, '301.74', '280.62', 1, 435, '2018-07-19 00:52:28', '2018-07-19 01:02:25'),
(439, 455, 548, 1, '30 DIAS', 7, '1652.08', '1536.43', 2, 436, '2018-07-19 00:53:15', '2018-10-10 09:39:16'),
(440, 456, 549, 16, '30 DIAS', 7, '224.38', '208.67', 2, 437, '2018-07-19 00:54:01', '2018-08-02 10:51:39'),
(441, 457, 551, 2, '30 DIAS', 7, '1123.50', '1044.86', 2, 438, '2018-07-24 22:03:57', '2019-01-27 16:03:38'),
(442, 458, 552, 1, '30 DIAS', 7, '684.80', '636.86', 2, 439, '2018-07-24 22:06:15', '2018-10-10 09:39:16'),
(443, 459, 553, 4, '30 DIAS', 7, '361.66', '336.34', 2, 443, '2018-07-24 22:07:40', '2018-09-09 20:51:56'),
(444, 460, 554, 11, '30 DIAS', 5, '403.20', '383.04', 2, 0, '2018-07-24 22:11:04', '2018-10-14 18:12:44'),
(445, 461, 555, 3, '30 DIAS', 7, '647.35', '602.04', 1, 440, '2018-07-24 22:22:12', '2018-07-25 01:21:12'),
(446, 462, 556, 1, '30 DIAS', 7, '149.80', '139.31', 2, 441, '2018-07-24 22:32:35', '2018-10-10 09:39:16'),
(447, 463, 557, 1, '30 DIAS', 7, '898.80', '835.88', 2, 442, '2018-07-24 22:34:04', '2018-10-10 09:39:16'),
(448, 464, 558, 1, '30 DIAS', 7, '1744.10', '1622.01', 2, 443, '2018-07-25 21:34:06', '2018-10-10 09:39:16'),
(449, 465, 559, 8, 'CONTADO', 7, '299.17', '278.23', 2, 444, '2018-07-25 21:35:49', '2018-08-09 23:17:12'),
(450, 466, 560, 1, '30 DIAS', 7, '934.11', '868.72', 2, 446, '2018-07-28 10:25:35', '2018-10-10 09:40:31'),
(451, 467, 561, 1, '30 DIAS', 7, '3475.36', '3232.08', 2, 447, '2018-07-31 00:55:08', '2018-10-10 09:40:31'),
(453, 468, 563, 1, '30 DIAS', 7, '248.24', '230.86', 2, 448, '2018-08-04 11:10:11', '2018-11-18 23:59:25'),
(457, 469, 564, 1, '30 DIAS', 7, '1556.85', '1447.87', 2, 449, '2018-08-04 11:11:11', '2018-11-18 23:59:25'),
(458, 470, 565, 2, '30 DIAS', 7, '234.33', '217.93', 2, 450, '2018-08-04 11:16:15', '2019-01-27 16:03:38'),
(460, 472, 566, 1, '30 DIAS', 7, '2080.08', '1934.47', 2, 452, '2018-08-09 21:24:49', '2018-11-18 23:59:25'),
(461, 473, 567, 11, 'CONTADO', 0, '115.00', '115.00', 2, 0, '2018-08-09 21:30:28', '2018-10-14 18:12:44'),
(462, 474, 568, 8, '30 DIAS', 7, '251.24', '233.65', 2, 453, '2018-08-09 21:31:05', '2018-10-02 21:15:06'),
(463, 475, 569, 3, '30 DIAS', 7, '508.25', '472.67', 1, 454, '2018-08-09 21:32:11', '2018-08-09 22:10:10'),
(464, 476, 571, 8, '30 DIAS', 7, '101.65', '94.53', 2, 455, '2018-08-09 21:33:08', '2018-10-02 21:15:06'),
(465, 477, 572, 4, '30 DIAS', 7, '1743.03', '1621.02', 2, 456, '2018-08-14 21:21:44', '2018-10-02 08:43:28'),
(466, 478, 573, 1, '30 DIAS', 7, '2939.29', '2733.54', 2, 457, '2018-08-14 21:23:41', '2018-11-18 23:59:25'),
(467, 479, 574, 1, '30 DIAS', 7, '984.40', '915.49', 2, 458, '2018-08-14 21:24:44', '2018-11-18 23:59:25'),
(468, 480, 576, 1, '30 DIAS', 7, '1618.91', '1505.59', 2, 459, '2018-08-14 21:29:19', '2019-01-13 17:00:35'),
(469, 481, 577, 8, '30 DIAS', 7, '101.65', '94.53', 2, 460, '2018-08-14 21:30:16', '2018-10-09 21:08:47'),
(470, 482, 578, 3, '30 DIAS', 7, '171.20', '159.22', 1, 461, '2018-08-21 09:25:21', '2018-09-12 09:47:31'),
(471, 483, 579, 1, '30 DIAS', 7, '872.05', '811.01', 2, 462, '2018-08-21 09:27:02', '2019-01-13 17:00:35'),
(472, 484, 580, 1, '30 DIAS', 7, '1892.83', '1760.33', 2, 463, '2018-08-21 09:28:06', '2019-01-13 17:00:35'),
(473, 485, 581, 6, '30 DIAS', 7, '191.53', '178.12', 2, 464, '2018-08-21 09:30:05', '2018-11-05 22:53:32'),
(474, 486, 582, 1, '30 DIAS', 7, '508.25', '472.67', 2, 465, '2018-08-21 09:31:22', '2019-01-13 17:00:35'),
(475, 487, 550, 16, '30 DIAS', 7, '203.30', '189.07', 2, 466, '2018-08-27 12:08:37', '2018-10-28 19:15:54'),
(476, 488, 588, 16, '30 DIAS', 7, '149.59', '139.12', 2, 467, '2018-08-27 12:17:22', '2018-10-02 10:41:08'),
(477, 489, 592, 4, '30 DIAS', 7, '1078.56', '1003.06', 2, 469, '2018-08-30 12:57:57', '2018-10-02 08:43:28'),
(478, 490, 590, 1, '30 DIAS', 7, '359.52', '334.35', 2, 470, '2018-08-30 13:19:43', '2019-01-13 17:00:35'),
(479, 491, 591, 3, '30 DIAS', 7, '508.25', '472.67', 1, 472, '2018-08-30 13:28:54', '2018-08-30 13:45:05'),
(480, 492, 593, 1, '30 DIAS', 7, '802.50', '746.33', 2, 473, '2018-08-30 13:44:27', '2019-01-13 17:00:35'),
(481, 493, 594, 1, '30 DIAS', 7, '2515.57', '2339.48', 2, 474, '2018-08-30 23:17:25', '2019-01-13 17:00:35'),
(482, 494, 595, 1, '30 DIAS', 7, '1382.44', '1285.67', 2, 475, '2018-09-09 19:22:50', '2019-01-08 01:49:57'),
(483, 495, 596, 3, '30 DIAS', 7, '749.00', '696.57', 1, 476, '2018-09-09 19:23:58', '2018-09-09 20:15:14'),
(484, 496, 597, 1, '30 DIAS', 7, '1095.68', '1018.98', 2, 477, '2018-09-09 19:24:45', '2019-01-08 01:49:57'),
(485, 497, 598, 1, '30 DIAS', 7, '2080.08', '1934.47', 2, 478, '2018-09-09 19:26:19', '2019-01-08 01:49:57'),
(486, 498, 599, 1, '30 DIAS', 7, '1444.50', '1343.39', 2, 479, '2018-09-09 19:26:53', '2019-02-08 22:05:17'),
(487, 499, 600, 1, '30 DIAS', 7, '1369.60', '1273.73', 2, 480, '2018-09-09 19:28:04', '2019-01-08 01:49:57'),
(488, 500, 601, 16, '30 DIAS', 7, '149.59', '139.12', 2, 481, '2018-09-09 19:29:47', '2018-10-10 23:38:55'),
(489, 501, 570, 16, '30 DIAS', 7, '304.95', '283.60', 2, 482, '2018-09-12 09:38:12', '2018-10-02 10:39:22'),
(490, 502, 605, 2, '30 DIAS', 7, '937.32', '871.71', 2, 483, '2018-09-12 09:39:31', '2019-01-27 16:03:38'),
(491, 503, 612, 2, '30 DIAS', 7, '2054.40', '1910.59', 2, 484, '2018-09-13 01:10:16', '2019-03-10 23:43:34'),
(492, 504, 610, 1, '30 DIAS', 7, '749.00', '696.57', 2, 485, '2018-09-13 01:11:28', '2019-02-08 22:05:17'),
(493, 505, 611, 3, '30 DIAS', 7, '545.70', '507.50', 1, 486, '2018-09-13 01:12:20', '2018-10-02 21:06:19'),
(494, 506, 613, 3, '30 DIAS', 7, '1241.20', '1154.32', 1, 487, '2018-09-30 21:35:28', '2018-10-02 21:06:11'),
(495, 507, 616, 1, '30 DIAS', 7, '372.36', '346.29', 2, 488, '2018-09-30 21:37:03', '2019-02-08 22:05:17'),
(496, 508, 617, 2, '30 DIAS', 7, '234.33', '217.93', 2, 490, '2018-09-30 21:38:13', '2019-01-27 16:03:38'),
(497, 509, 618, 2, '30 DIAS', 7, '78.11', '72.64', 2, 491, '2018-09-30 21:39:03', '2019-01-27 16:03:38'),
(498, 510, 619, 2, '30 DIAS', 7, '342.40', '318.43', 2, 492, '2018-09-30 21:40:13', '2019-01-27 16:03:38'),
(499, 511, 621, 2, '30 DIAS', 7, '535.00', '497.55', 2, 493, '2018-09-30 22:04:27', '2019-01-27 16:03:38'),
(500, 512, 622, 2, '30 DIAS', 7, '267.50', '248.78', 3, 494, '2018-10-02 21:04:25', '2019-02-08 00:01:16'),
(501, 513, 623, 2, '30 DIAS', 7, '342.40', '318.43', 2, 495, '2018-10-02 21:06:57', '2019-03-10 23:34:55'),
(502, 514, 624, 2, '30 DIAS', 7, '312.44', '290.57', 3, 496, '2018-10-02 21:07:55', '2019-02-08 00:01:17'),
(503, 515, 625, 8, '30 DIAS', 7, '101.65', '94.53', 2, 497, '2018-10-02 21:09:02', '2018-10-09 21:08:47'),
(504, 516, 626, 1, '30 DIAS', 7, '460.10', '427.89', 2, 498, '2018-10-02 21:10:14', '2019-02-08 22:05:17'),
(505, 517, 604, 8, '30 DIAS', 7, '299.17', '278.23', 2, 499, '2018-10-02 21:11:51', '2018-11-23 23:37:42'),
(507, 518, 602, 16, '30 DIAS', 7, '299.17', '278.23', 2, 500, '2018-10-08 17:58:10', '2018-11-05 20:23:52'),
(508, 519, 603, 16, '30 DIAS', 7, '203.30', '189.07', 2, 501, '2018-10-08 17:59:10', '2018-10-10 23:43:24'),
(509, 520, 627, 3, '30 DIAS', 7, '734.02', '682.64', 1, 503, '2018-10-08 18:00:30', '2018-10-10 09:11:22'),
(510, 521, 628, 2, '30 DIAS', 7, '234.33', '217.93', 2, 504, '2018-10-08 18:01:41', '2019-03-10 23:34:55'),
(511, 522, 629, 1, '30 DIAS', 7, '647.35', '602.04', 2, 505, '2018-10-08 18:04:46', '2019-02-08 22:05:17'),
(512, 523, 630, 16, '30 DIAS', 7, '74.79', '69.55', 2, 502, '2018-10-08 18:06:34', '2018-11-05 20:24:51'),
(513, 524, 631, 8, '30 DIAS', 7, '224.38', '208.67', 3, 506, '2018-10-14 10:27:46', '2019-03-10 15:42:50'),
(514, 525, 632, 1, '30 DIAS', 7, '304.95', '283.60', 2, 507, '2018-10-14 10:29:48', '2019-02-08 22:05:17'),
(515, 526, 633, 3, '30 DIAS', 7, '476.15', '442.82', 1, 510, '2018-10-14 10:30:36', '2018-10-14 11:54:09'),
(516, 527, 634, 2, '30 DIAS', 7, '342.40', '318.43', 3, 508, '2018-10-14 10:31:36', '2019-02-08 00:01:17'),
(517, 528, 635, 4, '30 DIAS', 7, '357.38', '332.36', 2, 509, '2018-10-14 11:37:03', '2019-01-17 11:42:50'),
(518, 529, 636, 2, '30 DIAS', 7, '426.93', '397.04', 3, 511, '2018-10-14 18:40:30', '2019-02-08 00:01:17'),
(519, 530, 637, 1, '30 DIAS', 7, '1337.50', '1243.88', 2, 512, '2018-10-14 21:53:56', '2019-02-08 22:05:17'),
(520, 531, 638, 3, '30 DIAS', 7, '619.53', '576.16', 1, 513, '2018-10-17 23:58:35', '2018-10-19 23:42:39'),
(521, 532, 639, 16, '30 DIAS', 7, '272.85', '253.75', 2, 514, '2018-10-21 11:42:38', '2018-12-05 19:10:52'),
(522, 533, 640, 3, '30 DIAS', 7, '342.40', '318.43', 1, 515, '2018-10-21 11:50:05', '2018-10-22 23:15:50'),
(524, 534, 641, 2, '30 DIAS', 7, '156.22', '145.28', 3, 516, '2018-10-21 11:53:57', '2019-02-07 23:56:54'),
(525, 535, 562, 6, '30 DIAS', 7, '214.00', '199.02', 2, 517, '2018-10-21 12:12:26', '2018-12-05 18:46:53'),
(526, 536, 642, 7, '30 DIAS', 7, '299.17', '278.23', 2, 518, '2018-10-22 23:03:05', '2018-11-25 21:41:21'),
(527, 537, 643, 8, '30 DIAS', 7, '74.79', '69.55', 1, 519, '2018-10-23 15:48:13', '2019-03-10 15:42:50'),
(529, 539, 648, 21, '30 DIAS', 7, '171.20', '159.22', 2, 521, '2018-11-05 14:53:22', '2018-11-05 21:41:03'),
(530, 540, 645, 2, '30 DIAS', 7, '156.22', '145.28', 2, 522, '2018-11-05 20:43:43', '2019-02-07 23:56:53'),
(533, 541, 646, 1, '30 DIAS', 7, '186.18', '173.15', 2, 525, '2018-11-05 20:46:06', '2019-02-08 22:05:17'),
(534, 542, 647, 3, '30 DIAS', 7, '380.92', '354.26', 1, 526, '2018-11-05 20:48:32', '2018-11-05 21:20:43'),
(536, 543, 649, 3, '30 DIAS', 7, '532.86', '495.56', 1, 527, '2018-11-07 23:23:05', '2018-11-12 23:02:45'),
(537, 544, 650, 2, '30 DIAS', 7, '546.77', '508.50', 2, 528, '2018-11-07 23:27:43', '2019-02-07 23:56:53'),
(538, 545, 652, 3, '30 DIAS', 7, '342.40', '318.43', 1, 529, '2018-11-12 22:51:05', '2018-11-12 23:16:13'),
(539, 546, 653, 2, '30 DIAS', 7, '513.60', '477.65', 3, 530, '2018-11-12 22:52:14', '2019-02-07 23:56:53');
INSERT INTO `facturas` (`id`, `num_factura`, `idOrden`, `idCliente`, `condicion`, `itbms`, `monto_factura`, `subtotal`, `idFacturaEstado`, `num_fiscal`, `created_at`, `updated_at`) VALUES
(540, 547, 654, 1, '30 DIAS', 7, '496.48', '461.73', 2, 531, '2018-11-12 23:01:26', '2019-02-08 22:05:17'),
(541, 548, 655, 2, '30 DIAS', 7, '171.20', '159.22', 1, 532, '2018-11-22 15:37:12', '2018-11-25 18:43:59'),
(542, 549, 656, 1, '30 DIAS', 7, '321.00', '298.53', 2, 533, '2018-11-22 15:37:58', '2019-02-08 22:05:17'),
(543, 550, 657, 3, '30 DIAS', 7, '513.60', '477.65', 1, 534, '2018-11-22 15:38:42', '2018-11-25 18:41:59'),
(544, 551, 658, 2, '30 DIAS', 7, '449.40', '417.94', 1, 535, '2018-11-22 15:39:34', '2018-11-25 18:42:07'),
(545, 552, 659, 2, '30 DIAS', 7, '390.55', '363.21', 1, 536, '2018-11-22 15:40:19', '2018-11-25 18:42:15'),
(546, 553, 660, 16, '30 DIAS', 7, '299.17', '278.23', 2, 537, '2018-11-22 15:54:15', '2018-12-14 00:49:42'),
(547, 554, 662, 8, '30 DIAS', 7, '149.59', '139.12', 1, 538, '2018-11-23 23:31:25', '2018-11-25 18:42:31'),
(548, 555, 661, 2, '30 DIAS', 7, '684.80', '636.86', 1, 539, '2018-11-23 23:35:46', '2018-11-25 18:42:39'),
(549, 556, 663, 2, '30 DIAS', 7, '3725.74', '3464.94', 1, 540, '2018-11-25 16:08:58', '2018-11-25 18:43:00'),
(550, 557, 664, 2, '30 DIAS', 7, '684.80', '636.86', 1, 541, '2018-11-25 16:21:57', '2018-11-25 18:43:02'),
(551, 558, 665, 1, '30 DIAS', 7, '690.15', '641.84', 2, 542, '2018-11-29 17:45:23', '2019-02-12 20:02:11'),
(552, 559, 666, 16, '30 DIAS', 7, '266.43', '247.78', 2, 543, '2018-11-29 17:48:07', '2019-01-23 13:14:38'),
(553, 560, 667, 1, '30 DIAS', 7, '6420.00', '5970.60', 2, 544, '2018-11-29 17:49:04', '2019-02-12 20:02:11'),
(555, 561, 668, 2, '30 DIAS', 7, '684.80', '636.86', 1, 545, '2018-12-01 10:48:16', '2018-12-02 20:25:31'),
(557, 562, 669, 6, '30 DIAS', 7, '6313.00', '5871.09', 2, 546, '2018-12-01 10:49:13', '2019-01-07 23:58:57'),
(558, 563, 670, 1, '30 DIAS', 7, '614.18', '571.19', 2, 547, '2018-12-01 10:54:34', '2019-02-12 20:02:11'),
(559, 564, 671, 1, '30 DIAS', 7, '845.30', '786.13', 2, 548, '2018-12-01 10:56:35', '2019-02-12 20:02:11'),
(560, 565, 672, 2, '30 DIAS', 7, '149.80', '139.31', 1, 549, '2018-12-04 13:13:03', '2018-12-05 19:05:40'),
(561, 566, 675, 2, '30 DIAS', 7, '513.60', '477.65', 1, 551, '2018-12-05 18:50:05', '2018-12-05 19:05:09'),
(562, 567, 676, 3, '30 DIAS', 7, '177.62', '165.19', 1, 550, '2018-12-05 18:50:27', '2018-12-05 19:05:34'),
(563, 568, 677, 1, '30 DIAS', 7, '160.50', '149.27', 2, 552, '2018-12-07 18:05:18', '2019-02-20 16:35:18'),
(569, 569, 678, 1, '30 DIAS', 7, '294.25', '273.65', 2, 553, '2018-12-07 18:48:43', '2019-02-20 16:35:18'),
(571, 570, 679, 6, '30 DIAS', 7, '133.75', '124.39', 2, 554, '2018-12-07 18:55:06', '2019-01-08 00:00:23'),
(573, 571, 680, 1, '30 DIAS', 7, '347.75', '323.41', 2, 555, '2018-12-07 18:59:18', '2019-02-20 16:35:18'),
(574, 572, 681, 6, '30 DIAS', 7, '107.00', '99.51', 2, 556, '2018-12-07 19:35:07', '2019-01-08 00:00:23'),
(575, 573, 682, 6, '30 DIAS', 7, '422.65', '393.06', 2, 557, '2018-12-15 11:50:06', '2019-01-18 11:49:08'),
(576, 574, 683, 1, '30 DIAS', 7, '8560.00', '7960.80', 2, 558, '2018-12-15 11:54:05', '2019-02-26 15:14:34'),
(577, 575, 684, 4, '30 DIAS', 7, '168.53', '156.73', 2, 562, '2018-12-18 12:08:47', '2019-02-12 19:57:58'),
(578, 576, 685, 6, '30 DIAS', 7, '160.50', '149.27', 2, 563, '2018-12-18 12:12:14', '2019-02-12 19:14:48'),
(585, 577, 686, 1, 'CONTADO', 7, '13803.00', '12836.79', 2, 564, '2018-12-19 13:43:41', '2019-01-11 00:55:56'),
(586, 578, 687, 1, '30 DIAS', 7, '310.30', '288.58', 2, 565, '2018-12-26 20:54:17', '2019-02-20 16:35:18'),
(588, 579, 688, 2, '30 DIAS', 7, '390.55', '363.21', 1, 566, '2018-12-26 20:59:00', '2018-12-26 21:28:48'),
(589, 580, 689, 2, '30 DIAS', 7, '406.60', '378.14', 1, 567, '2018-12-26 21:02:07', '2018-12-26 21:28:42'),
(590, 581, 690, 2, '30 DIAS', 7, '306.02', '284.60', 1, 568, '2018-12-26 21:04:12', '2018-12-26 21:28:40'),
(593, 584, 693, 1, '30 DIAS', 7, '2439.60', '2268.83', 2, 570, '2018-12-28 16:01:28', '2019-02-20 16:35:18'),
(594, 585, 694, 6, '30 DIAS', 7, '246.10', '228.87', 2, 571, '2018-12-28 16:03:05', '2019-02-12 19:12:31'),
(595, 586, 695, 6, '30 DIAS', 7, '160.50', '149.27', 2, 572, '2018-12-28 16:04:12', '2019-02-12 19:12:31'),
(596, 587, 691, 6, '30 DIAS', 7, '374.50', '348.29', 2, 573, '2018-12-29 01:39:20', '2019-02-12 19:12:31'),
(597, 588, 696, 2, '30 DIAS', 7, '859.21', '799.07', 1, 574, '2019-01-05 00:39:46', '2019-01-05 01:14:40'),
(598, 589, 697, 16, '30 DIAS', 7, '609.90', '567.21', 2, 575, '2019-01-05 00:40:50', '2019-02-12 19:53:37'),
(599, 590, 698, 3, '30 DIAS', 7, '937.32', '871.71', 1, 576, '2019-01-05 00:41:21', '2019-01-05 01:15:44'),
(600, 591, 699, 1, '30 DIAS', 7, '348.82', '324.40', 2, 577, '2019-01-05 00:41:55', '2019-02-20 16:35:18'),
(601, 592, 700, 2, '30 DIAS', 7, '645.21', '600.05', 1, 578, '2019-01-05 00:42:34', '2019-01-05 01:15:53'),
(602, 593, 701, 2, '30 DIAS', 7, '406.60', '378.14', 1, 579, '2019-01-05 00:43:29', '2019-01-05 01:18:23'),
(603, 594, 702, 1, '30 DIAS', 7, '3124.40', '2905.69', 1, 580, '2019-01-05 00:44:11', '2019-01-05 01:18:31'),
(604, 595, 703, 1, '30 DIAS', 7, '107.00', '99.51', 2, 581, '2019-01-05 00:48:13', '2019-02-20 16:35:18'),
(605, 596, 704, 4, '30 DIAS', 7, '149.80', '139.31', 2, 582, '2019-01-05 00:51:02', '2019-02-26 15:18:31'),
(606, 597, 705, 1, '30 DIAS', 7, '634.51', '590.09', 2, 583, '2019-01-13 14:04:29', '2019-03-10 23:42:57'),
(607, 598, 706, 2, '30 DIAS', 7, '634.51', '590.09', 1, 584, '2019-01-13 14:05:25', '2019-01-13 15:56:17'),
(608, 599, 707, 4, '30 DIAS', 7, '669.82', '622.93', 2, 585, '2019-01-13 14:06:52', '2019-02-26 15:18:31'),
(609, 600, 708, 4, '30 DIAS', 7, '147.66', '137.32', 2, 586, '2019-01-13 14:08:25', '2019-02-26 15:18:31'),
(610, 601, 709, 1, '30 DIAS', 7, '2935.01', '2729.56', 1, 587, '2019-01-13 14:10:20', '2019-01-13 15:56:53'),
(611, 602, 710, 2, '30 DIAS', 7, '380.92', '354.26', 1, 588, '2019-01-13 14:10:54', '2019-01-13 15:57:17'),
(612, 603, 711, 16, '30 DIAS', 7, '240.54', '223.70', 2, 589, '2019-01-13 14:12:09', '2019-02-12 19:54:47'),
(613, 604, 712, 4, '30 DIAS', 7, '306.02', '284.60', 2, 590, '2019-01-13 14:25:06', '2019-02-26 15:18:31'),
(614, 605, 713, 1, '30 DIAS', 7, '649.49', '604.03', 1, 591, '2019-01-13 15:10:15', '2019-01-13 15:57:57'),
(615, 606, 714, 1, '30 DIAS', 7, '80.25', '74.63', 1, 593, '2019-01-13 15:31:41', '2019-01-13 15:58:23'),
(616, 607, 715, 6, '30 DIAS', 7, '107.00', '99.51', 2, 592, '2019-01-13 15:32:23', '2019-02-12 19:13:41'),
(618, 608, 717, 22, 'CONTADO', 7, '181.90', '169.17', 2, 594, '2019-01-13 23:20:35', '2019-01-27 15:42:34'),
(619, 609, 718, 4, '30 DIAS', 7, '306.02', '284.60', 2, 595, '2019-01-21 15:53:12', '2019-02-26 15:18:31'),
(620, 610, 719, 2, '30 DIAS', 7, '663.40', '616.96', 1, 596, '2019-01-21 15:54:31', '2019-01-22 00:06:07'),
(621, 611, 720, 3, '30 DIAS', 7, '174.41', '162.20', 1, 597, '2019-01-21 15:55:04', '2019-01-22 00:05:32'),
(622, 612, 721, 1, '30 DIAS', 7, '2894.35', '2691.75', 1, 598, '2019-01-21 15:55:44', '2019-01-22 00:05:25'),
(623, 613, 722, 2, '30 DIAS', 7, '859.21', '799.07', 1, 599, '2019-01-21 15:56:37', '2019-01-22 00:05:16'),
(624, 614, 723, 4, '30 DIAS', 7, '513.60', '477.65', 2, 600, '2019-01-21 15:57:28', '2019-02-26 15:18:31'),
(625, 615, 724, 1, '30 DIAS', 7, '1368.53', '1272.73', 1, 601, '2019-01-21 15:58:26', '2019-01-22 00:05:03'),
(626, 616, 725, 2, '30 DIAS', 7, '70.51', '65.57', 1, 602, '2019-01-21 16:02:24', '2019-01-22 00:04:54'),
(627, 617, 726, 4, '30 DIAS', 7, '112.35', '104.49', 2, 603, '2019-01-21 23:38:36', '2019-02-26 15:18:31'),
(628, 618, 727, 1, '30 DIAS', 7, '107.00', '99.51', 1, 604, '2019-01-21 23:40:08', '2019-01-22 00:04:41'),
(629, 619, 728, 1, '30 DIAS', 7, '946.95', '880.66', 1, 605, '2019-01-21 23:47:18', '2019-01-22 00:04:31'),
(631, 621, 730, 1, '30 DIAS', 7, '599.20', '557.26', 1, 607, '2019-01-22 12:14:02', '2019-01-23 12:47:57'),
(632, 622, 731, 2, '30 DIAS', 7, '997.24', '927.43', 1, 608, '2019-01-22 12:22:11', '2019-01-27 13:55:25'),
(633, 623, 732, 2, '30 DIAS', 7, '546.77', '508.50', 1, 609, '2019-01-23 12:54:34', '2019-01-31 01:33:35'),
(634, 624, 733, 6, '30 DIAS', 7, '267.50', '248.78', 1, 610, '2019-01-23 12:56:04', '2019-01-31 01:33:51'),
(636, 625, 736, 1, '30 DIAS', 7, '1624.26', '1518.00', 1, 611, '2019-01-31 00:50:59', '2019-01-31 01:34:24'),
(637, 626, 737, 4, '30 DIAS', 7, '839.95', '785.00', 2, 612, '2019-01-31 00:52:51', '2019-02-26 15:18:31'),
(638, 627, 738, 3, '30 DIAS', 7, '914.85', '855.00', 1, 613, '2019-01-31 00:54:09', '2019-01-31 01:35:19'),
(639, 628, 739, 1, '30 DIAS', 7, '304.95', '285.00', 2, 614, '2019-01-31 00:55:03', '2019-03-10 23:54:47'),
(640, 629, 741, 1, '30 DIAS', 7, '53.50', '50.00', 1, 615, '2019-01-31 00:59:28', '2019-01-31 01:35:43'),
(641, 630, 742, 1, '30 DIAS', 7, '401.25', '375.00', 3, 616, '2019-01-31 01:02:31', '2019-03-10 23:54:47'),
(642, 631, 743, 3, '30 DIAS', 7, '107.00', '100.00', 1, 617, '2019-01-31 01:07:31', '2019-01-31 01:36:46'),
(643, 632, 740, 16, '30 DIAS', 7, '609.90', '570.00', 3, 619, '2019-02-04 00:43:10', '2019-02-12 19:55:45'),
(644, 633, 744, 8, '30 DIAS', 7, '93.09', '87.00', 1, 620, '2019-02-04 00:44:49', '2019-02-04 23:18:35'),
(646, 635, 746, 16, '30 DIAS', 7, '74.79', '69.90', 2, 622, '2019-02-04 00:47:46', '2019-02-12 19:56:48'),
(647, 636, 747, 14, '30 DIAS', 7, '62.06', '58.00', 2, 623, '2019-02-04 00:48:30', '2019-02-09 18:04:37'),
(648, 637, 748, 6, '30 DIAS', 7, '80.25', '75.00', 1, 624, '2019-02-04 00:49:21', '2019-02-04 23:19:48'),
(649, 638, 749, 3, '30 DIAS', 7, '187.25', '175.00', 1, 625, '2019-02-04 00:51:41', '2019-02-04 23:20:09'),
(650, 639, 750, 1, '30 DIAS', 7, '107.00', '100.00', 1, 626, '2019-02-04 00:52:40', '2019-02-04 23:20:27'),
(651, 640, 751, 4, '30 DIAS', 7, '337.05', '315.00', 1, 627, '2019-02-04 00:53:43', '2019-02-04 23:20:35'),
(653, 642, 753, 3, '30 DIAS', 7, '588.50', '550.00', 1, 629, '2019-02-04 00:55:14', '2019-02-04 23:36:16'),
(656, 643, 752, 4, '30 DIAS', 7, '222.56', '208.00', 1, 632, '2019-02-04 22:20:13', '2019-02-04 23:37:20'),
(657, 644, 745, 1, '30 DIAS', 7, '1801.88', '1684.00', 1, 633, '2019-02-04 22:23:39', '2019-02-04 23:37:11'),
(658, 645, 756, 2, '30 DIAS', 7, '156.22', '146.00', 1, 634, '2019-02-04 22:26:26', '2019-02-04 23:36:57'),
(659, 646, 757, 1, '30 DIAS', 7, '1706.65', '1595.00', 1, 635, '2019-02-04 22:28:24', '2019-02-04 23:37:10'),
(660, 647, 758, 3, '30 DIAS', 7, '798.22', '746.00', 1, 636, '2019-02-04 22:30:05', '2019-02-04 23:37:33'),
(661, 648, 759, 16, '30 DIAS', 7, '203.30', '190.00', 1, 637, '2019-02-04 22:37:02', '2019-02-04 23:37:35'),
(662, 649, 760, 1, '30 DIAS', 7, '872.05', '815.00', 1, 638, '2019-02-05 12:03:55', '2019-02-07 23:33:47'),
(663, 650, 761, 4, '30 DIAS', 7, '839.95', '785.00', 1, 639, '2019-02-06 10:29:59', '2019-02-07 23:33:33'),
(664, 651, 762, 1, '30 DIAS', 7, '1235.85', '1155.00', 1, 640, '2019-02-07 14:51:22', '2019-02-07 23:32:18'),
(665, 652, 763, 3, '30 DIAS', 7, '971.56', '908.00', 1, 641, '2019-02-07 15:02:34', '2019-02-07 23:31:12'),
(666, 653, 764, 3, '30 DIAS', 7, '1258.32', '1176.00', 1, 642, '2019-02-07 15:06:34', '2019-02-07 23:30:47'),
(667, 654, 765, 2, '30 DIAS', 7, '419.44', '392.00', 1, 0, '2019-02-08 00:08:08', '2019-02-08 00:08:08'),
(668, 655, 766, 8, '30 DIAS', 7, '93.09', '87.00', 1, 644, '2019-02-08 00:11:16', '2019-02-08 00:49:50'),
(669, 656, 767, 2, '30 DIAS', 7, '62.06', '58.00', 1, 645, '2019-02-08 00:12:53', '2019-02-08 00:50:21'),
(670, 657, 768, 1, '30 DIAS', 7, '459.03', '429.00', 1, 646, '2019-02-08 00:17:10', '2019-02-08 00:50:26'),
(671, 658, 769, 2, '30 DIAS', 7, '133.75', '125.00', 1, 647, '2019-02-08 00:19:07', '2019-02-08 00:50:32'),
(672, 659, 770, 6, '30 DIAS', 7, '856.00', '800.00', 1, 648, '2019-02-08 00:21:42', '2019-02-08 00:50:38'),
(673, 660, 771, 1, '30 DIAS', 7, '80.25', '75.00', 1, 649, '2019-02-08 00:24:50', '2019-02-08 00:50:46'),
(674, 661, 772, 3, '30 DIAS', 7, '914.85', '855.00', 1, 650, '2019-02-11 10:54:52', '2019-02-12 12:19:03'),
(675, 662, 773, 4, '30 DIAS', 7, '222.56', '208.00', 1, 651, '2019-02-11 10:56:39', '2019-02-12 12:19:20'),
(676, 663, 774, 1, '30 DIAS', 7, '1744.10', '1630.00', 1, 652, '2019-02-12 12:17:52', '2019-02-12 19:17:17'),
(683, 664, 775, 1, '30 DIAS', 7, '160.50', '150.00', 1, 653, '2019-02-12 12:30:10', '2019-02-12 19:17:24'),
(684, 665, 776, 1, '30 DIAS', 7, '678.38', '634.00', 1, 655, '2019-02-12 12:30:57', '2019-02-12 19:17:36'),
(685, 666, 778, 24, '30 DIAS', 7, '224.38', '209.70', 2, 656, '2019-02-12 16:35:43', '2019-02-12 19:47:39'),
(686, 667, 777, 6, '30 DIAS', 7, '3049.50', '2850.00', 1, 658, '2019-02-12 16:39:16', '2019-02-12 19:21:52'),
(688, 668, 779, 1, '30 DIAS', 7, '523.23', '489.00', 1, 659, '2019-02-19 17:59:31', '2019-02-19 19:07:54'),
(689, 669, 780, 2, '30 DIAS', 7, '523.23', '489.00', 1, 660, '2019-02-19 18:02:04', '2019-02-19 19:07:40'),
(690, 670, 781, 1, '30 DIAS', 7, '496.48', '464.00', 1, 661, '2019-02-19 18:03:10', '2019-02-19 19:07:18'),
(691, 671, 782, 1, '30 DIAS', 7, '1377.09', '1287.00', 1, 662, '2019-02-19 18:05:03', '2019-02-19 19:06:52'),
(692, 672, 783, 1, '30 DIAS', 7, '160.50', '150.00', 1, 663, '2019-02-19 18:06:02', '2019-02-19 19:06:39'),
(693, 673, 784, 1, '30 DIAS', 7, '160.50', '150.00', 1, 664, '2019-02-19 18:06:55', '2019-02-19 19:06:31'),
(694, 674, 785, 27, 'CONTADO', 7, '14873.00', '13900.00', 1, 665, '2019-02-19 18:40:58', '2019-02-19 19:08:24'),
(695, 675, 786, 3, '30 DIAS', 7, '13910.00', '13000.00', 1, 666, '2019-02-20 00:02:09', '2019-02-20 00:06:26'),
(696, 676, 787, 3, '30 DIAS', 7, '629.16', '588.00', 1, 667, '2019-02-20 16:22:30', '2019-02-20 16:27:00'),
(697, 677, 788, 1, '30 DIAS', 7, '540.35', '505.00', 1, 668, '2019-02-20 22:52:11', '2019-02-22 14:28:41'),
(698, 678, 789, 1, '30 DIAS', 7, '2503.80', '2340.00', 1, 669, '2019-02-20 23:00:56', '2019-02-22 14:28:58'),
(699, 679, 790, 1, '30 DIAS', 7, '4066.00', '3800.00', 1, 670, '2019-02-22 12:34:36', '2019-02-22 14:29:05'),
(700, 680, 791, 1, '30 DIAS', 7, '2675.00', '2500.00', 1, 671, '2019-02-22 13:14:32', '2019-02-22 14:29:14'),
(701, 681, 792, 1, '30 DIAS', 7, '1659.57', '1551.00', 1, 672, '2019-02-22 13:16:24', '2019-02-22 14:29:22'),
(702, 682, 793, 2, '30 DIAS', 7, '476.15', '445.00', 1, 673, '2019-02-25 22:07:46', '2019-02-27 01:14:30'),
(704, 684, 796, 16, '30 DIAS', 7, '299.17', '279.60', 1, 675, '2019-02-25 22:11:15', '2019-02-27 01:14:20'),
(705, 685, 797, 6, '30 DIAS', 7, '214.00', '200.00', 1, 676, '2019-02-25 22:12:34', '2019-02-27 01:14:12'),
(706, 686, 798, 4, '30 DIAS', 7, '74.90', '70.00', 1, 677, '2019-02-25 22:14:58', '2019-02-27 01:13:31'),
(707, 687, 794, 2, '30 DIAS', 7, '2733.85', '2555.00', 1, 674, '2019-02-25 22:34:29', '2019-02-27 01:13:10'),
(708, 688, 799, 1, '30 DIAS', 7, '615.25', '575.00', 1, 678, '2019-02-25 22:42:02', '2019-02-27 01:12:41'),
(709, 689, 800, 1, '30 DIAS', 7, '1380.30', '1290.00', 1, 679, '2019-02-25 22:49:43', '2019-02-27 01:11:50'),
(710, 690, 801, 4, '30 DIAS', 7, '581.01', '543.00', 1, 680, '2019-02-25 22:51:41', '2019-02-27 01:10:52'),
(711, 691, 802, 1, '30 DIAS', 7, '690.15', '645.00', 1, 681, '2019-02-26 15:37:04', '2019-02-27 00:51:43'),
(712, 692, 803, 6, '30 DIAS', 7, '1230.50', '1150.00', 1, 682, '2019-02-26 15:39:25', '2019-02-27 00:51:30'),
(713, 693, 804, 1, '30 DIAS', 7, '2434.25', '2275.00', 1, 683, '2019-02-26 20:21:51', '2019-02-27 00:51:13'),
(715, 694, 806, 6, '30 DIAS', 7, '107.00', '100.00', 1, 684, '2019-02-27 00:45:00', '2019-02-27 00:51:07'),
(717, 695, 810, 28, 'CONTADO', 0, '1020.00', '1020.00', 1, 0, '2019-03-04 00:58:19', '2019-03-10 15:46:06'),
(719, 696, 807, 6, '30 DIAS', 7, '2412.85', '2255.00', 1, 685, '2019-03-07 23:48:27', '2019-03-08 00:23:39'),
(720, 697, 808, 4, '30 DIAS', 7, '1743.03', '1629.00', 1, 687, '2019-03-07 23:49:32', '2019-03-08 00:24:50'),
(721, 698, 809, 2, '30 DIAS', 7, '380.92', '356.00', 1, 688, '2019-03-07 23:50:35', '2019-03-08 00:24:20'),
(722, 699, 811, 6, '30 DIAS', 7, '6313.00', '5900.00', 1, 689, '2019-03-07 23:51:19', '2019-03-08 00:24:11'),
(723, 700, 812, 1, '30 DIAS', 7, '107.00', '100.00', 1, 690, '2019-03-07 23:52:09', '2019-03-10 16:07:43'),
(724, 701, 813, 6, '30 DIAS', 7, '53.50', '50.00', 4, 691, '2019-03-07 23:53:47', '2019-03-10 16:09:27'),
(726, 702, 258, 1, 'ASDASD', 7, '95.23', '89.00', 1, 0, '2019-03-10 16:25:35', '2019-03-10 16:25:35'),
(727, 703, 362, 13, 'ASDASD', 7, '160.50', '150.00', 1, 0, '2019-03-10 16:25:56', '2019-03-10 16:25:56'),
(728, 704, 490, 11, '30 DIAS', 7, '64.20', '60.00', 1, 0, '2019-03-10 16:26:17', '2019-03-10 16:26:17');

-- --------------------------------------------------------

--
-- Estructura de tabla para la tabla `facturas_estados`
--

CREATE TABLE `facturas_estados` (
  `id` int(10) UNSIGNED NOT NULL,
  `factura_estado` varchar(255) COLLATE utf8_unicode_ci NOT NULL,
  `created_at` timestamp NULL DEFAULT NULL,
  `updated_at` timestamp NULL DEFAULT NULL
) ENGINE=InnoDB DEFAULT CHARSET=utf8 COLLATE=utf8_unicode_ci;

--
-- Volcado de datos para la tabla `facturas_estados`
--

INSERT INTO `facturas_estados` (`id`, `factura_estado`, `created_at`, `updated_at`) VALUES
(1, 'Por cobrar', NULL, NULL),
(2, 'Cobrado', NULL, NULL),
(3, 'Abonado', NULL, NULL),
(4, 'Acreditado', NULL, NULL);

-- --------------------------------------------------------

--
-- Estructura de tabla para la tabla `facturas_pagos`
--

CREATE TABLE `facturas_pagos` (
  `id` int(10) UNSIGNED NOT NULL,
  `idFactura` int(11) NOT NULL,
  `idPago` int(10) UNSIGNED DEFAULT NULL,
  `monto_pago` decimal(13,2) NOT NULL DEFAULT '0.00',
  `created_at` timestamp NULL DEFAULT NULL,
  `updated_at` timestamp NULL DEFAULT NULL
) ENGINE=InnoDB DEFAULT CHARSET=utf8 COLLATE=utf8_unicode_ci;

--
-- Volcado de datos para la tabla `facturas_pagos`
--

INSERT INTO `facturas_pagos` (`id`, `idFactura`, `idPago`, `monto_pago`, `created_at`, `updated_at`) VALUES
(1, 124, 1, '297.46', '2017-05-29 00:38:29', '2017-05-29 00:38:29'),
(2, 14, 2, '4557.13', '2017-06-11 16:08:35', '2017-06-11 16:08:35'),
(3, 16, 2, '4557.13', '2017-06-11 16:08:35', '2017-06-11 16:08:35'),
(4, 21, 2, '4557.13', '2017-06-11 16:08:35', '2017-06-11 16:08:35'),
(5, 26, 2, '4557.13', '2017-06-11 16:08:35', '2017-06-11 16:08:35'),
(6, 38, 2, '4557.13', '2017-06-11 16:08:35', '2017-06-11 16:08:35'),
(7, 62, 2, '4557.13', '2017-06-11 16:08:35', '2017-06-11 16:08:35'),
(8, 118, 2, '4557.13', '2017-06-11 16:08:35', '2017-06-11 16:08:35'),
(9, 122, 2, '4557.13', '2017-06-11 16:08:35', '2017-06-11 16:08:35'),
(10, 19, 3, '6124.68', '2017-06-11 16:09:57', '2017-06-11 16:09:57'),
(11, 23, 3, '6124.68', '2017-06-11 16:09:57', '2017-06-11 16:09:57'),
(12, 25, 3, '6124.68', '2017-06-11 16:09:57', '2017-06-11 16:09:57'),
(13, 27, 3, '6124.68', '2017-06-11 16:09:57', '2017-06-11 16:09:57'),
(14, 28, 3, '6124.68', '2017-06-11 16:09:57', '2017-06-11 16:09:57'),
(15, 31, 3, '6124.68', '2017-06-11 16:09:57', '2017-06-11 16:09:57'),
(16, 37, 3, '6124.68', '2017-06-11 16:09:57', '2017-06-11 16:09:57'),
(17, 42, 3, '6124.68', '2017-06-11 16:09:57', '2017-06-11 16:09:57'),
(18, 43, 3, '6124.68', '2017-06-11 16:09:57', '2017-06-11 16:09:57'),
(19, 48, 3, '6124.68', '2017-06-11 16:09:57', '2017-06-11 16:09:57'),
(20, 51, 3, '6124.68', '2017-06-11 16:09:57', '2017-06-11 16:09:57'),
(21, 55, 3, '6124.68', '2017-06-11 16:09:57', '2017-06-11 16:09:57'),
(22, 15, 4, '4255.39', '2017-06-11 16:11:34', '2017-06-11 16:11:34'),
(23, 22, 4, '4255.39', '2017-06-11 16:11:34', '2017-06-11 16:11:34'),
(24, 24, 4, '4255.39', '2017-06-11 16:11:34', '2017-06-11 16:11:34'),
(25, 33, 4, '4255.39', '2017-06-11 16:11:34', '2017-06-11 16:11:34'),
(26, 46, 4, '4255.39', '2017-06-11 16:11:34', '2017-06-11 16:11:34'),
(27, 2, 5, '27322.45', '2017-06-11 16:14:56', '2017-06-11 16:14:56'),
(28, 3, 5, '27322.45', '2017-06-11 16:14:56', '2017-06-11 16:14:56'),
(29, 4, 5, '27322.45', '2017-06-11 16:14:56', '2017-06-11 16:14:56'),
(30, 11, 5, '27322.45', '2017-06-11 16:14:56', '2017-06-11 16:14:56'),
(31, 17, 5, '27322.45', '2017-06-11 16:14:56', '2017-06-11 16:14:56'),
(32, 20, 5, '27322.45', '2017-06-11 16:14:56', '2017-06-11 16:14:56'),
(33, 30, 5, '27322.45', '2017-06-11 16:14:56', '2017-06-11 16:14:56'),
(34, 32, 5, '27322.45', '2017-06-11 16:14:56', '2017-06-11 16:14:56'),
(35, 35, 5, '27322.45', '2017-06-11 16:14:56', '2017-06-11 16:14:56'),
(36, 36, 5, '27322.45', '2017-06-11 16:14:56', '2017-06-11 16:14:56'),
(37, 39, 5, '27322.45', '2017-06-11 16:14:56', '2017-06-11 16:14:56'),
(38, 41, 5, '27322.45', '2017-06-11 16:14:56', '2017-06-11 16:14:56'),
(39, 44, 5, '27322.45', '2017-06-11 16:14:56', '2017-06-11 16:14:56'),
(40, 45, 5, '27322.45', '2017-06-11 16:14:56', '2017-06-11 16:14:56'),
(41, 49, 5, '27322.45', '2017-06-11 16:14:56', '2017-06-11 16:14:56'),
(42, 52, 5, '27322.45', '2017-06-11 16:14:56', '2017-06-11 16:14:56'),
(43, 53, 5, '27322.45', '2017-06-11 16:14:56', '2017-06-11 16:14:56'),
(44, 57, 5, '27322.45', '2017-06-11 16:14:56', '2017-06-11 16:14:56'),
(45, 59, 5, '27322.45', '2017-06-11 16:14:56', '2017-06-11 16:14:56'),
(46, 60, 5, '27322.45', '2017-06-11 16:14:56', '2017-06-11 16:14:56'),
(47, 61, 5, '27322.45', '2017-06-11 16:14:56', '2017-06-11 16:14:56'),
(48, 65, 5, '27322.45', '2017-06-11 16:14:56', '2017-06-11 16:14:56'),
(49, 66, 5, '27322.45', '2017-06-11 16:14:56', '2017-06-11 16:14:56'),
(50, 68, 5, '27322.45', '2017-06-11 16:14:56', '2017-06-11 16:14:56'),
(51, 71, 5, '27322.45', '2017-06-11 16:14:56', '2017-06-11 16:14:56'),
(52, 75, 5, '27322.45', '2017-06-11 16:14:56', '2017-06-11 16:14:56'),
(53, 84, 6, '1423.10', '2017-06-11 16:43:36', '2017-06-11 16:43:36'),
(54, 85, 6, '1423.10', '2017-06-11 16:43:36', '2017-06-11 16:43:36'),
(55, 93, 6, '1423.10', '2017-06-11 16:43:36', '2017-06-11 16:43:36'),
(56, 117, 6, '1423.10', '2017-06-11 16:43:36', '2017-06-11 16:43:36'),
(57, 129, 6, '1423.10', '2017-06-11 16:43:36', '2017-06-11 16:43:36'),
(58, 130, 6, '1423.10', '2017-06-11 16:43:36', '2017-06-11 16:43:36'),
(59, 133, 6, '1423.10', '2017-06-11 16:43:36', '2017-06-11 16:43:36'),
(60, 143, 6, '1423.10', '2017-06-11 16:43:36', '2017-06-11 16:43:36'),
(61, 34, 7, '1033.62', '2017-06-11 16:44:32', '2017-06-11 16:44:32'),
(62, 73, 7, '1033.62', '2017-06-11 16:44:32', '2017-06-11 16:44:32'),
(63, 100, 7, '1033.62', '2017-06-11 16:44:32', '2017-06-11 16:44:32'),
(64, 125, 7, '1033.62', '2017-06-11 16:44:32', '2017-06-11 16:44:32'),
(65, 135, 7, '1033.62', '2017-06-11 16:44:32', '2017-06-11 16:44:32'),
(66, 29, 8, '4994.76', '2017-06-11 16:45:16', '2017-06-11 16:45:16'),
(67, 47, 8, '4994.76', '2017-06-11 16:45:16', '2017-06-11 16:45:16'),
(68, 50, 8, '4994.76', '2017-06-11 16:45:16', '2017-06-11 16:45:16'),
(69, 70, 8, '4994.76', '2017-06-11 16:45:16', '2017-06-11 16:45:16'),
(70, 86, 8, '4994.76', '2017-06-11 16:45:16', '2017-06-11 16:45:16'),
(71, 87, 8, '4994.76', '2017-06-11 16:45:16', '2017-06-11 16:45:16'),
(72, 106, 8, '4994.76', '2017-06-11 16:45:16', '2017-06-11 16:45:16'),
(73, 88, 9, '492.20', '2017-06-11 16:46:24', '2017-06-11 16:46:24'),
(74, 54, 10, '2298.36', '2017-06-12 02:04:32', '2017-06-12 02:04:32'),
(75, 63, 10, '2298.36', '2017-06-12 02:04:32', '2017-06-12 02:04:32'),
(76, 74, 10, '2298.36', '2017-06-12 02:04:32', '2017-06-12 02:04:32'),
(77, 77, 11, '5148.84', '2017-06-22 22:36:56', '2017-06-22 22:36:56'),
(78, 78, 11, '5148.84', '2017-06-22 22:36:56', '2017-06-22 22:36:56'),
(79, 81, 11, '5148.84', '2017-06-22 22:36:56', '2017-06-22 22:36:56'),
(80, 82, 11, '5148.84', '2017-06-22 22:36:56', '2017-06-22 22:36:56'),
(81, 83, 11, '5148.84', '2017-06-22 22:36:56', '2017-06-22 22:36:56'),
(82, 140, 12, '1016.50', '2017-07-02 23:23:55', '2017-07-02 23:23:55'),
(83, 90, 13, '690.15', '2017-07-02 23:50:01', '2017-07-02 23:50:01'),
(84, 162, 14, '5443.04', '2017-07-03 01:20:17', '2017-07-03 01:20:17'),
(85, 170, 15, '3948.30', '2017-07-09 22:24:09', '2017-07-09 22:24:09'),
(86, 181, 16, '1990.20', '2017-07-14 00:24:23', '2017-07-14 00:24:23'),
(87, 79, 17, '3612.32', '2017-07-30 17:32:09', '2017-07-30 17:32:09'),
(88, 104, 17, '3612.32', '2017-07-30 17:32:09', '2017-07-30 17:32:09'),
(89, 107, 17, '3612.32', '2017-07-30 17:32:09', '2017-07-30 17:32:09'),
(90, 110, 17, '3612.32', '2017-07-30 17:32:09', '2017-07-30 17:32:09'),
(91, 114, 17, '3612.32', '2017-07-30 17:32:09', '2017-07-30 17:32:09'),
(92, 120, 17, '3612.32', '2017-07-30 17:32:09', '2017-07-30 17:32:09'),
(93, 154, 18, '214.00', '2017-08-06 21:46:21', '2017-08-06 21:46:21'),
(94, 203, 19, '823.00', '2017-08-06 22:36:28', '2017-08-06 22:36:28'),
(95, 89, 20, '1951.68', '2017-08-06 23:00:00', '2017-08-06 23:00:00'),
(96, 92, 20, '1951.68', '2017-08-06 23:00:00', '2017-08-06 23:00:00'),
(97, 94, 20, '1951.68', '2017-08-06 23:00:00', '2017-08-06 23:00:00'),
(98, 95, 20, '1951.68', '2017-08-06 23:00:00', '2017-08-06 23:00:00'),
(100, 165, 22, '3486.06', '2017-08-10 00:29:22', '2017-08-10 00:29:22'),
(101, 166, 22, '3486.06', '2017-08-10 00:29:22', '2017-08-10 00:29:22'),
(102, 167, 22, '3486.06', '2017-08-10 00:29:22', '2017-08-10 00:29:22'),
(103, 169, 22, '3486.06', '2017-08-10 00:29:22', '2017-08-10 00:29:22'),
(104, 172, 22, '3486.06', '2017-08-10 00:29:22', '2017-08-10 00:29:22'),
(105, 58, 23, '2493.10', '2017-08-13 14:45:48', '2017-08-13 14:45:48'),
(106, 64, 23, '2493.10', '2017-08-13 14:45:48', '2017-08-13 14:45:48'),
(107, 67, 23, '2493.10', '2017-08-13 14:45:48', '2017-08-13 14:45:48'),
(108, 69, 23, '2493.10', '2017-08-13 14:45:48', '2017-08-13 14:45:48'),
(109, 76, 23, '2493.10', '2017-08-13 14:45:48', '2017-08-13 14:45:48'),
(110, 80, 23, '2493.10', '2017-08-13 14:45:48', '2017-08-13 14:45:48'),
(112, 91, 25, '5020.44', '2017-08-27 20:08:52', '2017-08-27 20:08:52'),
(113, 96, 25, '5020.44', '2017-08-27 20:08:52', '2017-08-27 20:08:52'),
(114, 102, 25, '5020.44', '2017-08-27 20:08:52', '2017-08-27 20:08:52'),
(115, 103, 25, '5020.44', '2017-08-27 20:08:52', '2017-08-27 20:08:52'),
(116, 105, 25, '5020.44', '2017-08-27 20:08:52', '2017-08-27 20:08:52'),
(117, 108, 25, '5020.44', '2017-08-27 20:08:52', '2017-08-27 20:08:52'),
(118, 109, 25, '5020.44', '2017-08-27 20:08:52', '2017-08-27 20:08:52'),
(119, 111, 25, '5020.44', '2017-08-27 20:08:52', '2017-08-27 20:08:52'),
(120, 178, 26, '3811.34', '2017-08-27 20:11:20', '2017-08-27 20:11:20'),
(121, 182, 26, '3811.34', '2017-08-27 20:11:20', '2017-08-27 20:11:20'),
(122, 184, 26, '3811.34', '2017-08-27 20:11:20', '2017-08-27 20:11:20'),
(123, 185, 26, '3811.34', '2017-08-27 20:11:20', '2017-08-27 20:11:20'),
(124, 171, 27, '819.62', '2017-08-27 20:11:59', '2017-08-27 20:11:59'),
(125, 192, 27, '819.62', '2017-08-27 20:11:59', '2017-08-27 20:11:59'),
(126, 189, 28, '1714.14', '2017-08-27 20:12:47', '2017-08-27 20:12:47'),
(127, 195, 28, '1714.14', '2017-08-27 20:12:47', '2017-08-27 20:12:47'),
(130, 147, 31, '1570.76', '2017-09-15 01:57:58', '2017-09-15 01:57:58'),
(131, 148, 31, '1570.76', '2017-09-15 01:57:58', '2017-09-15 01:57:58'),
(132, 149, 31, '1570.76', '2017-09-15 01:57:58', '2017-09-15 01:57:58'),
(134, 121, 33, '2475.98', '2017-09-18 23:19:01', '2017-09-18 23:19:01'),
(135, 126, 33, '2475.98', '2017-09-18 23:19:01', '2017-09-18 23:19:01'),
(136, 131, 33, '2475.98', '2017-09-18 23:19:01', '2017-09-18 23:19:01'),
(137, 134, 33, '2475.98', '2017-09-18 23:19:01', '2017-09-18 23:19:01'),
(138, 210, 34, '342.40', '2017-09-18 23:28:57', '2017-09-18 23:28:57'),
(139, 198, 35, '952.30', '2017-09-18 23:34:46', '2017-09-18 23:34:46'),
(140, 198, 36, '952.30', '2017-09-18 23:34:47', '2017-09-18 23:34:47'),
(142, 97, 38, '227.60', '2017-09-24 19:57:24', '2017-09-24 19:57:24'),
(143, 115, 39, '4403.05', '2017-09-25 18:44:17', '2017-09-25 18:44:17'),
(144, 119, 39, '4403.05', '2017-09-25 18:44:17', '2017-09-25 18:44:17'),
(145, 123, 39, '4403.05', '2017-09-25 18:44:17', '2017-09-25 18:44:17'),
(146, 127, 39, '4403.05', '2017-09-25 18:44:17', '2017-09-25 18:44:17'),
(147, 128, 39, '4403.05', '2017-09-25 18:44:17', '2017-09-25 18:44:17'),
(148, 141, 39, '4403.05', '2017-09-25 18:44:17', '2017-09-25 18:44:17'),
(149, 156, 39, '4403.05', '2017-09-25 18:44:17', '2017-09-25 18:44:17'),
(150, 164, 39, '4403.05', '2017-09-25 18:44:17', '2017-09-25 18:44:17'),
(151, 179, 40, '5051.47', '2017-10-26 00:42:02', '2017-10-26 00:42:02'),
(152, 193, 40, '5051.47', '2017-10-26 00:42:02', '2017-10-26 00:42:02'),
(153, 197, 40, '5051.47', '2017-10-26 00:42:02', '2017-10-26 00:42:02'),
(154, 136, 41, '3015.24', '2017-10-26 00:47:23', '2017-10-26 00:47:23'),
(155, 137, 41, '3015.24', '2017-10-26 00:47:23', '2017-10-26 00:47:23'),
(156, 138, 41, '3015.24', '2017-10-26 00:47:23', '2017-10-26 00:47:23'),
(157, 139, 41, '3015.24', '2017-10-26 00:47:23', '2017-10-26 00:47:23'),
(158, 142, 41, '3015.24', '2017-10-26 00:47:23', '2017-10-26 00:47:23'),
(159, 144, 41, '3015.24', '2017-10-26 00:47:23', '2017-10-26 00:47:23'),
(160, 145, 41, '3015.24', '2017-10-26 00:47:23', '2017-10-26 00:47:23'),
(161, 97, 42, '2352.17', '2017-10-26 01:05:20', '2017-10-26 01:05:20'),
(162, 98, 42, '2352.17', '2017-10-26 01:05:20', '2017-10-26 01:05:20'),
(163, 99, 42, '2352.17', '2017-10-26 01:05:20', '2017-10-26 01:05:20'),
(164, 101, 42, '2352.17', '2017-10-26 01:05:20', '2017-10-26 01:05:20'),
(165, 155, 42, '2352.17', '2017-10-26 01:05:20', '2017-10-26 01:05:20'),
(166, 177, 42, '2352.17', '2017-10-26 01:05:20', '2017-10-26 01:05:20'),
(170, 146, 46, '3548.12', '2017-12-04 10:23:38', '2017-12-04 10:23:38'),
(171, 160, 46, '3548.12', '2017-12-04 10:23:38', '2017-12-04 10:23:38'),
(172, 161, 46, '3548.12', '2017-12-04 10:23:38', '2017-12-04 10:23:38'),
(173, 163, 46, '3548.12', '2017-12-04 10:23:38', '2017-12-04 10:23:38'),
(174, 168, 46, '3548.12', '2017-12-04 10:23:38', '2017-12-04 10:23:38'),
(175, 173, 46, '3548.12', '2017-12-04 10:23:38', '2017-12-04 10:23:38'),
(176, 201, 47, '666.61', '2017-12-04 10:50:24', '2017-12-04 10:50:24'),
(201, 186, 50, '5186.29', '2017-12-20 21:42:05', '2017-12-20 21:42:05'),
(202, 190, 50, '5186.29', '2017-12-20 21:42:05', '2017-12-20 21:42:05'),
(203, 202, 50, '5186.29', '2017-12-20 21:42:05', '2017-12-20 21:42:05'),
(204, 207, 50, '5186.29', '2017-12-20 21:42:05', '2017-12-20 21:42:05'),
(240, 180, 55, '263.98', '2018-01-05 14:22:31', '2018-01-05 14:22:31'),
(241, 180, 56, '2734.16', '2018-01-05 14:24:45', '2018-01-05 14:24:45'),
(242, 183, 56, '2734.16', '2018-01-05 14:24:45', '2018-01-05 14:24:45'),
(243, 188, 56, '2734.16', '2018-01-05 14:24:45', '2018-01-05 14:24:45'),
(244, 191, 56, '2734.16', '2018-01-05 14:24:45', '2018-01-05 14:24:45'),
(245, 196, 56, '2734.16', '2018-01-05 14:24:45', '2018-01-05 14:24:45'),
(246, 211, 56, '2734.16', '2018-01-05 14:24:45', '2018-01-05 14:24:45'),
(247, 219, 56, '2734.16', '2018-01-05 14:24:45', '2018-01-05 14:24:45'),
(248, 223, 56, '2734.16', '2018-01-05 14:24:45', '2018-01-05 14:24:45'),
(249, 233, 56, '2734.16', '2018-01-05 14:24:45', '2018-01-05 14:24:45'),
(250, 234, 56, '2734.16', '2018-01-05 14:24:45', '2018-01-05 14:24:45'),
(251, 235, 56, '2734.16', '2018-01-05 14:24:45', '2018-01-05 14:24:45'),
(252, 236, 57, '318.55', '2018-01-05 14:25:35', '2018-01-05 14:25:35'),
(253, 236, 58, '3579.89', '2018-01-05 14:27:44', '2018-01-05 14:27:44'),
(254, 240, 58, '3579.89', '2018-01-05 14:27:44', '2018-01-05 14:27:44'),
(255, 241, 58, '3579.89', '2018-01-05 14:27:44', '2018-01-05 14:27:44'),
(256, 248, 58, '3579.89', '2018-01-05 14:27:44', '2018-01-05 14:27:44'),
(257, 251, 58, '3579.89', '2018-01-05 14:27:44', '2018-01-05 14:27:44'),
(258, 255, 59, '87.31', '2018-01-05 14:28:43', '2018-01-05 14:28:43'),
(277, 175, 66, '2058.68', '2018-01-11 01:26:10', '2018-01-11 01:26:10'),
(278, 176, 66, '2058.68', '2018-01-11 01:26:10', '2018-01-11 01:26:10'),
(279, 187, 66, '2058.68', '2018-01-11 01:26:10', '2018-01-11 01:26:10'),
(280, 194, 66, '2058.68', '2018-01-11 01:26:10', '2018-01-11 01:26:10'),
(281, 228, 67, '297.46', '2018-01-17 15:35:40', '2018-01-17 15:35:40'),
(282, 206, 68, '4038.18', '2018-01-23 00:14:43', '2018-01-23 00:14:43'),
(283, 208, 68, '4038.18', '2018-01-23 00:14:43', '2018-01-23 00:14:43'),
(284, 212, 68, '4038.18', '2018-01-23 00:14:43', '2018-01-23 00:14:43'),
(285, 220, 68, '4038.18', '2018-01-23 00:14:43', '2018-01-23 00:14:43'),
(286, 225, 68, '4038.18', '2018-01-23 00:14:43', '2018-01-23 00:14:43'),
(287, 255, 69, '180.19', '2018-01-23 20:34:48', '2018-01-23 20:34:48'),
(299, 256, 78, '1820.40', '2018-02-04 19:22:48', '2018-02-04 19:22:48'),
(303, 226, 81, '5063.24', '2018-02-14 15:26:43', '2018-02-14 15:26:43'),
(304, 237, 81, '5063.24', '2018-02-14 15:26:43', '2018-02-14 15:26:43'),
(305, 238, 81, '5063.24', '2018-02-14 15:26:43', '2018-02-14 15:26:43'),
(306, 243, 81, '5063.24', '2018-02-14 15:26:43', '2018-02-14 15:26:43'),
(311, 151, 84, '117.70', '2018-02-14 15:58:35', '2018-02-14 15:58:35'),
(312, 153, 85, '400.00', '2018-02-14 16:02:45', '2018-02-14 16:02:45'),
(316, 209, 87, '276.06', '2018-02-21 01:04:56', '2018-02-21 01:04:56'),
(318, 213, 89, '1330.00', '2018-02-23 00:44:08', '2018-02-23 00:44:08'),
(319, 218, 89, '1330.00', '2018-02-23 00:44:08', '2018-02-23 00:44:08'),
(332, 308, 93, '95.00', '2018-03-03 16:39:07', '2018-03-03 16:39:07'),
(333, 200, 94, '2954.27', '2018-03-05 23:46:14', '2018-03-05 23:46:14'),
(334, 204, 94, '2954.27', '2018-03-05 23:46:14', '2018-03-05 23:46:14'),
(335, 224, 94, '2954.27', '2018-03-05 23:46:14', '2018-03-05 23:46:14'),
(336, 230, 94, '2954.27', '2018-03-05 23:46:14', '2018-03-05 23:46:14'),
(337, 274, 95, '3721.46', '2018-03-05 23:47:52', '2018-03-05 23:47:52'),
(338, 285, 95, '3721.46', '2018-03-05 23:47:52', '2018-03-05 23:47:52'),
(339, 293, 95, '3721.46', '2018-03-05 23:47:52', '2018-03-05 23:47:52'),
(340, 300, 95, '3721.46', '2018-03-05 23:47:52', '2018-03-05 23:47:52'),
(341, 323, 96, '668.86', '2018-03-05 23:49:53', '2018-03-05 23:49:53'),
(342, 153, 97, '49.40', '2018-03-09 22:41:38', '2018-03-09 22:41:38'),
(343, 222, 97, '90.95', '2018-03-09 22:41:38', '2018-03-09 22:41:38'),
(344, 313, 97, '59.65', '2018-03-09 22:41:38', '2018-03-09 22:41:38'),
(345, 242, 98, '6402.88', '2018-03-09 22:43:55', '2018-03-09 22:43:55'),
(346, 245, 98, '6402.88', '2018-03-09 22:43:55', '2018-03-09 22:43:55'),
(347, 246, 98, '6402.88', '2018-03-09 22:43:55', '2018-03-09 22:43:55'),
(348, 249, 98, '6402.88', '2018-03-09 22:43:55', '2018-03-09 22:43:55'),
(349, 250, 98, '6402.88', '2018-03-09 22:43:55', '2018-03-09 22:43:55'),
(350, 252, 98, '6402.88', '2018-03-09 22:43:55', '2018-03-09 22:43:55'),
(351, 253, 98, '6402.88', '2018-03-09 22:43:55', '2018-03-09 22:43:55'),
(352, 254, 98, '6402.88', '2018-03-09 22:43:55', '2018-03-09 22:43:55'),
(353, 257, 98, '6402.88', '2018-03-09 22:43:55', '2018-03-09 22:43:55'),
(354, 256, 99, '234.00', '2018-03-22 09:23:01', '2018-03-22 09:23:01'),
(355, 258, 99, '80.25', '2018-03-22 09:23:01', '2018-03-22 09:23:01'),
(356, 265, 99, '171.20', '2018-03-22 09:23:01', '2018-03-22 09:23:01'),
(357, 266, 99, '342.40', '2018-03-22 09:23:01', '2018-03-22 09:23:01'),
(358, 267, 99, '574.59', '2018-03-22 09:23:01', '2018-03-22 09:23:01'),
(359, 271, 99, '203.30', '2018-03-22 09:23:01', '2018-03-22 09:23:01'),
(360, 275, 99, '896.66', '2018-03-22 09:23:01', '2018-03-22 09:23:01'),
(361, 276, 99, '203.30', '2018-03-22 09:23:01', '2018-03-22 09:23:01'),
(362, 279, 99, '794.30', '2018-03-22 09:23:01', '2018-03-22 09:23:01'),
(363, 326, 100, '5136.00', '2018-03-25 15:29:30', '2018-03-25 15:29:30'),
(364, 355, 101, '90.95', '2018-03-25 15:40:13', '2018-03-25 15:40:13'),
(365, 356, 102, '299.17', '2018-03-25 15:44:29', '2018-03-25 15:44:29'),
(367, 313, 103, '105.00', '2018-04-03 13:31:45', '2018-04-03 13:31:45'),
(368, 342, 105, '230.05', '2018-04-06 20:47:39', '2018-04-06 20:47:39'),
(369, 364, 106, '190.46', '2018-04-06 20:51:29', '2018-04-06 20:51:29'),
(370, 313, 107, '160.00', '2018-04-10 21:36:53', '2018-04-10 21:36:53'),
(371, 260, 108, '7122.99', '2018-04-11 20:54:18', '2018-04-11 20:54:18'),
(372, 263, 108, '7122.99', '2018-04-11 20:54:18', '2018-04-11 20:54:18'),
(373, 268, 108, '7122.99', '2018-04-11 20:54:18', '2018-04-11 20:54:18'),
(374, 269, 108, '7122.99', '2018-04-11 20:54:18', '2018-04-11 20:54:18'),
(375, 272, 108, '7122.99', '2018-04-11 20:54:18', '2018-04-11 20:54:18'),
(376, 273, 108, '7122.99', '2018-04-11 20:54:18', '2018-04-11 20:54:18'),
(377, 313, 109, '90.19', '2018-04-19 09:33:47', '2018-04-19 09:33:47'),
(378, 368, 109, '59.81', '2018-04-19 09:33:47', '2018-04-19 09:33:47'),
(384, 279, 111, '3406.52', '2018-04-24 00:25:50', '2018-04-24 00:25:50'),
(385, 280, 111, '3406.52', '2018-04-24 00:25:50', '2018-04-24 00:25:50'),
(386, 292, 111, '3406.52', '2018-04-24 00:25:50', '2018-04-24 00:25:50'),
(387, 295, 111, '3406.52', '2018-04-24 00:25:50', '2018-04-24 00:25:50'),
(388, 311, 111, '3406.52', '2018-04-24 00:25:50', '2018-04-24 00:25:50'),
(389, 229, 112, '331.70', '2018-05-01 10:13:16', '2018-05-01 10:13:16'),
(390, 239, 112, '513.60', '2018-05-01 10:13:16', '2018-05-01 10:13:16'),
(391, 244, 112, '445.12', '2018-05-01 10:13:16', '2018-05-01 10:13:16'),
(392, 259, 112, '62.06', '2018-05-01 10:13:16', '2018-05-01 10:13:16'),
(393, 261, 112, '984.40', '2018-05-01 10:13:16', '2018-05-01 10:13:16'),
(394, 262, 112, '160.10', '2018-05-01 10:13:16', '2018-05-01 10:13:16'),
(395, 396, 113, '95.23', '2018-05-06 14:35:00', '2018-05-06 14:35:00'),
(396, 396, 114, '95.23', '2018-05-06 14:37:22', '2018-05-06 14:37:22'),
(397, 396, 115, '95.23', '2018-05-06 14:38:40', '2018-05-06 14:38:40'),
(398, 348, 116, '1743.03', '2018-05-06 15:09:10', '2018-05-06 15:09:10'),
(399, 365, 117, '1897.11', '2018-05-14 00:08:30', '2018-05-14 00:08:30'),
(400, 366, 117, '1897.11', '2018-05-14 00:08:30', '2018-05-14 00:08:30'),
(401, 377, 117, '1897.11', '2018-05-14 00:08:30', '2018-05-14 00:08:30'),
(402, 367, 118, '383.06', '2018-05-14 00:10:19', '2018-05-14 00:10:19'),
(403, 277, 119, '10135.04', '2018-05-17 17:36:42', '2018-05-17 17:36:42'),
(404, 278, 119, '10135.04', '2018-05-17 17:36:42', '2018-05-17 17:36:42'),
(405, 281, 119, '10135.04', '2018-05-17 17:36:42', '2018-05-17 17:36:42'),
(406, 282, 119, '10135.04', '2018-05-17 17:36:42', '2018-05-17 17:36:42'),
(407, 283, 119, '10135.04', '2018-05-17 17:36:42', '2018-05-17 17:36:42'),
(408, 284, 119, '10135.04', '2018-05-17 17:36:42', '2018-05-17 17:36:42'),
(409, 286, 119, '10135.04', '2018-05-17 17:36:42', '2018-05-17 17:36:42'),
(410, 289, 119, '10135.04', '2018-05-17 17:36:42', '2018-05-17 17:36:42'),
(411, 290, 119, '10135.04', '2018-05-17 17:36:42', '2018-05-17 17:36:42'),
(412, 298, 119, '10135.04', '2018-05-17 17:36:42', '2018-05-17 17:36:42'),
(413, 302, 119, '10135.04', '2018-05-17 17:36:42', '2018-05-17 17:36:42'),
(414, 382, 120, '1016.50', '2018-05-19 20:02:30', '2018-05-19 20:02:30'),
(415, 297, 121, '10152.16', '2018-05-27 17:43:19', '2018-05-27 17:43:19'),
(416, 303, 121, '10152.16', '2018-05-27 17:43:19', '2018-05-27 17:43:19'),
(417, 305, 121, '10152.16', '2018-05-27 17:43:19', '2018-05-27 17:43:19'),
(418, 309, 121, '10152.16', '2018-05-27 17:43:19', '2018-05-27 17:43:19'),
(419, 312, 121, '10152.16', '2018-05-27 17:43:19', '2018-05-27 17:43:19'),
(420, 314, 121, '10152.16', '2018-05-27 17:43:19', '2018-05-27 17:43:19'),
(421, 317, 121, '10152.16', '2018-05-27 17:43:19', '2018-05-27 17:43:19'),
(422, 319, 121, '10152.16', '2018-05-27 17:43:19', '2018-05-27 17:43:19'),
(423, 416, 122, '493.50', '2018-05-27 17:56:16', '2018-05-27 17:56:16'),
(424, 368, 123, '35.42', '2018-05-31 11:57:38', '2018-05-31 11:57:38'),
(425, 373, 123, '114.58', '2018-05-31 11:57:38', '2018-05-31 11:57:38'),
(428, 262, 125, '856.40', '2018-05-31 20:48:56', '2018-05-31 20:48:56'),
(429, 270, 125, '1251.90', '2018-05-31 20:48:56', '2018-05-31 20:48:56'),
(430, 291, 125, '124.12', '2018-05-31 20:48:56', '2018-05-31 20:48:56'),
(431, 294, 125, '3.88', '2018-05-31 20:48:56', '2018-05-31 20:48:56'),
(432, 217, 126, '165.00', '2018-05-31 23:43:11', '2018-05-31 23:43:11'),
(433, 407, 127, '556.50', '2018-05-31 23:45:15', '2018-05-31 23:45:15'),
(434, 410, 128, '95.23', '2018-06-01 00:47:27', '2018-06-01 00:47:27'),
(435, 410, 129, '190.46', '2018-06-01 00:48:23', '2018-06-01 00:48:23'),
(436, 422, 130, '192.60', '2018-06-04 00:09:52', '2018-06-04 00:09:52'),
(437, 316, 131, '6882.24', '2018-06-09 11:14:51', '2018-06-09 11:14:51'),
(438, 322, 131, '6882.24', '2018-06-09 11:14:51', '2018-06-09 11:14:51'),
(439, 324, 131, '6882.24', '2018-06-09 11:14:51', '2018-06-09 11:14:51'),
(440, 330, 131, '6882.24', '2018-06-09 11:14:51', '2018-06-09 11:14:51'),
(441, 332, 131, '6882.24', '2018-06-09 11:14:51', '2018-06-09 11:14:51'),
(442, 379, 132, '315.65', '2018-06-13 22:49:05', '2018-06-13 22:49:05'),
(443, 393, 133, '282.48', '2018-06-13 22:54:16', '2018-06-13 22:54:16'),
(444, 411, 134, '295.00', '2018-06-13 23:00:05', '2018-06-13 23:00:05'),
(445, 373, 135, '35.01', '2018-06-15 22:30:55', '2018-06-15 22:30:55'),
(446, 383, 135, '149.59', '2018-06-15 22:30:55', '2018-06-15 22:30:55'),
(447, 420, 135, '40.40', '2018-06-15 22:30:55', '2018-06-15 22:30:55'),
(448, 321, 136, '3288.54', '2018-07-02 10:20:03', '2018-07-02 10:20:03'),
(449, 325, 136, '3288.54', '2018-07-02 10:20:03', '2018-07-02 10:20:03'),
(450, 329, 136, '3288.54', '2018-07-02 10:20:03', '2018-07-02 10:20:03'),
(451, 333, 136, '3288.54', '2018-07-02 10:20:03', '2018-07-02 10:20:03'),
(452, 334, 136, '3288.54', '2018-07-02 10:20:03', '2018-07-02 10:20:03'),
(453, 336, 136, '3288.54', '2018-07-02 10:20:03', '2018-07-02 10:20:03'),
(454, 341, 136, '3288.54', '2018-07-02 10:20:03', '2018-07-02 10:20:03'),
(455, 417, 137, '2086.50', '2018-07-02 17:38:57', '2018-07-02 17:38:57'),
(456, 413, 138, '704.06', '2018-07-02 17:40:36', '2018-07-02 17:40:36'),
(457, 414, 138, '704.06', '2018-07-02 17:40:36', '2018-07-02 17:40:36'),
(458, 418, 138, '704.06', '2018-07-02 17:40:36', '2018-07-02 17:40:36'),
(459, 392, 139, '2260.91', '2018-07-05 00:41:32', '2018-07-05 00:41:32'),
(460, 400, 139, '2260.91', '2018-07-05 00:41:32', '2018-07-05 00:41:32'),
(461, 403, 139, '2260.91', '2018-07-05 00:41:32', '2018-07-05 00:41:32'),
(462, 404, 139, '2260.91', '2018-07-05 00:41:32', '2018-07-05 00:41:32'),
(463, 409, 139, '2260.91', '2018-07-05 00:41:32', '2018-07-05 00:41:32'),
(464, 327, 140, '9083.23', '2018-07-05 00:51:03', '2018-07-05 00:51:03'),
(465, 331, 140, '9083.23', '2018-07-05 00:51:03', '2018-07-05 00:51:03'),
(466, 335, 140, '9083.23', '2018-07-05 00:51:03', '2018-07-05 00:51:03'),
(467, 338, 140, '9083.23', '2018-07-05 00:51:03', '2018-07-05 00:51:03'),
(468, 340, 140, '9083.23', '2018-07-05 00:51:03', '2018-07-05 00:51:03'),
(469, 343, 140, '9083.23', '2018-07-05 00:51:03', '2018-07-05 00:51:03'),
(470, 349, 140, '9083.23', '2018-07-05 00:51:03', '2018-07-05 00:51:03'),
(471, 359, 140, '9083.23', '2018-07-05 00:51:03', '2018-07-05 00:51:03'),
(472, 345, 141, '5379.96', '2018-07-19 01:13:49', '2018-07-19 01:13:49'),
(473, 346, 141, '5379.96', '2018-07-19 01:13:49', '2018-07-19 01:13:49'),
(474, 350, 141, '5379.96', '2018-07-19 01:13:49', '2018-07-19 01:13:49'),
(475, 362, 141, '5379.96', '2018-07-19 01:13:49', '2018-07-19 01:13:49'),
(476, 426, 142, '532.86', '2018-07-25 01:16:27', '2018-07-25 01:16:27'),
(477, 429, 142, '532.86', '2018-07-25 01:16:27', '2018-07-25 01:16:27'),
(478, 420, 143, '109.19', '2018-07-25 22:18:15', '2018-07-25 22:18:15'),
(479, 428, 143, '189.99', '2018-07-25 22:18:15', '2018-07-25 22:18:15'),
(480, 411, 144, '296.28', '2018-07-25 22:27:02', '2018-07-25 22:27:02'),
(484, 294, 146, '1012.62', '2018-07-25 22:39:47', '2018-07-25 22:39:47'),
(485, 296, 146, '513.60', '2018-07-25 22:39:47', '2018-07-25 22:39:47'),
(486, 301, 146, '850.65', '2018-07-25 22:39:47', '2018-07-25 22:39:47'),
(487, 304, 146, '128.00', '2018-07-25 22:39:47', '2018-07-25 22:39:47'),
(488, 440, 147, '224.38', '2018-08-02 10:51:39', '2018-08-02 10:51:39'),
(489, 428, 148, '34.39', '2018-08-09 22:18:34', '2018-08-09 22:18:34'),
(490, 449, 148, '200.61', '2018-08-09 22:18:34', '2018-08-09 22:18:34'),
(491, 449, 149, '98.56', '2018-08-09 23:17:12', '2018-08-09 23:17:12'),
(492, 462, 149, '6.44', '2018-08-09 23:17:12', '2018-08-09 23:17:12'),
(493, 363, 150, '5136.00', '2018-08-31 21:34:32', '2018-08-31 21:34:32'),
(494, 371, 150, '5136.00', '2018-08-31 21:34:32', '2018-08-31 21:34:32'),
(495, 378, 150, '5136.00', '2018-08-31 21:34:32', '2018-08-31 21:34:32'),
(496, 381, 150, '5136.00', '2018-08-31 21:34:32', '2018-08-31 21:34:32'),
(497, 385, 150, '5136.00', '2018-08-31 21:34:32', '2018-08-31 21:34:32'),
(498, 387, 150, '5136.00', '2018-08-31 21:34:32', '2018-08-31 21:34:32'),
(499, 388, 150, '5136.00', '2018-08-31 21:34:32', '2018-08-31 21:34:32'),
(500, 397, 150, '5136.00', '2018-08-31 21:34:32', '2018-08-31 21:34:32'),
(501, 398, 150, '5136.00', '2018-08-31 21:34:32', '2018-08-31 21:34:32'),
(502, 344, 151, '2462.07', '2018-09-09 20:24:12', '2018-09-09 20:24:12'),
(503, 361, 151, '2462.07', '2018-09-09 20:24:12', '2018-09-09 20:24:12'),
(504, 374, 151, '2462.07', '2018-09-09 20:24:12', '2018-09-09 20:24:12'),
(505, 376, 151, '2462.07', '2018-09-09 20:24:12', '2018-09-09 20:24:12'),
(506, 380, 151, '2462.07', '2018-09-09 20:24:12', '2018-09-09 20:24:12'),
(507, 304, 152, '1968.13', '2018-09-09 20:27:09', '2018-09-09 20:27:09'),
(508, 306, 152, '321.00', '2018-09-09 20:27:09', '2018-09-09 20:27:09'),
(509, 307, 152, '107.00', '2018-09-09 20:27:09', '2018-09-09 20:27:09'),
(510, 310, 152, '128.00', '2018-09-09 20:27:09', '2018-09-09 20:27:09'),
(511, 437, 153, '904.15', '2018-09-09 20:51:56', '2018-09-09 20:51:56'),
(512, 443, 153, '904.15', '2018-09-09 20:51:56', '2018-09-09 20:51:56'),
(513, 475, 154, '101.65', '2018-09-09 20:54:00', '2018-09-09 20:54:00'),
(514, 475, 155, '101.65', '2018-09-09 20:55:12', '2018-09-09 20:55:12'),
(517, 465, 157, '2821.59', '2018-10-02 08:43:28', '2018-10-02 08:43:28'),
(518, 477, 157, '2821.59', '2018-10-02 08:43:28', '2018-10-02 08:43:28'),
(519, 489, 158, '152.48', '2018-10-02 10:38:08', '2018-10-02 10:38:08'),
(520, 489, 159, '152.47', '2018-10-02 10:39:22', '2018-10-02 10:39:22'),
(521, 476, 160, '149.59', '2018-10-02 10:41:08', '2018-10-02 10:41:08'),
(522, 462, 161, '244.80', '2018-10-02 21:15:06', '2018-10-02 21:15:06'),
(523, 464, 161, '101.65', '2018-10-02 21:15:06', '2018-10-02 21:15:06'),
(524, 469, 161, '53.55', '2018-10-02 21:15:06', '2018-10-02 21:15:06'),
(525, 469, 162, '48.10', '2018-10-09 21:08:47', '2018-10-09 21:08:47'),
(526, 503, 162, '101.65', '2018-10-09 21:08:47', '2018-10-09 21:08:47'),
(527, 505, 162, '75.25', '2018-10-09 21:08:47', '2018-10-09 21:08:47'),
(528, 402, 163, '5613.22', '2018-10-10 09:35:00', '2018-10-10 09:35:00'),
(529, 408, 163, '5613.22', '2018-10-10 09:35:00', '2018-10-10 09:35:00'),
(530, 419, 163, '5613.22', '2018-10-10 09:35:00', '2018-10-10 09:35:00'),
(531, 421, 163, '5613.22', '2018-10-10 09:35:00', '2018-10-10 09:35:00'),
(532, 424, 163, '5613.22', '2018-10-10 09:35:00', '2018-10-10 09:35:00'),
(533, 432, 163, '5613.22', '2018-10-10 09:35:00', '2018-10-10 09:35:00'),
(534, 433, 163, '5613.22', '2018-10-10 09:35:00', '2018-10-10 09:35:00'),
(535, 436, 164, '6213.49', '2018-10-10 09:39:16', '2018-10-10 09:39:16'),
(536, 439, 164, '6213.49', '2018-10-10 09:39:16', '2018-10-10 09:39:16'),
(537, 442, 164, '6213.49', '2018-10-10 09:39:16', '2018-10-10 09:39:16'),
(538, 446, 164, '6213.49', '2018-10-10 09:39:16', '2018-10-10 09:39:16'),
(539, 447, 164, '6213.49', '2018-10-10 09:39:16', '2018-10-10 09:39:16'),
(540, 448, 164, '6213.49', '2018-10-10 09:39:16', '2018-10-10 09:39:16'),
(541, 450, 165, '4409.47', '2018-10-10 09:40:31', '2018-10-10 09:40:31'),
(542, 451, 165, '4409.47', '2018-10-10 09:40:31', '2018-10-10 09:40:31'),
(543, 488, 166, '149.59', '2018-10-10 23:38:55', '2018-10-10 23:38:55'),
(544, 508, 167, '203.30', '2018-10-10 23:43:24', '2018-10-10 23:43:24'),
(545, 507, 168, '149.58', '2018-10-10 23:44:45', '2018-10-10 23:44:45'),
(546, 444, 169, '518.20', '2018-10-14 18:12:44', '2018-10-14 18:12:44'),
(547, 461, 169, '518.20', '2018-10-14 18:12:44', '2018-10-14 18:12:44'),
(548, 505, 170, '75.00', '2018-10-25 13:18:38', '2018-10-25 13:18:38'),
(549, 310, 171, '2610.13', '2018-10-25 22:47:07', '2018-10-25 22:47:07'),
(550, 315, 171, '2610.13', '2018-10-25 22:47:07', '2018-10-25 22:47:07'),
(551, 318, 171, '2610.13', '2018-10-25 22:47:07', '2018-10-25 22:47:07'),
(552, 320, 171, '2610.13', '2018-10-25 22:47:07', '2018-10-25 22:47:07'),
(553, 529, 172, '171.20', '2018-11-05 17:07:41', '2018-11-05 17:07:41'),
(554, 507, 173, '149.59', '2018-11-05 20:23:52', '2018-11-05 20:23:52'),
(555, 512, 174, '74.79', '2018-11-05 20:24:51', '2018-11-05 20:24:51'),
(556, 473, 175, '191.53', '2018-11-05 22:53:32', '2018-11-05 22:53:32'),
(557, 386, 176, '471.87', '2018-11-13 22:59:20', '2018-11-13 22:59:20'),
(558, 389, 176, '574.59', '2018-11-13 22:59:20', '2018-11-13 22:59:20'),
(559, 399, 176, '543.56', '2018-11-13 22:59:20', '2018-11-13 22:59:20'),
(560, 425, 176, '937.32', '2018-11-13 22:59:20', '2018-11-13 22:59:20'),
(561, 427, 176, '73.72', '2018-11-13 22:59:20', '2018-11-13 22:59:20'),
(562, 431, 176, '214.00', '2018-11-13 22:59:20', '2018-11-13 22:59:20'),
(563, 434, 176, '73.73', '2018-11-13 22:59:20', '2018-11-13 22:59:20'),
(564, 453, 177, '248.24', '2018-11-18 23:59:25', '2018-11-18 23:59:25'),
(565, 457, 177, '1556.85', '2018-11-18 23:59:25', '2018-11-18 23:59:25'),
(566, 460, 177, '2080.08', '2018-11-18 23:59:25', '2018-11-18 23:59:25'),
(567, 466, 177, '2939.29', '2018-11-18 23:59:25', '2018-11-18 23:59:25'),
(568, 467, 177, '984.40', '2018-11-18 23:59:25', '2018-11-18 23:59:25'),
(569, 468, 177, '638.51', '2018-11-18 23:59:25', '2018-11-18 23:59:25'),
(570, 505, 178, '148.92', '2018-11-23 23:37:42', '2018-11-23 23:37:42'),
(571, 513, 178, '1.08', '2018-11-23 23:37:42', '2018-11-23 23:37:42'),
(572, 526, 179, '299.17', '2018-11-25 21:41:21', '2018-11-25 21:41:21'),
(573, 521, 180, '136.42', '2018-11-25 21:42:52', '2018-11-25 21:42:52'),
(574, 525, 181, '214.00', '2018-12-05 18:46:53', '2018-12-05 18:46:53'),
(575, 521, 182, '136.43', '2018-12-05 19:10:52', '2018-12-05 19:10:52'),
(576, 546, 183, '149.58', '2018-12-05 19:11:57', '2018-12-05 19:11:57'),
(577, 546, 184, '149.59', '2018-12-14 00:49:42', '2018-12-14 00:49:42'),
(579, 552, 186, '133.23', '2018-12-14 00:51:50', '2018-12-14 00:51:50'),
(580, 557, 187, '6313.00', '2019-01-07 23:58:57', '2019-01-07 23:58:57'),
(581, 571, 188, '240.75', '2019-01-08 00:00:23', '2019-01-08 00:00:23'),
(582, 574, 188, '240.75', '2019-01-08 00:00:23', '2019-01-08 00:00:23'),
(583, 585, 189, '3870.00', '2019-01-08 01:45:52', '2019-01-08 01:45:52'),
(584, 482, 190, '5927.80', '2019-01-08 01:49:57', '2019-01-08 01:49:57'),
(585, 484, 190, '5927.80', '2019-01-08 01:49:57', '2019-01-08 01:49:57'),
(586, 485, 190, '5927.80', '2019-01-08 01:49:57', '2019-01-08 01:49:57'),
(587, 487, 190, '5927.80', '2019-01-08 01:49:57', '2019-01-08 01:49:57'),
(588, 585, 191, '9933.00', '2019-01-11 00:55:56', '2019-01-11 00:55:56'),
(589, 468, 192, '7931.12', '2019-01-13 17:00:35', '2019-01-13 17:00:35'),
(590, 471, 192, '7931.12', '2019-01-13 17:00:35', '2019-01-13 17:00:35'),
(591, 472, 192, '7931.12', '2019-01-13 17:00:35', '2019-01-13 17:00:35'),
(592, 474, 192, '7931.12', '2019-01-13 17:00:35', '2019-01-13 17:00:35'),
(593, 478, 192, '7931.12', '2019-01-13 17:00:35', '2019-01-13 17:00:35'),
(594, 480, 192, '7931.12', '2019-01-13 17:00:35', '2019-01-13 17:00:35'),
(595, 481, 192, '7931.12', '2019-01-13 17:00:35', '2019-01-13 17:00:35'),
(596, 517, 193, '357.38', '2019-01-17 11:42:50', '2019-01-17 11:42:50'),
(597, 575, 194, '422.65', '2019-01-18 11:49:08', '2019-01-18 11:49:08'),
(598, 552, 195, '133.20', '2019-01-23 13:14:38', '2019-01-23 13:14:38'),
(599, 598, 196, '304.95', '2019-01-23 13:15:42', '2019-01-23 13:15:42'),
(604, 618, 201, '181.90', '2019-01-27 15:42:34', '2019-01-27 15:42:34'),
(605, 434, 202, '3879.92', '2019-01-27 16:03:38', '2019-01-27 16:03:38'),
(606, 441, 202, '3879.92', '2019-01-27 16:03:38', '2019-01-27 16:03:38'),
(607, 458, 202, '3879.92', '2019-01-27 16:03:38', '2019-01-27 16:03:38'),
(608, 490, 202, '3879.92', '2019-01-27 16:03:38', '2019-01-27 16:03:38'),
(609, 496, 202, '3879.92', '2019-01-27 16:03:38', '2019-01-27 16:03:38'),
(610, 497, 202, '3879.92', '2019-01-27 16:03:38', '2019-01-27 16:03:38'),
(611, 498, 202, '3879.92', '2019-01-27 16:03:38', '2019-01-27 16:03:38'),
(612, 499, 202, '3879.92', '2019-01-27 16:03:38', '2019-01-27 16:03:38'),
(613, 491, 203, '864.56', '2019-01-27 16:04:15', '2019-01-27 16:04:15'),
(614, 328, 204, '2996.00', '2019-01-27 18:54:19', '2019-01-27 18:54:19'),
(615, 339, 204, '2996.00', '2019-01-27 18:54:19', '2019-01-27 18:54:19'),
(616, 360, 204, '2996.00', '2019-01-27 18:54:19', '2019-01-27 18:54:19'),
(617, 372, 204, '2996.00', '2019-01-27 18:54:19', '2019-01-27 18:54:19'),
(618, 375, 204, '2996.00', '2019-01-27 18:54:19', '2019-01-27 18:54:19'),
(619, 390, 204, '2996.00', '2019-01-27 18:54:19', '2019-01-27 18:54:19'),
(620, 391, 204, '2996.00', '2019-01-27 18:54:19', '2019-01-27 18:54:19'),
(621, 513, 205, '94.00', '2019-01-31 23:23:03', '2019-01-31 23:23:03'),
(625, 491, 209, '1189.84', '2019-02-07 23:56:53', '2019-02-07 23:56:53'),
(626, 500, 209, '267.50', '2019-02-07 23:56:53', '2019-02-07 23:56:53'),
(627, 501, 209, '342.40', '2019-02-07 23:56:53', '2019-02-07 23:56:53'),
(628, 502, 209, '312.44', '2019-02-07 23:56:53', '2019-02-07 23:56:53'),
(629, 510, 209, '234.33', '2019-02-07 23:56:53', '2019-02-07 23:56:53'),
(630, 516, 209, '342.40', '2019-02-07 23:56:53', '2019-02-07 23:56:53'),
(631, 518, 209, '426.93', '2019-02-07 23:56:53', '2019-02-07 23:56:53'),
(632, 524, 209, '156.22', '2019-02-07 23:56:53', '2019-02-07 23:56:53'),
(633, 530, 209, '156.22', '2019-02-07 23:56:53', '2019-02-07 23:56:53'),
(634, 537, 209, '546.77', '2019-02-07 23:56:53', '2019-02-07 23:56:53'),
(635, 539, 209, '24.95', '2019-02-07 23:56:53', '2019-02-07 23:56:53'),
(644, 513, 211, '100.00', '2019-02-07 23:59:35', '2019-02-07 23:59:35'),
(645, 486, 212, '6319.42', '2019-02-08 22:05:17', '2019-02-08 22:05:17'),
(646, 492, 212, '6319.42', '2019-02-08 22:05:17', '2019-02-08 22:05:17'),
(647, 495, 212, '6319.42', '2019-02-08 22:05:17', '2019-02-08 22:05:17'),
(648, 504, 212, '6319.42', '2019-02-08 22:05:17', '2019-02-08 22:05:17'),
(649, 511, 212, '6319.42', '2019-02-08 22:05:17', '2019-02-08 22:05:17'),
(650, 514, 212, '6319.42', '2019-02-08 22:05:17', '2019-02-08 22:05:17'),
(651, 519, 212, '6319.42', '2019-02-08 22:05:17', '2019-02-08 22:05:17'),
(652, 533, 212, '6319.42', '2019-02-08 22:05:17', '2019-02-08 22:05:17'),
(653, 540, 212, '6319.42', '2019-02-08 22:05:17', '2019-02-08 22:05:17'),
(654, 542, 212, '6319.42', '2019-02-08 22:05:17', '2019-02-08 22:05:17'),
(655, 647, 213, '62.06', '2019-02-09 18:04:37', '2019-02-09 18:04:37'),
(659, 594, 215, '781.10', '2019-02-12 19:12:31', '2019-02-12 19:12:31'),
(660, 595, 215, '781.10', '2019-02-12 19:12:31', '2019-02-12 19:12:31'),
(661, 596, 215, '781.10', '2019-02-12 19:12:31', '2019-02-12 19:12:31'),
(662, 616, 216, '107.00', '2019-02-12 19:13:41', '2019-02-12 19:13:41'),
(663, 578, 217, '160.50', '2019-02-12 19:14:48', '2019-02-12 19:14:48'),
(664, 685, 218, '224.38', '2019-02-12 19:47:39', '2019-02-12 19:47:39'),
(665, 598, 219, '304.95', '2019-02-12 19:53:37', '2019-02-12 19:53:37'),
(666, 612, 220, '240.54', '2019-02-12 19:54:47', '2019-02-12 19:54:47'),
(667, 643, 221, '304.95', '2019-02-12 19:55:45', '2019-02-12 19:55:45'),
(668, 646, 222, '74.79', '2019-02-12 19:56:48', '2019-02-12 19:56:48'),
(669, 577, 223, '168.53', '2019-02-12 19:57:58', '2019-02-12 19:57:58'),
(670, 551, 224, '8569.63', '2019-02-12 20:02:11', '2019-02-12 20:02:11'),
(671, 553, 224, '8569.63', '2019-02-12 20:02:11', '2019-02-12 20:02:11'),
(672, 558, 224, '8569.63', '2019-02-12 20:02:11', '2019-02-12 20:02:11'),
(673, 559, 224, '8569.63', '2019-02-12 20:02:11', '2019-02-12 20:02:11'),
(674, 563, 225, '4008.22', '2019-02-20 16:35:18', '2019-02-20 16:35:18'),
(675, 569, 225, '4008.22', '2019-02-20 16:35:18', '2019-02-20 16:35:18'),
(676, 573, 225, '4008.22', '2019-02-20 16:35:18', '2019-02-20 16:35:18'),
(677, 586, 225, '4008.22', '2019-02-20 16:35:18', '2019-02-20 16:35:18'),
(678, 593, 225, '4008.22', '2019-02-20 16:35:18', '2019-02-20 16:35:18'),
(679, 600, 225, '4008.22', '2019-02-20 16:35:18', '2019-02-20 16:35:18'),
(680, 604, 225, '4008.22', '2019-02-20 16:35:18', '2019-02-20 16:35:18'),
(681, 576, 226, '8560.00', '2019-02-26 15:14:34', '2019-02-26 15:14:34'),
(682, 605, 227, '3045.22', '2019-02-26 15:18:31', '2019-02-26 15:18:31'),
(683, 608, 227, '3045.22', '2019-02-26 15:18:31', '2019-02-26 15:18:31'),
(684, 609, 227, '3045.22', '2019-02-26 15:18:31', '2019-02-26 15:18:31'),
(685, 613, 227, '3045.22', '2019-02-26 15:18:31', '2019-02-26 15:18:31'),
(686, 619, 227, '3045.22', '2019-02-26 15:18:31', '2019-02-26 15:18:31'),
(687, 624, 227, '3045.22', '2019-02-26 15:18:31', '2019-02-26 15:18:31'),
(688, 627, 227, '3045.22', '2019-02-26 15:18:31', '2019-02-26 15:18:31'),
(689, 637, 227, '3045.22', '2019-02-26 15:18:31', '2019-02-26 15:18:31'),
(695, 724, 232, '53.50', '2019-03-10 16:09:27', '2019-03-10 16:09:27'),
(696, 501, 233, '0.00', '2019-03-10 23:34:55', '2019-03-10 23:34:55'),
(697, 510, 233, '0.00', '2019-03-10 23:34:55', '2019-03-10 23:34:55'),
(698, 501, 234, '342.40', '2019-03-10 23:40:56', '2019-03-10 23:40:56'),
(699, 510, 234, '234.33', '2019-03-10 23:40:56', '2019-03-10 23:40:56'),
(700, 606, 235, '634.51', '2019-03-10 23:42:57', '2019-03-10 23:42:57'),
(701, 491, 236, '0.00', '2019-03-10 23:43:34', '2019-03-10 23:43:34'),
(702, 639, 237, '304.95', '2019-03-10 23:54:47', '2019-03-10 23:54:47'),
(703, 641, 237, '195.05', '2019-03-10 23:54:47', '2019-03-10 23:54:47');

-- --------------------------------------------------------

--
-- Estructura de tabla para la tabla `migrations`
--

CREATE TABLE `migrations` (
  `id` int(10) UNSIGNED NOT NULL,
  `migration` varchar(255) COLLATE utf8_unicode_ci NOT NULL,
  `batch` int(11) NOT NULL
) ENGINE=InnoDB DEFAULT CHARSET=utf8 COLLATE=utf8_unicode_ci;

--
-- Volcado de datos para la tabla `migrations`
--

INSERT INTO `migrations` (`id`, `migration`, `batch`) VALUES
(248, '2014_10_12_000000_create_users_table', 1),
(249, '2014_10_12_100000_create_password_resets_table', 1),
(250, '2016_12_22_214929_crear_tabla_clientes', 1),
(251, '2016_12_22_233011_crear_tabla_categorias', 1),
(252, '2016_12_22_234926_crear_tabla_productos', 1),
(253, '2016_12_25_004606_create_ordenes_table', 1),
(254, '2017_01_01_144818_create_repartidores_table', 1),
(255, '2017_01_03_150837_create_comisions_table', 1),
(256, '2017_01_05_201059_create_facturas_table', 1),
(257, '2017_04_13_230658_create_facturas_estados_table', 1),
(258, '2017_04_13_231823_create_ordenes_estados_table', 1),
(259, '2017_04_13_233424_create_users_roles_table', 1),
(260, '2017_04_18_022601_create_tipo_pagos_table', 1),
(261, '2017_04_18_022608_create_pagos_table', 1),
(262, '2017_05_15_184741_ordenes_comisiones', 1),
(263, '2017_05_15_185048_ordenes_productos', 1),
(264, '2017_05_15_185212_ordenes_repartidores', 1),
(265, '2017_05_15_195735_facturas_pagos', 1),
(266, '2017_05_20_113601_entrust_setup_tables', 1),
(381, '2014_10_12_000000_create_users_table', 1),
(382, '2014_10_12_100000_create_password_resets_table', 1),
(383, '2016_12_22_214929_crear_tabla_clientes', 1),
(384, '2016_12_22_233011_crear_tabla_categorias', 1),
(385, '2016_12_22_234926_crear_tabla_productos', 1),
(386, '2016_12_25_004606_create_ordenes_table', 1),
(387, '2017_01_01_144818_create_repartidores_table', 1),
(388, '2017_01_03_150837_create_comisions_table', 1),
(389, '2017_01_05_201059_create_facturas_table', 1),
(390, '2017_04_13_230658_create_facturas_estados_table', 1),
(391, '2017_04_13_231823_create_ordenes_estados_table', 1),
(392, '2017_04_13_233424_create_users_roles_table', 1),
(393, '2017_04_18_022601_create_tipo_pagos_table', 1),
(394, '2017_04_18_022608_create_pagos_table', 1),
(395, '2017_05_15_184741_ordenes_comisiones', 1),
(396, '2017_05_15_185048_ordenes_productos', 1),
(397, '2017_05_15_185212_ordenes_repartidores', 1),
(398, '2017_05_15_195735_facturas_pagos', 1),
(399, '2017_05_20_113601_entrust_setup_tables', 1),
(400, '2017_06_28_193055_create_cotizacions_table', 2),
(401, '2019_03_10_203209_create_permission_tables', 3);

-- --------------------------------------------------------

--
-- Estructura de tabla para la tabla `model_has_permissions`
--

CREATE TABLE `model_has_permissions` (
  `permission_id` int(10) UNSIGNED NOT NULL,
  `model_type` varchar(191) COLLATE utf8mb4_unicode_ci NOT NULL,
  `model_id` bigint(20) UNSIGNED NOT NULL
) ENGINE=InnoDB DEFAULT CHARSET=utf8mb4 COLLATE=utf8mb4_unicode_ci;

-- --------------------------------------------------------

--
-- Estructura de tabla para la tabla `model_has_roles`
--

CREATE TABLE `model_has_roles` (
  `role_id` int(10) UNSIGNED NOT NULL,
  `model_type` varchar(191) COLLATE utf8mb4_unicode_ci NOT NULL,
  `model_id` bigint(20) UNSIGNED NOT NULL
) ENGINE=InnoDB DEFAULT CHARSET=utf8mb4 COLLATE=utf8mb4_unicode_ci;

--
-- Volcado de datos para la tabla `model_has_roles`
--

INSERT INTO `model_has_roles` (`role_id`, `model_type`, `model_id`) VALUES
(4, 'App\\User', 1);

-- --------------------------------------------------------

--
-- Estructura de tabla para la tabla `nota_creditos`
--

CREATE TABLE `nota_creditos` (
  `id` int(10) UNSIGNED NOT NULL,
  `num_fiscal` int(10) UNSIGNED NOT NULL DEFAULT '0',
  `num_nota_credito` int(10) UNSIGNED NOT NULL,
  `idPago` int(10) UNSIGNED NOT NULL DEFAULT '0',
  `created_at` timestamp NULL DEFAULT NULL,
  `updated_at` timestamp NULL DEFAULT NULL
) ENGINE=InnoDB DEFAULT CHARSET=latin1;

--
-- Volcado de datos para la tabla `nota_creditos`
--

INSERT INTO `nota_creditos` (`id`, `num_fiscal`, `num_nota_credito`, `idPago`, `created_at`, `updated_at`) VALUES
(3, 0, 1, 232, '2019-03-10 16:09:27', '2019-03-10 16:09:27');

-- --------------------------------------------------------

--
-- Estructura de tabla para la tabla `ordenes_comisiones`
--

CREATE TABLE `ordenes_comisiones` (
  `id` int(10) UNSIGNED NOT NULL,
  `idComision` int(10) UNSIGNED NOT NULL,
  `idOrden` int(10) UNSIGNED NOT NULL,
  `porcentaje` varchar(255) COLLATE utf8_unicode_ci NOT NULL,
  `created_at` timestamp NULL DEFAULT NULL,
  `updated_at` timestamp NULL DEFAULT NULL
) ENGINE=InnoDB DEFAULT CHARSET=utf8 COLLATE=utf8_unicode_ci;

--
-- Volcado de datos para la tabla `ordenes_comisiones`
--

INSERT INTO `ordenes_comisiones` (`id`, `idComision`, `idOrden`, `porcentaje`, `created_at`, `updated_at`) VALUES
(1, 1, 38, '3', NULL, NULL),
(2, 2, 41, '3', NULL, NULL),
(3, 3, 40, '3', NULL, NULL),
(4, 3, 41, '3', NULL, NULL),
(5, 4, 40, '2', NULL, NULL),
(6, 4, 41, '2', NULL, NULL),
(7, 5, 39, '2', NULL, NULL),
(8, 5, 40, '2', NULL, NULL),
(9, 5, 41, '2', NULL, NULL),
(10, 6, 39, '3', NULL, NULL),
(11, 6, 40, '3', NULL, NULL),
(12, 6, 41, '3', NULL, NULL),
(13, 7, 7, '1', NULL, NULL),
(14, 8, 42, '3', NULL, NULL),
(15, 9, 42, '3', NULL, NULL),
(16, 10, 42, '2', NULL, NULL),
(17, 11, 42, '3', NULL, NULL),
(18, 12, 43, '2', NULL, NULL),
(19, 12, 44, '2', NULL, NULL),
(20, 12, 45, '2', NULL, NULL),
(21, 13, 43, '3', NULL, NULL),
(22, 13, 44, '3', NULL, NULL),
(23, 13, 45, '3', NULL, NULL),
(24, 14, 43, '3', NULL, NULL),
(25, 14, 44, '3', NULL, NULL),
(26, 14, 45, '3', NULL, NULL),
(27, 14, 47, '3', NULL, NULL),
(28, 14, 48, '3', NULL, NULL),
(29, 15, 43, '2', NULL, NULL),
(30, 15, 44, '2', NULL, NULL),
(31, 15, 45, '2', NULL, NULL),
(32, 15, 47, '2', NULL, NULL),
(33, 16, 51, '3', NULL, NULL),
(34, 16, 52, '2', NULL, NULL),
(35, 17, 52, '3', NULL, NULL),
(36, 18, 53, '2', NULL, NULL),
(37, 18, 55, '2', NULL, NULL),
(38, 19, 53, '3', NULL, NULL),
(39, 19, 55, '3', NULL, NULL),
(40, 20, 50, '3', NULL, NULL),
(41, 20, 53, '3', NULL, NULL),
(42, 20, 55, '3', NULL, NULL),
(43, 21, 57, '2', NULL, NULL),
(44, 21, 62, '2', NULL, NULL),
(45, 21, 67, '2', NULL, NULL),
(46, 21, 68, '2', NULL, NULL),
(47, 21, 69, '2', NULL, NULL),
(48, 22, 66, '2', NULL, NULL),
(49, 22, 67, '3', NULL, NULL),
(50, 22, 68, '2', NULL, NULL),
(51, 23, 80, '3', NULL, NULL),
(52, 23, 81, '3', NULL, NULL),
(53, 23, 84, '3', NULL, NULL),
(54, 24, 82, '3', NULL, NULL),
(55, 24, 83, '3', NULL, NULL),
(56, 24, 84, '3', NULL, NULL),
(57, 25, 80, '3', NULL, NULL),
(58, 25, 81, '2', NULL, NULL),
(59, 25, 84, '3', NULL, NULL),
(60, 26, 90, '3', NULL, NULL),
(61, 26, 94, '2', NULL, NULL),
(62, 26, 96, '2', NULL, NULL),
(63, 26, 103, '2', NULL, NULL),
(64, 27, 96, '2', NULL, NULL),
(65, 27, 98, '2', NULL, NULL),
(66, 27, 99, '2', NULL, NULL),
(67, 27, 103, '2', NULL, NULL),
(68, 28, 98, '3', NULL, NULL),
(69, 28, 99, '3', NULL, NULL),
(70, 29, 105, '2', NULL, NULL),
(71, 29, 106, '2', NULL, NULL),
(72, 30, 109, '2', NULL, NULL),
(73, 30, 110, '2', NULL, NULL),
(74, 30, 111, '2', NULL, NULL),
(75, 31, 106, '2', NULL, NULL),
(76, 31, 108, '2', NULL, NULL),
(77, 31, 109, '2', NULL, NULL),
(78, 31, 110, '2', NULL, NULL),
(79, 31, 111, '2', NULL, NULL),
(80, 32, 112, '2', NULL, NULL),
(81, 32, 117, '2', NULL, NULL),
(82, 32, 118, '2', NULL, NULL),
(83, 32, 119, '2', NULL, NULL),
(84, 32, 120, '2', NULL, NULL),
(85, 33, 120, '3', NULL, NULL),
(86, 34, 117, '2', NULL, NULL),
(87, 34, 119, '2', NULL, NULL),
(88, 35, 117, '2', NULL, NULL),
(89, 35, 118, '2', NULL, NULL),
(90, 36, 121, '2', NULL, NULL),
(91, 36, 122, '2', NULL, NULL),
(92, 36, 123, '2', NULL, NULL),
(93, 36, 125, '2', NULL, NULL),
(94, 37, 121, '2', NULL, NULL),
(95, 37, 122, '2', NULL, NULL),
(96, 37, 123, '2', NULL, NULL),
(97, 37, 125, '2', NULL, NULL),
(98, 37, 127, '2', NULL, NULL),
(99, 38, 120, '3', NULL, NULL),
(100, 38, 121, '3', NULL, NULL),
(101, 38, 123, '3', NULL, NULL),
(102, 38, 125, '3', NULL, NULL),
(103, 38, 127, '3', NULL, NULL),
(104, 39, 117, '2', NULL, NULL),
(105, 39, 118, '2', NULL, NULL),
(106, 39, 119, '2', NULL, NULL),
(107, 40, 129, '3', NULL, NULL),
(108, 40, 130, '3', NULL, NULL),
(109, 40, 131, '3', NULL, NULL),
(110, 40, 132, '3', NULL, NULL),
(111, 40, 135, '3', NULL, NULL),
(112, 40, 136, '3', NULL, NULL),
(113, 40, 137, '3', NULL, NULL),
(114, 40, 138, '3', NULL, NULL),
(115, 40, 139, '3', NULL, NULL),
(116, 40, 140, '3', NULL, NULL),
(117, 41, 129, '2', NULL, NULL),
(118, 41, 130, '2', NULL, NULL),
(119, 41, 131, '2', NULL, NULL),
(120, 41, 132, '2', NULL, NULL),
(121, 41, 135, '2', NULL, NULL),
(122, 41, 137, '2', NULL, NULL),
(123, 41, 138, '2', NULL, NULL),
(124, 41, 139, '2', NULL, NULL),
(125, 41, 140, '2', NULL, NULL),
(126, 42, 129, '2', NULL, NULL),
(127, 42, 130, '2', NULL, NULL),
(128, 42, 131, '2', NULL, NULL),
(129, 42, 132, '2', NULL, NULL),
(130, 42, 135, '2', NULL, NULL),
(131, 42, 137, '2', NULL, NULL),
(132, 42, 138, '2', NULL, NULL),
(133, 42, 139, '2', NULL, NULL),
(134, 42, 140, '2', NULL, NULL),
(135, 43, 128, '2', NULL, NULL),
(136, 43, 129, '2', NULL, NULL),
(137, 43, 130, '2', NULL, NULL),
(138, 43, 131, '2', NULL, NULL),
(139, 43, 132, '2', NULL, NULL),
(140, 43, 135, '2', NULL, NULL),
(141, 43, 137, '2', NULL, NULL),
(142, 43, 138, '2', NULL, NULL),
(143, 43, 139, '2', NULL, NULL),
(144, 43, 140, '2', NULL, NULL),
(145, 44, 128, '3', NULL, NULL),
(146, 44, 129, '3', NULL, NULL),
(147, 44, 130, '3', NULL, NULL),
(148, 44, 131, '3', NULL, NULL),
(149, 44, 132, '3', NULL, NULL),
(150, 44, 135, '3', NULL, NULL),
(151, 44, 136, '3', NULL, NULL),
(152, 44, 137, '3', NULL, NULL),
(153, 44, 138, '3', NULL, NULL),
(154, 44, 139, '3', NULL, NULL),
(155, 44, 140, '3', NULL, NULL),
(156, 45, 142, '3', NULL, NULL),
(157, 45, 143, '3', NULL, NULL),
(158, 45, 145, '3', NULL, NULL),
(159, 45, 149, '3', NULL, NULL),
(160, 45, 152, '3', NULL, NULL),
(161, 45, 153, '3', NULL, NULL),
(162, 45, 156, '3', NULL, NULL),
(163, 45, 157, '3', NULL, NULL),
(164, 45, 158, '3', NULL, NULL),
(165, 45, 159, '3', NULL, NULL),
(166, 45, 160, '3', NULL, NULL),
(167, 45, 161, '3', NULL, NULL),
(168, 46, 142, '3', NULL, NULL),
(169, 46, 143, '3', NULL, NULL),
(170, 46, 145, '3', NULL, NULL),
(171, 46, 149, '3', NULL, NULL),
(172, 46, 152, '3', NULL, NULL),
(173, 46, 153, '3', NULL, NULL),
(174, 46, 156, '3', NULL, NULL),
(175, 46, 157, '3', NULL, NULL),
(176, 46, 158, '3', NULL, NULL),
(177, 46, 159, '3', NULL, NULL),
(178, 46, 160, '3', NULL, NULL),
(179, 46, 161, '3', NULL, NULL),
(180, 46, 162, '3', NULL, NULL),
(181, 47, 142, '3', NULL, NULL),
(182, 47, 143, '3', NULL, NULL),
(183, 47, 145, '3', NULL, NULL),
(184, 47, 149, '3', NULL, NULL),
(185, 47, 152, '3', NULL, NULL),
(186, 47, 153, '3', NULL, NULL),
(187, 47, 157, '3', NULL, NULL),
(188, 47, 159, '3', NULL, NULL),
(189, 47, 160, '3', NULL, NULL),
(190, 47, 161, '3', NULL, NULL),
(191, 47, 162, '3', NULL, NULL),
(192, 48, 142, '2', NULL, NULL),
(193, 48, 143, '2', NULL, NULL),
(194, 48, 145, '2', NULL, NULL),
(195, 48, 149, '2', NULL, NULL),
(196, 48, 152, '2', NULL, NULL),
(197, 48, 153, '2', NULL, NULL),
(198, 48, 159, '2', NULL, NULL),
(199, 48, 160, '2', NULL, NULL),
(200, 48, 161, '2', NULL, NULL),
(201, 48, 162, '2', NULL, NULL),
(202, 49, 142, '3', NULL, NULL),
(203, 49, 143, '3', NULL, NULL),
(204, 49, 145, '3', NULL, NULL),
(205, 49, 149, '3', NULL, NULL),
(206, 49, 152, '3', NULL, NULL),
(207, 49, 153, '3', NULL, NULL),
(208, 49, 157, '3', NULL, NULL),
(209, 49, 159, '3', NULL, NULL),
(210, 49, 160, '3', NULL, NULL),
(211, 49, 163, '3', NULL, NULL),
(212, 50, 142, '2', NULL, NULL),
(213, 50, 143, '2', NULL, NULL),
(214, 50, 145, '2', NULL, NULL),
(215, 50, 149, '2', NULL, NULL),
(216, 50, 152, '2', NULL, NULL),
(217, 50, 153, '2', NULL, NULL),
(218, 50, 159, '2', NULL, NULL),
(219, 50, 160, '2', NULL, NULL),
(220, 50, 163, '2', NULL, NULL),
(221, 51, 168, '2', NULL, NULL),
(222, 51, 169, '2', NULL, NULL),
(223, 51, 170, '2', NULL, NULL),
(224, 51, 171, '2', NULL, NULL),
(225, 51, 174, '2', NULL, NULL),
(226, 51, 176, '2', NULL, NULL),
(227, 52, 168, '3', NULL, NULL),
(228, 52, 169, '3', NULL, NULL),
(229, 53, 168, '3', NULL, NULL),
(230, 53, 169, '3', NULL, NULL),
(231, 53, 170, '3', NULL, NULL),
(232, 53, 171, '3', NULL, NULL),
(233, 53, 172, '3', NULL, NULL),
(234, 53, 174, '3', NULL, NULL),
(235, 53, 175, '3', NULL, NULL),
(236, 53, 176, '3', NULL, NULL),
(237, 54, 181, '3', NULL, NULL),
(238, 54, 187, '3', NULL, NULL),
(239, 54, 188, '3', NULL, NULL),
(240, 54, 190, '3', NULL, NULL),
(241, 54, 191, '3', NULL, NULL),
(242, 54, 192, '3', NULL, NULL),
(243, 55, 181, '2', NULL, NULL),
(244, 55, 187, '2', NULL, NULL),
(245, 55, 188, '2', NULL, NULL),
(246, 55, 190, '2', NULL, NULL),
(247, 55, 191, '2', NULL, NULL),
(248, 55, 192, '2', NULL, NULL),
(249, 56, 193, '2', NULL, NULL),
(250, 56, 195, '2', NULL, NULL),
(251, 56, 196, '2', NULL, NULL),
(252, 56, 197, '2', NULL, NULL),
(253, 56, 201, '2', NULL, NULL),
(254, 56, 202, '2', NULL, NULL),
(255, 57, 193, '3', NULL, NULL),
(256, 57, 195, '3', NULL, NULL),
(257, 57, 196, '3', NULL, NULL),
(258, 57, 197, '3', NULL, NULL),
(259, 57, 200, '3', NULL, NULL),
(260, 57, 201, '3', NULL, NULL),
(261, 57, 202, '3', NULL, NULL),
(262, 58, 193, '3', NULL, NULL),
(263, 58, 195, '3', NULL, NULL),
(264, 58, 196, '3', NULL, NULL),
(265, 58, 197, '3', NULL, NULL),
(266, 58, 199, '3', NULL, NULL),
(267, 58, 201, '3', NULL, NULL),
(268, 58, 202, '3', NULL, NULL),
(269, 59, 193, '3', NULL, NULL),
(270, 59, 195, '3', NULL, NULL),
(271, 59, 196, '3', NULL, NULL),
(272, 59, 197, '3', NULL, NULL),
(273, 59, 201, '3', NULL, NULL),
(274, 59, 202, '3', NULL, NULL),
(275, 60, 199, '3', NULL, NULL),
(276, 60, 205, '3', NULL, NULL),
(277, 60, 207, '3', NULL, NULL),
(278, 60, 208, '3', NULL, NULL),
(279, 60, 210, '3', NULL, NULL),
(280, 60, 211, '3', NULL, NULL),
(281, 60, 215, '3', NULL, NULL),
(282, 61, 205, '2', NULL, NULL),
(283, 61, 207, '2', NULL, NULL),
(284, 61, 208, '2', NULL, NULL),
(285, 61, 211, '2', NULL, NULL),
(286, 61, 215, '2', NULL, NULL),
(287, 62, 217, '3', NULL, NULL),
(288, 63, 217, '2', NULL, NULL),
(289, 64, 229, '3', NULL, NULL),
(290, 64, 230, '3', NULL, NULL),
(291, 65, 230, '2', NULL, NULL),
(292, 66, 229, '2', NULL, NULL),
(293, 67, 251, '3', NULL, NULL),
(294, 67, 262, '3', NULL, NULL),
(295, 67, 263, '3', NULL, NULL),
(296, 68, 277, '2', NULL, NULL),
(297, 68, 278, '2', NULL, NULL),
(298, 68, 279, '1', NULL, NULL),
(299, 68, 280, '1', NULL, NULL),
(300, 68, 293, '2', NULL, NULL),
(301, 69, 274, '3', NULL, NULL),
(302, 69, 277, '3', NULL, NULL),
(303, 69, 278, '3', NULL, NULL),
(304, 69, 279, '3', NULL, NULL),
(305, 69, 280, '3', NULL, NULL),
(306, 69, 281, '3', NULL, NULL),
(307, 69, 284, '3', NULL, NULL),
(308, 69, 286, '3', NULL, NULL),
(309, 69, 287, '3', NULL, NULL),
(310, 69, 288, '3', NULL, NULL),
(311, 69, 289, '3', NULL, NULL),
(312, 69, 291, '3', NULL, NULL),
(313, 69, 292, '3', NULL, NULL),
(314, 70, 300, '2', NULL, NULL),
(315, 70, 304, '2', NULL, NULL),
(316, 71, 279, '2', NULL, NULL),
(317, 71, 280, '2', NULL, NULL),
(318, 71, 281, '1', NULL, NULL),
(319, 72, 279, '1', NULL, NULL),
(320, 72, 280, '1', NULL, NULL),
(321, 72, 281, '2', NULL, NULL),
(322, 73, 299, '2', NULL, NULL),
(323, 73, 305, '2', NULL, NULL),
(324, 74, 293, '3', NULL, NULL),
(325, 74, 296, '3', NULL, NULL),
(326, 74, 299, '3', NULL, NULL),
(327, 74, 300, '3', NULL, NULL),
(328, 74, 304, '3', NULL, NULL),
(329, 74, 305, '3', NULL, NULL),
(330, 75, 309, '2', NULL, NULL),
(331, 75, 310, '2', NULL, NULL),
(332, 75, 311, '2', NULL, NULL),
(333, 75, 314, '2', NULL, NULL),
(334, 75, 315, '2', NULL, NULL),
(335, 75, 316, '2', NULL, NULL),
(336, 75, 318, '2', NULL, NULL),
(337, 75, 319, '2', NULL, NULL),
(338, 75, 320, '2', NULL, NULL),
(339, 76, 309, '3', NULL, NULL),
(340, 76, 310, '3', NULL, NULL),
(341, 76, 311, '3', NULL, NULL),
(342, 76, 314, '3', NULL, NULL),
(343, 76, 315, '3', NULL, NULL),
(344, 76, 316, '3', NULL, NULL),
(345, 76, 318, '3', NULL, NULL),
(346, 76, 320, '3', NULL, NULL),
(347, 77, 335, '3', NULL, NULL),
(348, 77, 337, '3', NULL, NULL),
(349, 77, 338, '3', NULL, NULL),
(350, 77, 339, '3', NULL, NULL),
(351, 77, 340, '3', NULL, NULL),
(352, 77, 341, '3', NULL, NULL),
(353, 77, 342, '3', NULL, NULL),
(354, 77, 343, '3', NULL, NULL),
(355, 77, 345, '3', NULL, NULL),
(356, 78, 335, '3', NULL, NULL),
(357, 78, 337, '3', NULL, NULL),
(358, 78, 338, '3', NULL, NULL),
(359, 78, 339, '3', NULL, NULL),
(360, 78, 340, '3', NULL, NULL),
(361, 78, 341, '3', NULL, NULL),
(362, 78, 342, '3', NULL, NULL),
(363, 78, 343, '3', NULL, NULL),
(364, 78, 345, '3', NULL, NULL),
(365, 79, 346, '3', NULL, NULL),
(366, 79, 347, '3', NULL, NULL),
(367, 79, 349, '3', NULL, NULL),
(368, 79, 351, '3', NULL, NULL),
(369, 80, 346, '2', NULL, NULL),
(370, 80, 347, '2', NULL, NULL),
(371, 80, 349, '2', NULL, NULL),
(372, 81, 359, '3', NULL, NULL),
(373, 82, 359, '2', NULL, NULL),
(374, 83, 361, '3', NULL, NULL),
(375, 83, 362, '3', NULL, NULL),
(376, 83, 365, '3', NULL, NULL),
(377, 83, 366, '3', NULL, NULL),
(378, 83, 367, '3', NULL, NULL),
(379, 83, 368, '3', NULL, NULL),
(380, 83, 369, '3', NULL, NULL),
(381, 83, 370, '3', NULL, NULL),
(382, 83, 371, '3', NULL, NULL),
(383, 83, 372, '3', NULL, NULL),
(384, 83, 377, '3', NULL, NULL),
(385, 83, 378, '3', NULL, NULL),
(386, 83, 379, '3', NULL, NULL),
(387, 84, 361, '3', NULL, NULL),
(388, 84, 365, '3', NULL, NULL),
(389, 84, 366, '3', NULL, NULL),
(390, 84, 367, '3', NULL, NULL),
(391, 84, 368, '3', NULL, NULL),
(392, 84, 369, '3', NULL, NULL),
(393, 84, 370, '3', NULL, NULL),
(394, 84, 371, '3', NULL, NULL),
(395, 84, 372, '3', NULL, NULL),
(396, 84, 377, '3', NULL, NULL),
(397, 84, 378, '3', NULL, NULL),
(398, 84, 379, '3', NULL, NULL),
(399, 85, 365, '2', NULL, NULL),
(400, 85, 368, '2', NULL, NULL),
(401, 85, 369, '2', NULL, NULL),
(402, 85, 370, '2', NULL, NULL),
(403, 85, 371, '2', NULL, NULL),
(404, 85, 372, '2', NULL, NULL),
(405, 85, 378, '2', NULL, NULL),
(406, 86, 377, '2', NULL, NULL),
(407, 86, 379, '2', NULL, NULL),
(408, 87, 379, '2', NULL, NULL),
(409, 87, 386, '2', NULL, NULL),
(410, 87, 387, '2', NULL, NULL),
(411, 87, 388, '2', NULL, NULL),
(412, 87, 390, '2', NULL, NULL),
(413, 87, 391, '2', NULL, NULL),
(414, 87, 394, '2', NULL, NULL),
(415, 87, 395, '2', NULL, NULL),
(416, 87, 396, '2', NULL, NULL),
(417, 87, 401, '2', NULL, NULL),
(418, 87, 405, '2', NULL, NULL),
(419, 87, 412, '2', NULL, NULL),
(420, 87, 413, '2', NULL, NULL),
(421, 88, 410, '2', NULL, NULL),
(422, 88, 412, '3', NULL, NULL),
(423, 88, 413, '3', NULL, NULL),
(424, 88, 415, '3', NULL, NULL),
(425, 89, 415, '2', NULL, NULL),
(426, 90, 416, '2', NULL, NULL),
(427, 90, 418, '2', NULL, NULL),
(428, 91, 416, '3', NULL, NULL),
(429, 91, 418, '3', NULL, NULL),
(430, 91, 422, '3', NULL, NULL),
(431, 92, 423, '3', NULL, NULL),
(432, 92, 424, '3', NULL, NULL),
(433, 92, 425, '3', NULL, NULL),
(434, 92, 428, '3', NULL, NULL),
(435, 92, 429, '3', NULL, NULL),
(436, 92, 430, '3', NULL, NULL),
(437, 92, 431, '3', NULL, NULL),
(438, 92, 432, '3', NULL, NULL),
(439, 92, 433, '3', NULL, NULL),
(440, 92, 434, '3', NULL, NULL),
(441, 92, 435, '3', NULL, NULL),
(442, 93, 428, '2', NULL, NULL),
(443, 93, 430, '2', NULL, NULL),
(444, 93, 431, '2', NULL, NULL),
(445, 93, 432, '2', NULL, NULL),
(446, 93, 433, '2', NULL, NULL),
(447, 93, 434, '2', NULL, NULL),
(448, 93, 435, '2', NULL, NULL),
(449, 94, 423, '2', NULL, NULL),
(450, 94, 424, '2', NULL, NULL),
(451, 94, 425, '2', NULL, NULL),
(452, 95, 428, '2', NULL, NULL),
(453, 95, 429, '2', NULL, NULL),
(454, 95, 430, '2', NULL, NULL),
(455, 95, 431, '2', NULL, NULL),
(456, 95, 432, '2', NULL, NULL),
(457, 95, 433, '2', NULL, NULL),
(458, 95, 434, '2', NULL, NULL),
(459, 96, 438, '2', NULL, NULL),
(460, 96, 440, '2', NULL, NULL),
(461, 96, 441, '2', NULL, NULL),
(462, 96, 442, '2', NULL, NULL),
(463, 96, 443, '2', NULL, NULL),
(464, 96, 445, '2', NULL, NULL),
(465, 96, 449, '2', NULL, NULL),
(466, 96, 451, '2', NULL, NULL),
(467, 96, 453, '2', NULL, NULL),
(468, 97, 436, '3', NULL, NULL),
(469, 97, 438, '3', NULL, NULL),
(470, 97, 440, '3', NULL, NULL),
(471, 97, 441, '3', NULL, NULL),
(472, 97, 442, '3', NULL, NULL),
(473, 97, 443, '3', NULL, NULL),
(474, 97, 444, '2', NULL, NULL),
(475, 97, 445, '3', NULL, NULL),
(476, 97, 446, '3', NULL, NULL),
(477, 97, 449, '3', NULL, NULL),
(478, 97, 450, '3', NULL, NULL),
(479, 97, 451, '3', NULL, NULL),
(480, 97, 452, '3', NULL, NULL),
(481, 97, 453, '3', NULL, NULL),
(482, 98, 436, '3', NULL, NULL),
(483, 98, 438, '3', NULL, NULL),
(484, 98, 440, '3', NULL, NULL),
(485, 98, 441, '3', NULL, NULL),
(486, 98, 442, '3', NULL, NULL),
(487, 98, 443, '3', NULL, NULL),
(488, 98, 444, '2', NULL, NULL),
(489, 98, 445, '3', NULL, NULL),
(490, 98, 446, '3', NULL, NULL),
(491, 98, 449, '3', NULL, NULL),
(492, 98, 450, '3', NULL, NULL),
(493, 98, 451, '3', NULL, NULL),
(494, 98, 452, '3', NULL, NULL),
(495, 98, 453, '3', NULL, NULL),
(496, 99, 455, '2', NULL, NULL),
(497, 99, 456, '2', NULL, NULL),
(498, 99, 457, '2', NULL, NULL),
(499, 99, 459, '2', NULL, NULL),
(500, 99, 462, '2', NULL, NULL),
(501, 99, 463, '2', NULL, NULL),
(502, 99, 464, '2', NULL, NULL),
(503, 99, 470, '2', NULL, NULL),
(504, 99, 471, '2', NULL, NULL),
(505, 100, 455, '3', NULL, NULL),
(506, 100, 456, '3', NULL, NULL),
(507, 100, 457, '3', NULL, NULL),
(508, 100, 475, '3', NULL, NULL),
(509, 101, 455, '3', NULL, NULL),
(510, 101, 456, '3', NULL, NULL),
(511, 101, 457, '3', NULL, NULL),
(512, 102, 475, '3', NULL, NULL),
(513, 102, 478, '3', NULL, NULL),
(514, 102, 482, '3', NULL, NULL),
(515, 102, 483, '3', NULL, NULL),
(516, 102, 484, '3', NULL, NULL),
(517, 102, 485, '3', NULL, NULL),
(518, 102, 486, '3', NULL, NULL),
(519, 102, 487, '3', NULL, NULL),
(520, 103, 472, '2', NULL, NULL),
(521, 103, 478, '2', NULL, NULL),
(522, 104, 493, '2', NULL, NULL),
(523, 104, 497, '2', NULL, NULL),
(524, 104, 498, '2', NULL, NULL),
(525, 104, 507, '2', NULL, NULL),
(526, 104, 508, '2', NULL, NULL),
(527, 105, 492, '3', NULL, NULL),
(528, 105, 494, '3', NULL, NULL),
(529, 105, 495, '3', NULL, NULL),
(530, 106, 493, '3', NULL, NULL),
(531, 106, 523, '3', NULL, NULL),
(532, 106, 529, '3', NULL, NULL),
(533, 107, 512, '2', NULL, NULL),
(534, 107, 517, '2', NULL, NULL),
(535, 107, 523, '2', NULL, NULL),
(536, 107, 529, '2', NULL, NULL),
(537, 108, 512, '2', NULL, NULL),
(538, 108, 517, '2', NULL, NULL),
(539, 108, 523, '2', NULL, NULL),
(540, 109, 539, '4', NULL, NULL),
(541, 110, 541, '4', NULL, NULL),
(542, 110, 544, '3', NULL, NULL),
(543, 110, 545, '3', NULL, NULL),
(544, 110, 546, '3', NULL, NULL),
(545, 111, 547, '3', NULL, NULL),
(546, 111, 548, '3', NULL, NULL),
(547, 111, 552, '3', NULL, NULL),
(548, 111, 553, '3', NULL, NULL),
(549, 111, 555, '3', NULL, NULL),
(550, 111, 556, '3', NULL, NULL),
(551, 111, 558, '3', NULL, NULL),
(552, 112, 547, '3', NULL, NULL),
(553, 112, 548, '3', NULL, NULL),
(554, 112, 552, '3', NULL, NULL),
(555, 112, 553, '3', NULL, NULL),
(556, 112, 555, '3', NULL, NULL),
(557, 112, 556, '3', NULL, NULL),
(558, 112, 558, '3', NULL, NULL),
(559, 113, 560, '2', NULL, NULL);

-- --------------------------------------------------------

--
-- Estructura de tabla para la tabla `ordenes_estados`
--

CREATE TABLE `ordenes_estados` (
  `id` int(10) UNSIGNED NOT NULL,
  `ordenes_estado` varchar(255) COLLATE utf8_unicode_ci NOT NULL,
  `created_at` timestamp NULL DEFAULT NULL,
  `updated_at` timestamp NULL DEFAULT NULL
) ENGINE=InnoDB DEFAULT CHARSET=utf8 COLLATE=utf8_unicode_ci;

--
-- Volcado de datos para la tabla `ordenes_estados`
--

INSERT INTO `ordenes_estados` (`id`, `ordenes_estado`, `created_at`, `updated_at`) VALUES
(1, 'Por Facturar', NULL, NULL),
(2, 'Facturado', NULL, NULL);

-- --------------------------------------------------------

--
-- Estructura de tabla para la tabla `ordenes_productos`
--

CREATE TABLE `ordenes_productos` (
  `id` int(10) UNSIGNED NOT NULL,
  `idOrden` int(10) UNSIGNED NOT NULL,
  `idProducto` int(10) UNSIGNED NOT NULL,
  `cantidad_producto` decimal(13,2) NOT NULL,
  `precio_final` decimal(13,2) NOT NULL,
  `created_at` timestamp NULL DEFAULT NULL,
  `updated_at` timestamp NULL DEFAULT NULL
) ENGINE=InnoDB DEFAULT CHARSET=utf8 COLLATE=utf8_unicode_ci;

--
-- Volcado de datos para la tabla `ordenes_productos`
--

INSERT INTO `ordenes_productos` (`id`, `idOrden`, `idProducto`, `cantidad_producto`, `precio_final`, `created_at`, `updated_at`) VALUES
(1, 1, 5, '3.00', '95.00', NULL, NULL),
(2, 1, 7, '3.00', '89.00', NULL, NULL),
(3, 2, 3, '1.00', '69.00', NULL, NULL),
(4, 2, 9, '1.00', '160.00', NULL, NULL),
(5, 3, 3, '1.00', '69.00', NULL, NULL),
(6, 3, 9, '1.00', '160.00', NULL, NULL),
(7, 4, 9, '1.00', '160.00', NULL, NULL),
(8, 5, 3, '1.00', '69.00', NULL, NULL),
(9, 6, 3, '1.00', '69.00', NULL, NULL),
(10, 7, 9, '1.00', '160.00', NULL, NULL),
(11, 8, 2, '5.00', '179.00', NULL, NULL),
(12, 8, 5, '1.00', '95.00', NULL, NULL),
(13, 8, 9, '1.00', '160.00', NULL, NULL),
(14, 13, 5, '3.00', '95.00', NULL, NULL),
(15, 13, 7, '3.00', '89.00', NULL, NULL),
(16, 13, 9, '1.00', '160.00', NULL, NULL),
(17, 14, 4, '1.00', '89.00', NULL, NULL),
(18, 14, 6, '1.00', '83.00', NULL, NULL),
(19, 15, 5, '3.00', '95.00', NULL, NULL),
(20, 15, 7, '3.00', '89.00', NULL, NULL),
(21, 15, 9, '1.00', '160.00', NULL, NULL),
(22, 16, 1, '6.00', '139.00', NULL, NULL),
(23, 17, 1, '5.00', '139.00', NULL, NULL),
(24, 18, 1, '6.00', '139.00', NULL, NULL),
(25, 19, 1, '8.00', '139.00', NULL, NULL),
(26, 19, 9, '2.00', '160.00', NULL, NULL),
(27, 20, 1, '5.00', '139.00', NULL, NULL),
(28, 21, 2, '4.00', '179.00', NULL, NULL),
(29, 22, 5, '2.00', '95.00', NULL, NULL),
(30, 23, 5, '2.00', '95.00', NULL, NULL),
(31, 24, 7, '2.00', '89.00', NULL, NULL),
(32, 25, 4, '2.00', '89.00', NULL, NULL),
(33, 25, 5, '2.00', '95.00', NULL, NULL),
(34, 26, 3, '1.00', '69.00', NULL, NULL),
(35, 27, 5, '6.00', '95.00', NULL, NULL),
(36, 28, 9, '2.00', '160.00', NULL, NULL),
(37, 29, 9, '2.00', '160.00', NULL, NULL),
(38, 30, 5, '3.00', '95.00', NULL, NULL),
(39, 30, 7, '3.00', '89.00', NULL, NULL),
(40, 31, 4, '5.00', '89.00', NULL, NULL),
(41, 32, 8, '6.00', '89.00', NULL, NULL),
(42, 33, 8, '6.00', '89.00', NULL, NULL),
(43, 34, 8, '6.00', '89.00', NULL, NULL),
(44, 35, 4, '5.00', '89.00', NULL, NULL),
(45, 36, 2, '11.00', '179.00', NULL, NULL),
(46, 37, 5, '2.00', '95.00', NULL, NULL),
(47, 38, 8, '5.00', '89.00', NULL, NULL),
(48, 39, 7, '3.00', '89.00', NULL, NULL),
(49, 40, 5, '12.00', '95.00', NULL, NULL),
(50, 41, 2, '1.00', '179.00', NULL, NULL),
(51, 42, 4, '2.00', '89.00', NULL, NULL),
(52, 42, 5, '3.00', '95.00', NULL, NULL),
(53, 42, 7, '5.00', '89.00', NULL, NULL),
(54, 43, 2, '1.00', '179.00', NULL, NULL),
(55, 44, 2, '1.00', '179.00', NULL, NULL),
(56, 45, 2, '6.00', '179.00', NULL, NULL),
(57, 46, 4, '5.00', '89.00', NULL, NULL),
(58, 47, 4, '5.00', '89.00', NULL, NULL),
(59, 48, 4, '8.00', '89.00', NULL, NULL),
(60, 49, 12, '2.00', '0.00', NULL, NULL),
(61, 49, 13, '2.00', '0.00', NULL, NULL),
(62, 50, 16, '2.00', '250.00', NULL, NULL),
(63, 50, 17, '2.00', '300.00', NULL, NULL),
(64, 51, 4, '3.00', '89.00', NULL, NULL),
(65, 51, 8, '5.00', '89.00', NULL, NULL),
(66, 52, 2, '2.00', '179.00', NULL, NULL),
(67, 52, 8, '4.00', '89.00', NULL, NULL),
(68, 53, 6, '4.00', '83.00', NULL, NULL),
(69, 54, 4, '5.00', '89.00', NULL, NULL),
(70, 55, 4, '5.00', '89.00', NULL, NULL),
(71, 56, 6, '6.00', '83.00', NULL, NULL),
(72, 57, 8, '6.00', '89.00', NULL, NULL),
(73, 58, 25, '1.00', '1800.00', NULL, NULL),
(74, 59, 25, '1.00', '1800.00', NULL, NULL),
(75, 60, 8, '4.00', '89.00', NULL, NULL),
(76, 61, 26, '1.00', '58.00', NULL, NULL),
(77, 61, 27, '6.00', '25.00', NULL, NULL),
(78, 62, 6, '4.00', '83.00', NULL, NULL),
(79, 63, 23, '1.00', '89.00', NULL, NULL),
(80, 64, 23, '3.00', '89.00', NULL, NULL),
(81, 65, 23, '3.00', '89.00', NULL, NULL),
(82, 66, 23, '3.00', '89.00', NULL, NULL),
(83, 67, 9, '2.00', '160.00', NULL, NULL),
(84, 67, 23, '3.00', '89.00', NULL, NULL),
(85, 68, 6, '3.00', '83.00', NULL, NULL),
(86, 68, 9, '1.00', '160.00', NULL, NULL),
(87, 68, 18, '6.00', '139.00', NULL, NULL),
(88, 68, 20, '10.00', '179.00', NULL, NULL),
(89, 68, 23, '3.00', '89.00', NULL, NULL),
(90, 69, 3, '1.00', '69.00', NULL, NULL),
(91, 70, 24, '1.00', '95.00', NULL, NULL),
(92, 71, 20, '4.00', '179.00', NULL, NULL),
(93, 72, 20, '6.00', '179.00', NULL, NULL),
(94, 73, 24, '6.00', '95.00', NULL, NULL),
(95, 74, 24, '15.00', '95.00', NULL, NULL),
(96, 75, 18, '1.00', '139.00', NULL, NULL),
(97, 75, 20, '4.00', '179.00', NULL, NULL),
(98, 76, 24, '15.00', '95.00', NULL, NULL),
(99, 77, 24, '15.00', '95.00', NULL, NULL),
(100, 78, 19, '1.00', '179.00', NULL, NULL),
(101, 79, 19, '4.00', '179.00', NULL, NULL),
(102, 79, 21, '1.00', '139.00', NULL, NULL),
(103, 80, 20, '4.00', '179.00', NULL, NULL),
(104, 80, 21, '1.00', '139.00', NULL, NULL),
(105, 81, 24, '15.00', '95.00', NULL, NULL),
(106, 82, 6, '2.00', '83.00', NULL, NULL),
(107, 83, 6, '4.00', '83.00', NULL, NULL),
(108, 83, 23, '4.00', '89.00', NULL, NULL),
(109, 84, 21, '5.00', '139.00', NULL, NULL),
(110, 85, 23, '2.00', '89.00', NULL, NULL),
(111, 86, 23, '2.00', '89.00', NULL, NULL),
(112, 87, 24, '1.00', '95.00', NULL, NULL),
(113, 88, 9, '1.00', '160.00', NULL, NULL),
(114, 89, 9, '1.00', '160.00', NULL, NULL),
(115, 89, 19, '4.00', '179.00', NULL, NULL),
(116, 89, 21, '4.00', '139.00', NULL, NULL),
(117, 89, 24, '4.00', '95.00', NULL, NULL),
(118, 90, 9, '1.00', '160.00', NULL, NULL),
(119, 90, 19, '4.00', '179.00', NULL, NULL),
(120, 90, 21, '4.00', '139.00', NULL, NULL),
(121, 90, 23, '4.00', '89.00', NULL, NULL),
(122, 91, 23, '1.00', '89.00', NULL, NULL),
(123, 92, 23, '4.00', '89.00', NULL, NULL),
(124, 93, 23, '4.00', '89.00', NULL, NULL),
(125, 94, 23, '3.00', '89.00', NULL, NULL),
(126, 95, 7, '3.00', '89.00', NULL, NULL),
(127, 96, 18, '5.00', '139.00', NULL, NULL),
(128, 97, 21, '5.00', '139.00', NULL, NULL),
(129, 98, 20, '5.00', '179.00', NULL, NULL),
(130, 99, 24, '10.00', '95.00', NULL, NULL),
(131, 100, 18, '3.00', '139.00', NULL, NULL),
(132, 100, 19, '3.00', '179.00', NULL, NULL),
(133, 101, 18, '3.00', '139.00', NULL, NULL),
(134, 101, 28, '3.00', '0.00', NULL, NULL),
(135, 102, 18, '3.00', '139.00', NULL, NULL),
(136, 102, 19, '3.00', '179.00', NULL, NULL),
(137, 103, 18, '3.00', '139.00', NULL, NULL),
(138, 103, 19, '3.00', '179.00', NULL, NULL),
(139, 104, 7, '4.00', '89.00', NULL, NULL),
(140, 105, 23, '3.00', '89.00', NULL, NULL),
(141, 106, 23, '3.00', '89.00', NULL, NULL),
(142, 107, 23, '1.00', '89.00', NULL, NULL),
(143, 108, 23, '2.00', '89.00', NULL, NULL),
(144, 108, 24, '4.00', '95.00', NULL, NULL),
(145, 109, 9, '1.00', '160.00', NULL, NULL),
(146, 109, 18, '5.00', '139.00', NULL, NULL),
(147, 109, 19, '5.00', '179.00', NULL, NULL),
(148, 109, 24, '1.00', '95.00', NULL, NULL),
(149, 110, 22, '3.00', '215.00', NULL, NULL),
(150, 111, 7, '6.00', '89.00', NULL, NULL),
(151, 112, 6, '4.00', '83.00', NULL, NULL),
(152, 113, 29, '2.00', '295.00', NULL, NULL),
(153, 114, 29, '2.00', '295.00', NULL, NULL),
(154, 115, 18, '6.00', '139.00', NULL, NULL),
(155, 115, 20, '5.00', '179.00', NULL, NULL),
(156, 115, 21, '3.00', '139.00', NULL, NULL),
(157, 116, 18, '5.00', '139.00', NULL, NULL),
(158, 116, 21, '3.00', '139.00', NULL, NULL),
(159, 117, 18, '6.00', '139.00', NULL, NULL),
(160, 117, 20, '5.00', '179.00', NULL, NULL),
(161, 117, 21, '3.00', '139.00', NULL, NULL),
(162, 118, 9, '2.00', '160.00', NULL, NULL),
(163, 119, 18, '8.00', '139.00', NULL, NULL),
(164, 120, 18, '5.00', '139.00', NULL, NULL),
(165, 121, 22, '4.00', '215.00', NULL, NULL),
(166, 122, 6, '8.00', '83.00', NULL, NULL),
(167, 123, 9, '3.00', '160.00', NULL, NULL),
(168, 124, 21, '4.00', '139.00', NULL, NULL),
(169, 125, 21, '4.00', '139.00', NULL, NULL),
(170, 126, 21, '12.00', '139.00', NULL, NULL),
(171, 127, 18, '1.00', '139.00', NULL, NULL),
(172, 127, 21, '11.00', '139.00', NULL, NULL),
(173, 128, 9, '2.00', '160.00', NULL, NULL),
(174, 129, 18, '4.00', '139.00', NULL, NULL),
(175, 129, 19, '4.00', '179.00', NULL, NULL),
(176, 130, 9, '2.00', '160.00', NULL, NULL),
(177, 131, 19, '3.00', '179.00', NULL, NULL),
(178, 132, 18, '4.00', '139.00', NULL, NULL),
(179, 132, 19, '4.00', '179.00', NULL, NULL),
(180, 133, 5, '2.00', '95.00', NULL, NULL),
(181, 133, 18, '1.00', '139.00', NULL, NULL),
(182, 134, 4, '2.00', '89.00', NULL, NULL),
(183, 134, 18, '1.00', '139.00', NULL, NULL),
(184, 135, 4, '2.00', '89.00', NULL, NULL),
(185, 135, 18, '1.00', '139.00', NULL, NULL),
(186, 136, 24, '10.00', '95.00', NULL, NULL),
(187, 137, 20, '1.00', '179.00', NULL, NULL),
(188, 137, 21, '4.00', '139.00', NULL, NULL),
(189, 138, 9, '2.00', '160.00', NULL, NULL),
(190, 139, 20, '4.00', '179.00', NULL, NULL),
(191, 140, 19, '6.00', '179.00', NULL, NULL),
(192, 141, 24, '6.00', '95.00', NULL, NULL),
(193, 142, 24, '6.00', '95.00', NULL, NULL),
(194, 143, 24, '6.00', '95.00', NULL, NULL),
(195, 144, 21, '6.00', '139.00', NULL, NULL),
(196, 145, 20, '6.00', '179.00', NULL, NULL),
(197, 146, 19, '5.00', '179.00', NULL, NULL),
(198, 147, 19, '1.00', '179.00', NULL, NULL),
(199, 148, 19, '7.00', '179.00', NULL, NULL),
(200, 149, 19, '7.00', '179.00', NULL, NULL),
(201, 150, 22, '8.00', '215.00', NULL, NULL),
(202, 151, 22, '8.00', '215.00', NULL, NULL),
(203, 152, 22, '8.00', '215.00', NULL, NULL),
(204, 153, 18, '5.00', '139.00', NULL, NULL),
(205, 154, 23, '2.00', '89.00', NULL, NULL),
(206, 155, 23, '2.00', '89.00', NULL, NULL),
(208, 157, 23, '3.00', '89.00', NULL, NULL),
(209, 157, 24, '3.00', '95.00', NULL, NULL),
(210, 158, 23, '1.00', '89.00', NULL, NULL),
(211, 159, 8, '4.00', '89.00', NULL, NULL),
(212, 160, 22, '3.00', '215.00', NULL, NULL),
(213, 161, 9, '1.00', '160.00', NULL, NULL),
(214, 162, 9, '1.00', '160.00', NULL, NULL),
(215, 163, 9, '1.00', '160.00', NULL, NULL),
(216, 164, 31, '1.00', '360.00', NULL, NULL),
(217, 164, 32, '2.00', '50.00', NULL, NULL),
(218, 165, 30, '4.00', '89.00', NULL, NULL),
(221, 168, 21, '4.00', '139.00', NULL, NULL),
(222, 169, 18, '4.00', '139.00', NULL, NULL),
(223, 170, 18, '4.00', '139.00', NULL, NULL),
(224, 171, 21, '4.00', '139.00', NULL, NULL),
(225, 172, 17, '1.00', '300.00', NULL, NULL),
(226, 172, 33, '1.00', '300.00', NULL, NULL),
(227, 172, 34, '1.00', '320.00', NULL, NULL),
(228, 172, 35, '1.00', '320.00', NULL, NULL),
(229, 173, 9, '1.00', '160.00', NULL, NULL),
(230, 174, 9, '1.00', '160.00', NULL, NULL),
(231, 175, 24, '3.00', '95.00', NULL, NULL),
(232, 176, 18, '1.00', '139.00', NULL, NULL),
(233, 177, 20, '2.00', '179.00', NULL, NULL),
(234, 178, 20, '2.00', '179.00', NULL, NULL),
(235, 179, 20, '1.00', '179.00', NULL, NULL),
(236, 180, 20, '1.00', '179.00', NULL, NULL),
(237, 181, 20, '2.00', '179.00', NULL, NULL),
(238, 182, 20, '1.00', '179.00', NULL, NULL),
(239, 183, 20, '1.00', '179.00', NULL, NULL),
(240, 184, 18, '1.00', '139.00', NULL, NULL),
(241, 184, 20, '1.00', '179.00', NULL, NULL),
(242, 184, 21, '1.00', '139.00', NULL, NULL),
(243, 185, 18, '1.00', '139.00', NULL, NULL),
(244, 185, 20, '1.00', '179.00', NULL, NULL),
(245, 185, 21, '1.00', '139.00', NULL, NULL),
(246, 186, 18, '1.00', '139.00', NULL, NULL),
(247, 186, 20, '1.00', '179.00', NULL, NULL),
(248, 186, 21, '1.00', '139.00', NULL, NULL),
(249, 187, 21, '2.00', '139.00', NULL, NULL),
(250, 188, 21, '4.00', '139.00', NULL, NULL),
(251, 189, 24, '5.00', '95.00', NULL, NULL),
(252, 190, 4, '4.00', '89.00', NULL, NULL),
(253, 190, 20, '1.00', '179.00', NULL, NULL),
(254, 190, 21, '2.00', '139.00', NULL, NULL),
(255, 191, 18, '2.00', '139.00', NULL, NULL),
(256, 192, 20, '4.00', '179.00', NULL, NULL),
(257, 192, 24, '3.00', '95.00', NULL, NULL),
(258, 193, 4, '5.00', '89.00', NULL, NULL),
(259, 193, 30, '5.00', '89.00', NULL, NULL),
(260, 194, 9, '1.00', '160.00', NULL, NULL),
(261, 194, 18, '4.00', '139.00', NULL, NULL),
(262, 195, 9, '1.00', '160.00', NULL, NULL),
(263, 195, 18, '6.00', '139.00', NULL, NULL),
(264, 196, 20, '2.00', '179.00', NULL, NULL),
(265, 197, 23, '5.00', '89.00', NULL, NULL),
(267, 199, 30, '3.00', '89.00', NULL, NULL),
(268, 200, 23, '3.00', '89.00', NULL, NULL),
(269, 200, 24, '3.00', '95.00', NULL, NULL),
(270, 201, 18, '3.00', '139.00', NULL, NULL),
(271, 202, 22, '2.00', '215.00', NULL, NULL),
(272, 203, 32, '9.00', '50.00', NULL, NULL),
(273, 203, 36, '1.00', '300.00', NULL, NULL),
(274, 204, 37, '1.00', '420.00', NULL, NULL),
(275, 205, 23, '10.00', '89.00', NULL, NULL),
(276, 206, 30, '10.00', '89.00', NULL, NULL),
(277, 207, 8, '10.00', '89.00', NULL, NULL),
(278, 208, 18, '2.00', '139.00', NULL, NULL),
(279, 209, 23, '2.00', '89.00', NULL, NULL),
(280, 210, 23, '1.00', '89.00', NULL, NULL),
(281, 211, 23, '6.00', '89.00', NULL, NULL),
(282, 212, 5, '6.00', '95.00', NULL, NULL),
(283, 212, 18, '6.00', '139.00', NULL, NULL),
(284, 213, 5, '4.00', '95.00', NULL, NULL),
(285, 213, 18, '6.00', '139.00', NULL, NULL),
(286, 214, 5, '4.00', '95.00', NULL, NULL),
(287, 214, 18, '6.00', '139.00', NULL, NULL),
(288, 215, 18, '6.00', '139.00', NULL, NULL),
(289, 215, 23, '4.00', '89.00', NULL, NULL),
(290, 216, 5, '6.00', '95.00', NULL, NULL),
(291, 216, 18, '6.00', '139.00', NULL, NULL),
(292, 217, 18, '6.00', '139.00', NULL, NULL),
(293, 217, 30, '6.00', '89.00', NULL, NULL),
(294, 218, 4, '1.00', '89.00', NULL, NULL),
(295, 218, 23, '1.00', '89.00', NULL, NULL),
(298, 220, 23, '4.00', '89.00', NULL, NULL),
(299, 221, 23, '3.00', '89.00', NULL, NULL),
(300, 221, 30, '3.00', '89.00', NULL, NULL),
(301, 222, 23, '1.00', '89.00', NULL, NULL),
(302, 222, 30, '4.00', '89.00', NULL, NULL),
(303, 223, 4, '3.00', '89.00', NULL, NULL),
(304, 224, 30, '6.00', '89.00', NULL, NULL),
(305, 225, 30, '4.00', '89.00', NULL, NULL),
(307, 227, 30, '6.00', '89.00', NULL, NULL),
(308, 228, 30, '5.00', '89.00', NULL, NULL),
(309, 229, 5, '10.00', '95.00', NULL, NULL),
(310, 230, 24, '1.00', '95.00', NULL, NULL),
(311, 231, 5, '2.00', '95.00', NULL, NULL),
(312, 232, 5, '5.00', '95.00', NULL, NULL),
(314, 234, 5, '6.00', '95.00', NULL, NULL),
(315, 235, 5, '6.00', '95.00', NULL, NULL),
(316, 236, 32, '4.00', '50.00', NULL, NULL),
(317, 236, 44, '1.00', '150.00', NULL, NULL),
(318, 237, 43, '1.00', '168.00', NULL, NULL),
(323, 242, 5, '10.00', '95.00', NULL, NULL),
(325, 244, 32, '1.00', '50.00', NULL, NULL),
(326, 244, 45, '2.00', '30.00', NULL, NULL),
(333, 249, 32, '4.00', '50.00', NULL, NULL),
(334, 250, 26, '1.00', '58.00', NULL, NULL),
(335, 250, 32, '3.00', '50.00', NULL, NULL),
(336, 251, 4, '2.00', '89.00', NULL, NULL),
(343, 258, 4, '1.00', '89.00', NULL, NULL),
(344, 259, 5, '6.00', '95.00', NULL, NULL),
(345, 260, 49, '1.00', '260.00', NULL, NULL),
(346, 260, 37, '1.00', '420.00', NULL, NULL),
(347, 248, 4, '6.00', '70.00', NULL, NULL),
(348, 233, 23, '1.00', '70.00', NULL, NULL),
(349, 226, 30, '1.00', '70.00', NULL, NULL),
(350, 167, 23, '2.00', '70.00', NULL, NULL),
(351, 166, 23, '2.00', '70.00', NULL, NULL),
(352, 156, 23, '1.00', '70.00', NULL, NULL),
(353, 219, 4, '3.00', '70.00', NULL, NULL),
(354, 219, 23, '2.00', '70.00', NULL, NULL),
(355, 261, 38, '6.00', '271.50', NULL, NULL),
(356, 261, 51, '1.00', '3457.95', NULL, NULL),
(357, 262, 5, '6.00', '95.00', NULL, NULL),
(358, 263, 54, '1.00', '115.00', NULL, NULL),
(359, 263, 55, '1.00', '55.00', NULL, NULL),
(360, 264, 56, '6.00', '80.00', NULL, NULL),
(361, 264, 44, '1.00', '150.00', NULL, NULL),
(364, 267, 5, '12.00', '95.00', NULL, NULL),
(365, 268, 57, '2.00', '110.00', NULL, NULL),
(366, 269, 4, '4.00', '89.00', NULL, NULL),
(367, 270, 32, '4.00', '50.00', NULL, NULL),
(368, 271, 50, '1.00', '3690.00', NULL, NULL),
(369, 272, 3, '1.00', '69.00', NULL, NULL),
(370, 273, 4, '12.00', '89.00', NULL, NULL),
(371, 274, 24, '6.00', '95.00', NULL, NULL),
(372, 275, 32, '4.00', '50.00', NULL, NULL),
(373, 276, 32, '6.00', '50.00', NULL, NULL),
(374, 277, 9, '1.00', '160.00', NULL, NULL),
(375, 278, 4, '8.00', '89.00', NULL, NULL),
(376, 279, 19, '4.00', '179.00', NULL, NULL),
(377, 280, 19, '2.00', '179.00', NULL, NULL),
(378, 281, 38, '6.00', '310.00', NULL, NULL),
(379, 283, 24, '12.00', '95.00', NULL, NULL),
(381, 284, 24, '3.00', '95.00', NULL, NULL),
(382, 285, 24, '8.00', '95.00', NULL, NULL),
(383, 286, 24, '10.00', '95.00', NULL, NULL),
(384, 287, 9, '1.00', '160.00', NULL, NULL),
(385, 288, 23, '6.00', '89.00', NULL, NULL),
(386, 289, 23, '2.00', '89.00', NULL, NULL),
(389, 292, 23, '8.00', '89.00', NULL, NULL),
(390, 291, 7, '3.00', '89.00', NULL, NULL),
(391, 293, 19, '5.00', '179.00', NULL, NULL),
(392, 293, 18, '3.00', '139.00', NULL, NULL),
(393, 293, 42, '4.00', '139.00', NULL, NULL),
(394, 293, 22, '3.00', '215.00', NULL, NULL),
(395, 296, 9, '1.00', '160.00', NULL, NULL),
(396, 296, 19, '3.00', '179.00', NULL, NULL),
(397, 297, 23, '10.00', '89.00', NULL, NULL),
(398, 297, 6, '10.00', '83.00', NULL, NULL),
(399, 298, 23, '10.00', '89.00', NULL, NULL),
(400, 299, 7, '10.00', '89.00', NULL, NULL),
(401, 300, 9, '2.00', '160.00', NULL, NULL),
(409, 304, 19, '5.00', '179.00', NULL, NULL),
(410, 304, 18, '6.00', '139.00', NULL, NULL),
(411, 304, 42, '4.00', '139.00', NULL, NULL),
(412, 305, 7, '10.00', '89.00', NULL, NULL),
(418, 309, 23, '9.00', '89.00', NULL, NULL),
(419, 310, 7, '7.00', '89.00', NULL, NULL),
(420, 311, 18, '6.00', '139.00', NULL, NULL),
(421, 311, 42, '5.00', '139.00', NULL, NULL),
(422, 312, 70, '7.00', '75.00', NULL, NULL),
(423, 312, 71, '24.00', '12.00', NULL, NULL),
(424, 312, 72, '1.00', '10.00', NULL, NULL),
(425, 313, 6, '10.00', '83.00', NULL, NULL),
(426, 313, 8, '1.00', '89.00', NULL, NULL),
(427, 313, 5, '1.00', '95.00', NULL, NULL),
(428, 314, 42, '5.00', '139.00', NULL, NULL),
(429, 315, 22, '3.00', '215.00', NULL, NULL),
(430, 316, 42, '8.00', '139.00', NULL, NULL),
(431, 317, 32, '4.00', '50.00', NULL, NULL),
(432, 317, 26, '1.00', '58.00', NULL, NULL),
(433, 318, 9, '2.00', '160.00', NULL, NULL),
(434, 319, 41, '1.00', '179.00', NULL, NULL),
(435, 320, 18, '6.00', '139.00', NULL, NULL),
(436, 321, 75, '1.00', '750.00', NULL, NULL),
(437, 321, 74, '1.00', '280.00', NULL, NULL),
(438, 322, 79, '1.00', '50.00', NULL, NULL),
(439, 322, 54, '1.00', '115.00', NULL, NULL),
(440, 323, 32, '6.00', '50.00', NULL, NULL),
(442, 325, 41, '1.00', '179.00', NULL, NULL),
(443, 326, 42, '3.00', '139.00', NULL, NULL),
(445, 328, 41, '1.00', '179.00', NULL, NULL),
(446, 327, 24, '1.00', '85.00', NULL, NULL),
(451, 330, 40, '4.00', '179.00', NULL, NULL),
(452, 329, 6, '6.00', '83.00', NULL, NULL),
(453, 329, 26, '2.00', '58.00', NULL, NULL),
(454, 331, 18, '5.00', '139.00', NULL, NULL),
(455, 331, 42, '3.00', '139.00', NULL, NULL),
(456, 332, 18, '2.00', '139.00', NULL, NULL),
(457, 333, 9, '2.00', '155.00', NULL, NULL),
(458, 334, 6, '4.00', '83.00', NULL, NULL),
(459, 335, 41, '1.00', '179.00', NULL, NULL),
(464, 337, 41, '2.00', '179.00', NULL, NULL),
(465, 338, 41, '1.00', '179.00', NULL, NULL),
(466, 339, 9, '2.00', '160.00', NULL, NULL),
(467, 340, 9, '3.00', '160.00', NULL, NULL),
(468, 341, 42, '3.00', '139.00', NULL, NULL),
(469, 341, 40, '5.00', '179.00', NULL, NULL),
(470, 342, 18, '4.00', '139.00', NULL, NULL),
(471, 342, 42, '4.00', '139.00', NULL, NULL),
(472, 342, 40, '4.00', '179.00', NULL, NULL),
(473, 342, 9, '1.00', '160.00', NULL, NULL),
(474, 343, 9, '3.00', '160.00', NULL, NULL),
(475, 344, 94, '36.00', '3.65', NULL, NULL),
(476, 345, 40, '3.00', '179.00', NULL, NULL),
(477, 346, 9, '2.00', '160.00', NULL, NULL),
(489, 347, 46, '10.00', '16.00', NULL, NULL),
(490, 347, 47, '10.00', '39.00', NULL, NULL),
(491, 347, 48, '10.00', '55.00', NULL, NULL),
(498, 348, 41, '1.00', '179.00', NULL, NULL),
(499, 348, 95, '1.00', '98.00', NULL, NULL),
(500, 348, 18, '1.00', '139.00', NULL, NULL),
(501, 349, 41, '1.00', '179.00', NULL, NULL),
(503, 351, 39, '3.00', '139.00', NULL, NULL),
(504, 351, 41, '3.00', '179.00', NULL, NULL),
(505, 352, 41, '2.00', '179.00', NULL, NULL),
(506, 353, 41, '4.00', '179.00', NULL, NULL),
(507, 354, 41, '2.00', '179.00', NULL, NULL),
(509, 356, 32, '4.00', '50.00', NULL, NULL),
(510, 357, 32, '2.00', '50.00', NULL, NULL),
(511, 358, 27, '8.00', '25.00', NULL, NULL),
(512, 358, 58, '2.00', '210.00', NULL, NULL),
(513, 358, 59, '2.00', '350.00', NULL, NULL),
(514, 358, 64, '2.00', '320.00', NULL, NULL),
(515, 358, 65, '5.00', '95.00', NULL, NULL),
(516, 358, 66, '2.00', '20.00', NULL, NULL),
(517, 358, 67, '1.00', '20.00', NULL, NULL),
(518, 359, 39, '5.00', '139.00', NULL, NULL),
(519, 360, 76, '3.00', '250.00', NULL, NULL),
(520, 361, 69, '1.00', '250.00', NULL, NULL),
(521, 362, 97, '2.00', '75.00', NULL, NULL),
(522, 363, 98, '1.00', '1920.00', NULL, NULL),
(525, 365, 39, '5.00', '139.00', NULL, NULL),
(526, 366, 99, '1.00', '75.00', NULL, NULL),
(527, 367, 26, '1.00', '58.00', NULL, NULL),
(528, 368, 18, '5.00', '139.00', NULL, NULL),
(529, 368, 19, '9.00', '179.00', NULL, NULL),
(530, 369, 9, '1.00', '160.00', NULL, NULL),
(531, 369, 24, '8.00', '95.00', NULL, NULL),
(532, 370, 24, '10.00', '95.00', NULL, NULL),
(533, 371, 41, '8.00', '179.00', NULL, NULL),
(534, 371, 19, '6.00', '179.00', NULL, NULL),
(535, 372, 9, '1.00', '160.00', NULL, NULL),
(540, 377, 9, '2.00', '160.00', NULL, NULL),
(541, 378, 19, '3.00', '179.00', NULL, NULL),
(542, 379, 24, '6.00', '95.00', NULL, NULL),
(543, 380, 54, '1.00', '115.00', NULL, NULL),
(544, 381, 93, '3.00', '390.00', NULL, NULL),
(546, 382, 24, '2.00', '95.00', NULL, NULL),
(547, 383, 24, '11.00', '95.00', NULL, NULL),
(548, 384, 54, '1.00', '115.00', NULL, NULL),
(549, 385, 41, '1.00', '179.00', NULL, NULL),
(551, 386, 19, '2.00', '179.00', NULL, NULL),
(552, 386, 9, '3.00', '160.00', NULL, NULL),
(553, 387, 24, '2.00', '95.00', NULL, NULL),
(554, 388, 41, '6.00', '179.00', NULL, NULL),
(557, 390, 22, '4.00', '215.00', NULL, NULL),
(558, 391, 9, '6.00', '160.00', NULL, NULL),
(559, 392, 5, '12.00', '95.00', NULL, NULL),
(560, 393, 37, '3.00', '420.00', NULL, NULL),
(561, 394, 41, '3.00', '179.00', NULL, NULL),
(562, 394, 42, '6.00', '139.00', NULL, NULL),
(563, 395, 41, '2.00', '179.00', NULL, NULL),
(564, 396, 18, '6.00', '139.00', NULL, NULL),
(565, 396, 42, '10.00', '139.00', NULL, NULL),
(566, 396, 22, '2.00', '215.00', NULL, NULL),
(569, 397, 19, '6.00', '179.00', NULL, NULL),
(572, 399, 18, '5.00', '139.00', NULL, NULL),
(576, 402, 5, '7.00', '95.00', NULL, NULL),
(577, 403, 55, '1.00', '55.00', NULL, NULL),
(578, 404, 26, '2.00', '58.00', NULL, NULL),
(579, 405, 19, '3.00', '179.00', NULL, NULL),
(582, 407, 5, '10.00', '95.00', NULL, NULL),
(583, 406, 18, '3.00', '139.00', NULL, NULL),
(584, 406, 19, '1.00', '179.00', NULL, NULL),
(585, 408, 9, '3.00', '160.00', NULL, NULL),
(588, 409, 74, '1.00', '280.00', NULL, NULL),
(589, 409, 32, '4.00', '50.00', NULL, NULL),
(590, 410, 18, '2.00', '139.00', NULL, NULL),
(591, 410, 22, '3.00', '215.00', NULL, NULL),
(593, 412, 9, '2.00', '160.00', NULL, NULL),
(594, 412, 5, '5.00', '95.00', NULL, NULL),
(595, 413, 9, '1.00', '160.00', NULL, NULL),
(598, 401, 38, '6.00', '271.50', NULL, NULL),
(599, 415, 9, '2.00', '160.00', NULL, NULL),
(600, 416, 42, '4.00', '139.00', NULL, NULL),
(601, 416, 102, '1.00', '92.00', NULL, NULL),
(602, 417, 101, '1.00', '1959.00', NULL, NULL),
(603, 418, 22, '2.00', '215.00', NULL, NULL),
(604, 418, 9, '1.00', '160.00', NULL, NULL),
(606, 420, 32, '6.00', '50.00', NULL, NULL),
(607, 421, 32, '2.00', '50.00', NULL, NULL),
(608, 422, 9, '1.00', '160.00', NULL, NULL),
(615, 426, 24, '1.00', '95.00', NULL, NULL),
(616, 427, 80, '1.00', '69.90', NULL, NULL),
(617, 427, 81, '1.00', '69.90', NULL, NULL),
(618, 427, 83, '1.00', '69.90', NULL, NULL),
(619, 427, 23, '2.00', '89.00', NULL, NULL),
(623, 428, 9, '4.00', '160.00', NULL, NULL),
(624, 428, 19, '5.00', '179.00', NULL, NULL),
(625, 428, 42, '7.00', '139.00', NULL, NULL),
(626, 423, 41, '1.00', '179.00', NULL, NULL),
(627, 424, 41, '2.00', '179.00', NULL, NULL),
(628, 424, 6, '2.00', '83.00', NULL, NULL),
(629, 424, 24, '3.00', '95.00', NULL, NULL),
(630, 425, 19, '5.00', '179.00', NULL, NULL),
(631, 425, 23, '4.00', '89.00', NULL, NULL),
(632, 429, 24, '5.00', '95.00', NULL, NULL),
(633, 429, 5, '5.00', '95.00', NULL, NULL),
(634, 430, 18, '8.00', '139.00', NULL, NULL),
(635, 430, 19, '5.00', '179.00', NULL, NULL),
(636, 430, 23, '5.00', '89.00', NULL, NULL),
(637, 430, 6, '3.00', '83.00', NULL, NULL),
(638, 431, 19, '6.00', '179.00', NULL, NULL),
(639, 431, 18, '6.00', '139.00', NULL, NULL),
(640, 432, 9, '3.00', '160.00', NULL, NULL),
(644, 433, 22, '3.00', '215.00', NULL, NULL),
(645, 433, 42, '5.00', '139.00', NULL, NULL),
(646, 433, 9, '1.00', '160.00', NULL, NULL),
(647, 433, 6, '1.00', '0.00', NULL, NULL),
(648, 434, 24, '10.00', '95.00', NULL, NULL),
(649, 435, 24, '6.00', '95.00', NULL, NULL),
(650, 436, 6, '4.00', '83.00', NULL, NULL),
(651, 436, 23, '4.00', '89.00', NULL, NULL),
(652, 437, 80, '2.00', '69.90', NULL, NULL),
(653, 437, 81, '2.00', '69.90', NULL, NULL),
(654, 437, 83, '2.00', '69.90', NULL, NULL),
(655, 437, 85, '2.00', '69.90', NULL, NULL),
(656, 437, 86, '1.00', '65.90', NULL, NULL),
(668, 438, 9, '1.00', '160.00', NULL, NULL),
(669, 438, 19, '5.00', '179.00', NULL, NULL),
(670, 438, 18, '4.00', '139.00', NULL, NULL),
(671, 438, 42, '4.00', '139.00', NULL, NULL),
(672, 439, 94, '36.00', '3.65', NULL, NULL),
(675, 440, 18, '8.00', '139.00', NULL, NULL),
(676, 440, 42, '6.00', '139.00', NULL, NULL),
(677, 441, 41, '1.00', '179.00', NULL, NULL),
(678, 442, 9, '2.00', '160.00', NULL, NULL),
(679, 443, 9, '1.00', '160.00', NULL, NULL),
(681, 445, 19, '4.00', '179.00', NULL, NULL),
(682, 446, 80, '2.00', '73.00', NULL, NULL),
(683, 446, 81, '3.00', '73.00', NULL, NULL),
(684, 446, 83, '2.00', '73.00', NULL, NULL),
(685, 446, 85, '2.00', '73.00', NULL, NULL),
(686, 447, 121, '1.00', '4800.00', NULL, NULL),
(687, 444, 40, '5.00', '179.00', NULL, NULL),
(688, 448, 120, '1.00', '670.00', NULL, NULL),
(689, 449, 19, '4.00', '179.00', NULL, NULL),
(690, 450, 24, '5.00', '95.00', NULL, NULL),
(691, 451, 42, '4.00', '139.00', NULL, NULL),
(692, 451, 22, '4.00', '215.00', NULL, NULL),
(693, 451, 9, '1.00', '160.00', NULL, NULL),
(694, 452, 24, '6.00', '95.00', NULL, NULL),
(695, 453, 40, '4.00', '179.00', NULL, NULL),
(698, 454, 68, '1.00', '250.00', NULL, NULL),
(699, 455, 22, '1.00', '215.00', NULL, NULL),
(702, 456, 23, '6.00', '89.00', NULL, NULL),
(703, 456, 18, '5.00', '139.00', NULL, NULL),
(704, 457, 24, '7.00', '95.00', NULL, NULL),
(705, 457, 9, '4.00', '160.00', NULL, NULL),
(707, 459, 42, '4.00', '139.00', NULL, NULL),
(708, 459, 22, '5.00', '215.00', NULL, NULL),
(711, 460, 19, '3.00', '179.00', NULL, NULL),
(712, 460, 6, '3.00', '83.00', NULL, NULL),
(725, 462, 18, '5.00', '139.00', NULL, NULL),
(726, 463, 18, '5.00', '139.00', NULL, NULL),
(727, 463, 19, '3.00', '179.00', NULL, NULL),
(728, 464, 38, '6.00', '271.50', NULL, NULL),
(729, 465, 32, '3.00', '50.00', NULL, NULL),
(737, 468, 24, '1.00', '85.00', NULL, NULL),
(738, 469, 80, '1.00', '69.90', NULL, NULL),
(739, 469, 81, '1.00', '69.90', NULL, NULL),
(740, 469, 83, '1.00', '69.90', NULL, NULL),
(741, 469, 85, '1.00', '69.90', NULL, NULL),
(742, 470, 41, '4.00', '179.00', NULL, NULL),
(743, 471, 24, '4.00', '95.00', NULL, NULL),
(748, 472, 23, '1.00', '89.00', NULL, NULL),
(749, 472, 24, '3.00', '95.00', NULL, NULL),
(751, 474, 42, '4.00', '139.00', NULL, NULL),
(752, 474, 23, '3.00', '89.00', NULL, NULL),
(753, 474, 18, '4.00', '139.00', NULL, NULL),
(754, 475, 41, '1.00', '179.00', NULL, NULL),
(755, 475, 42, '6.00', '139.00', NULL, NULL),
(756, 476, 23, '2.00', '89.00', NULL, NULL),
(757, 466, 27, '1.00', '25.00', NULL, NULL),
(758, 466, 67, '1.00', '20.00', NULL, NULL),
(759, 466, 32, '3.00', '35.00', NULL, NULL),
(760, 467, 122, '1.00', '200.00', NULL, NULL),
(761, 467, 123, '1.00', '30.00', NULL, NULL),
(762, 467, 32, '4.00', '35.00', NULL, NULL),
(763, 477, 23, '1.00', '89.00', NULL, NULL),
(764, 478, 40, '2.00', '179.00', NULL, NULL),
(765, 479, 6, '3.00', '83.00', NULL, NULL),
(766, 480, 23, '2.00', '89.00', NULL, NULL),
(767, 480, 26, '1.00', '58.00', NULL, NULL),
(768, 481, 81, '1.00', '69.90', NULL, NULL),
(769, 481, 80, '1.00', '69.90', NULL, NULL),
(770, 482, 23, '4.00', '89.00', NULL, NULL),
(772, 483, 23, '8.00', '89.00', NULL, NULL),
(773, 483, 26, '1.00', '58.00', NULL, NULL),
(774, 484, 26, '2.00', '58.00', NULL, NULL),
(778, 487, 6, '3.00', '83.00', NULL, NULL),
(779, 487, 23, '2.00', '89.00', NULL, NULL),
(780, 488, 29, '1.00', '295.00', NULL, NULL),
(781, 486, 19, '7.00', '179.00', NULL, NULL),
(782, 489, 5, '4.00', '95.00', NULL, NULL),
(783, 490, 70, '6.00', '10.00', NULL, NULL),
(784, 491, 81, '1.00', '69.90', NULL, NULL),
(785, 491, 83, '1.00', '69.90', NULL, NULL),
(786, 492, 5, '10.00', '95.00', NULL, NULL),
(787, 493, 42, '6.00', '139.00', NULL, NULL),
(789, 494, 41, '2.00', '179.00', NULL, NULL),
(790, 494, 6, '1.00', '83.00', NULL, NULL),
(791, 495, 42, '5.00', '139.00', NULL, NULL),
(792, 496, 26, '8.00', '58.00', NULL, NULL),
(793, 497, 19, '2.00', '179.00', NULL, NULL),
(794, 497, 41, '1.00', '179.00', NULL, NULL),
(795, 498, 6, '5.00', '83.00', NULL, NULL),
(796, 499, 76, '1.00', '250.00', NULL, NULL),
(797, 500, 127, '1.00', '200.00', NULL, NULL),
(798, 500, 32, '2.00', '35.00', NULL, NULL),
(799, 501, 125, '1.00', '69.00', NULL, NULL),
(800, 501, 65, '1.00', '95.00', NULL, NULL),
(801, 501, 32, '2.00', '50.00', NULL, NULL),
(803, 503, 23, '3.00', '89.00', NULL, NULL),
(808, 507, 132, '3.00', '163.00', NULL, NULL),
(809, 508, 6, '3.00', '83.00', NULL, NULL),
(810, 509, 81, '3.00', '73.00', NULL, NULL),
(811, 509, 86, '1.00', '70.00', NULL, NULL),
(812, 509, 83, '3.00', '73.00', NULL, NULL),
(813, 510, 19, '3.00', '179.00', NULL, NULL),
(814, 511, 6, '6.00', '83.00', NULL, NULL),
(815, 511, 26, '2.00', '58.00', NULL, NULL),
(817, 512, 130, '4.00', '163.00', NULL, NULL),
(818, 513, 126, '1.00', '350.00', NULL, NULL),
(819, 513, 65, '1.00', '95.00', NULL, NULL),
(820, 513, 32, '2.00', '35.00', NULL, NULL),
(821, 514, 27, '3.00', '25.00', NULL, NULL),
(822, 515, 74, '1.00', '280.00', NULL, NULL),
(823, 515, 135, '1.00', '250.00', NULL, NULL),
(824, 516, 132, '4.00', '163.00', NULL, NULL),
(825, 517, 19, '4.00', '179.00', NULL, NULL),
(826, 518, 23, '3.00', '89.00', NULL, NULL),
(827, 519, 5, '2.00', '95.00', NULL, NULL),
(828, 519, 6, '1.00', '83.00', NULL, NULL),
(829, 519, 80, '1.00', '69.90', NULL, NULL),
(830, 519, 81, '1.00', '69.90', NULL, NULL),
(831, 519, 83, '1.00', '69.90', NULL, NULL),
(832, 519, 85, '1.00', '69.90', NULL, NULL),
(836, 522, 32, '2.00', '50.00', NULL, NULL),
(837, 523, 40, '2.00', '179.00', NULL, NULL),
(838, 524, 37, '1.00', '420.00', NULL, NULL),
(839, 524, 138, '10.00', '5.00', NULL, NULL),
(840, 525, 133, '1.00', '1500.00', NULL, NULL),
(841, 525, 134, '1.00', '450.00', NULL, NULL),
(843, 527, 32, '4.00', '50.00', NULL, NULL),
(844, 528, 26, '8.00', '58.00', NULL, NULL),
(847, 530, 81, '1.00', '69.90', NULL, NULL),
(848, 530, 83, '1.00', '69.90', NULL, NULL),
(849, 529, 131, '6.00', '163.00', NULL, NULL),
(850, 529, 132, '6.00', '163.00', NULL, NULL),
(851, 531, 32, '1.00', '180.00', NULL, NULL),
(852, 532, 5, '7.00', '95.00', NULL, NULL),
(853, 533, 80, '4.00', '73.00', NULL, NULL),
(854, 533, 81, '1.00', '73.00', NULL, NULL),
(855, 533, 83, '3.00', '73.00', NULL, NULL),
(856, 533, 85, '4.00', '73.00', NULL, NULL),
(857, 534, 32, '4.00', '35.00', NULL, NULL),
(860, 537, 86, '1.00', '68.90', NULL, NULL),
(861, 538, 80, '1.00', '69.90', NULL, NULL),
(862, 538, 81, '2.00', '69.90', NULL, NULL),
(863, 539, 41, '2.00', '179.00', NULL, NULL),
(864, 540, 32, '4.00', '50.00', NULL, NULL),
(865, 541, 41, '1.00', '163.00', NULL, NULL),
(866, 542, 26, '8.00', '58.00', NULL, NULL),
(867, 542, 54, '2.00', '115.00', NULL, NULL),
(868, 543, 81, '3.00', '73.00', NULL, NULL),
(869, 543, 83, '3.00', '73.00', NULL, NULL),
(870, 544, 24, '4.00', '95.00', NULL, NULL),
(871, 544, 146, '1.00', '14.00', NULL, NULL),
(872, 544, 9, '1.00', '160.00', NULL, NULL),
(873, 545, 19, '3.00', '163.00', NULL, NULL),
(874, 545, 18, '3.00', '128.00', NULL, NULL),
(875, 545, 145, '1.00', '140.00', NULL, NULL),
(876, 546, 19, '3.00', '169.00', NULL, NULL),
(877, 547, 6, '2.00', '83.00', NULL, NULL),
(878, 547, 26, '2.00', '58.00', NULL, NULL),
(879, 548, 19, '4.00', '163.00', NULL, NULL),
(880, 548, 18, '4.00', '128.00', NULL, NULL),
(881, 548, 24, '4.00', '95.00', NULL, NULL),
(882, 549, 80, '1.00', '69.90', NULL, NULL),
(883, 549, 81, '1.00', '69.90', NULL, NULL),
(884, 549, 85, '1.00', '69.90', NULL, NULL),
(886, 550, 24, '2.00', '95.00', NULL, NULL),
(887, 551, 100, '1.00', '1050.00', NULL, NULL),
(888, 552, 18, '5.00', '128.00', NULL, NULL),
(889, 553, 19, '2.00', '169.00', NULL, NULL),
(893, 556, 145, '1.00', '140.00', NULL, NULL),
(894, 555, 24, '3.00', '95.00', NULL, NULL),
(895, 555, 9, '2.00', '160.00', NULL, NULL),
(896, 557, 37, '2.00', '420.00', NULL, NULL),
(898, 554, 144, '1.00', '384.00', NULL, NULL),
(899, 558, 19, '5.00', '163.00', NULL, NULL),
(900, 558, 41, '5.00', '163.00', NULL, NULL),
(901, 559, 80, '1.00', '69.90', NULL, NULL),
(902, 559, 81, '1.00', '69.90', NULL, NULL),
(903, 559, 83, '1.00', '69.90', NULL, NULL),
(904, 559, 85, '1.00', '69.90', NULL, NULL),
(907, 560, 19, '3.00', '163.00', NULL, NULL),
(908, 560, 18, '3.00', '128.00', NULL, NULL),
(913, 561, 24, '5.00', '95.00', NULL, NULL),
(914, 561, 7, '5.00', '89.00', NULL, NULL),
(915, 561, 18, '5.00', '128.00', NULL, NULL),
(916, 561, 19, '5.00', '163.00', NULL, NULL),
(917, 561, 41, '3.00', '163.00', NULL, NULL),
(918, 561, 42, '3.00', '128.00', NULL, NULL),
(919, 562, 32, '4.00', '50.00', NULL, NULL),
(920, 563, 26, '4.00', '58.00', NULL, NULL),
(921, 564, 19, '5.00', '163.00', NULL, NULL),
(922, 564, 18, '5.00', '128.00', NULL, NULL),
(923, 565, 81, '2.00', '73.00', NULL, NULL),
(924, 565, 83, '1.00', '73.00', NULL, NULL),
(928, 566, 42, '5.00', '128.00', NULL, NULL),
(929, 566, 19, '3.00', '163.00', NULL, NULL),
(930, 566, 41, '5.00', '163.00', NULL, NULL),
(934, 568, 24, '1.00', '95.00', NULL, NULL),
(935, 568, 81, '1.00', '69.90', NULL, NULL),
(936, 568, 83, '1.00', '69.90', NULL, NULL),
(937, 569, 24, '5.00', '95.00', NULL, NULL),
(938, 570, 24, '3.00', '95.00', NULL, NULL),
(939, 571, 24, '1.00', '95.00', NULL, NULL),
(940, 567, 54, '1.00', '115.00', NULL, NULL),
(941, 572, 38, '6.00', '271.50', NULL, NULL),
(942, 573, 19, '5.00', '163.00', NULL, NULL),
(943, 573, 18, '5.00', '128.00', NULL, NULL),
(944, 573, 41, '4.00', '163.00', NULL, NULL),
(945, 573, 42, '5.00', '128.00', NULL, NULL),
(946, 574, 24, '5.00', '95.00', NULL, NULL),
(947, 574, 7, '5.00', '89.00', NULL, NULL),
(948, 575, 37, '1.00', '420.00', NULL, NULL),
(953, 577, 24, '1.00', '95.00', NULL, NULL),
(954, 576, 18, '4.00', '128.00', NULL, NULL),
(955, 576, 19, '3.00', '163.00', NULL, NULL),
(956, 576, 42, '4.00', '128.00', NULL, NULL),
(957, 578, 9, '1.00', '160.00', NULL, NULL),
(958, 579, 40, '5.00', '163.00', NULL, NULL),
(959, 580, 18, '5.00', '128.00', NULL, NULL),
(960, 580, 42, '5.00', '128.00', NULL, NULL),
(961, 580, 40, '3.00', '163.00', NULL, NULL),
(962, 581, 40, '1.00', '179.00', NULL, NULL),
(963, 582, 24, '5.00', '95.00', NULL, NULL),
(974, 588, 81, '1.00', '69.90', NULL, NULL),
(975, 588, 83, '1.00', '69.90', NULL, NULL),
(976, 589, 152, '2.00', '115.00', NULL, NULL),
(977, 590, 19, '2.00', '168.00', NULL, NULL),
(978, 591, 24, '5.00', '95.00', NULL, NULL),
(979, 592, 19, '6.00', '168.00', NULL, NULL),
(980, 593, 155, '1.00', '750.00', NULL, NULL),
(981, 594, 18, '6.00', '128.00', NULL, NULL),
(982, 594, 42, '6.00', '128.00', NULL, NULL),
(983, 594, 40, '5.00', '163.00', NULL, NULL),
(984, 595, 18, '5.00', '128.00', NULL, NULL),
(985, 595, 40, '4.00', '163.00', NULL, NULL),
(986, 596, 6, '2.00', '83.00', NULL, NULL),
(987, 596, 7, '6.00', '89.00', NULL, NULL),
(988, 597, 42, '8.00', '128.00', NULL, NULL),
(989, 598, 40, '8.00', '163.00', NULL, NULL),
(990, 598, 18, '5.00', '128.00', NULL, NULL),
(1003, 599, 19, '1.00', '163.00', NULL, NULL),
(1004, 599, 40, '1.00', '163.00', NULL, NULL),
(1005, 599, 18, '3.00', '128.00', NULL, NULL),
(1006, 599, 42, '5.00', '128.00', NULL, NULL),
(1007, 600, 42, '10.00', '128.00', NULL, NULL),
(1008, 601, 80, '1.00', '69.90', NULL, NULL),
(1009, 601, 85, '1.00', '69.90', NULL, NULL),
(1014, 603, 24, '2.00', '95.00', NULL, NULL),
(1015, 604, 80, '1.00', '69.90', NULL, NULL),
(1016, 604, 81, '1.00', '69.90', NULL, NULL),
(1017, 604, 83, '1.00', '69.90', NULL, NULL),
(1018, 604, 85, '1.00', '69.90', NULL, NULL),
(1019, 605, 80, '4.00', '73.00', NULL, NULL),
(1020, 605, 81, '4.00', '73.00', NULL, NULL),
(1021, 605, 83, '4.00', '73.00', NULL, NULL),
(1022, 606, 147, '1.00', '250.00', NULL, NULL),
(1023, 607, 24, '1.00', '95.00', NULL, NULL),
(1024, 608, 24, '1.00', '95.00', NULL, NULL),
(1025, 609, 80, '1.00', '69.90', NULL, NULL),
(1026, 609, 81, '1.00', '69.90', NULL, NULL),
(1027, 609, 83, '1.00', '69.90', NULL, NULL),
(1028, 609, 85, '1.00', '69.90', NULL, NULL),
(1029, 610, 9, '2.00', '160.00', NULL, NULL),
(1030, 610, 24, '4.00', '95.00', NULL, NULL),
(1031, 611, 9, '2.00', '160.00', NULL, NULL),
(1032, 611, 24, '2.00', '95.00', NULL, NULL),
(1033, 612, 98, '1.00', '1920.00', NULL, NULL),
(1034, 613, 37, '2.00', '390.00', NULL, NULL),
(1035, 613, 24, '4.00', '95.00', NULL, NULL),
(1036, 614, 26, '4.00', '10.00', NULL, NULL),
(1037, 615, 54, '1.00', '10.00', NULL, NULL),
(1038, 616, 26, '6.00', '58.00', NULL, NULL),
(1039, 617, 81, '3.00', '73.00', NULL, NULL),
(1040, 618, 81, '1.00', '73.00', NULL, NULL),
(1042, 619, 9, '2.00', '160.00', NULL, NULL),
(1046, 620, 37, '2.00', '30.00', NULL, NULL),
(1047, 621, 68, '1.00', '250.00', NULL, NULL),
(1048, 621, 69, '1.00', '250.00', NULL, NULL),
(1049, 622, 157, '1.00', '250.00', NULL, NULL),
(1050, 623, 9, '2.00', '160.00', NULL, NULL),
(1051, 624, 81, '4.00', '73.00', NULL, NULL),
(1052, 625, 24, '1.00', '95.00', NULL, NULL),
(1053, 626, 22, '2.00', '215.00', NULL, NULL),
(1054, 627, 24, '6.00', '95.00', NULL, NULL),
(1055, 627, 26, '2.00', '58.00', NULL, NULL),
(1056, 628, 83, '3.00', '73.00', NULL, NULL),
(1057, 629, 7, '5.00', '89.00', NULL, NULL),
(1058, 629, 9, '1.00', '160.00', NULL, NULL),
(1059, 602, 80, '1.00', '69.90', NULL, NULL),
(1060, 602, 83, '1.00', '69.90', NULL, NULL),
(1061, 602, 85, '1.00', '69.90', NULL, NULL),
(1062, 602, 81, '1.00', '69.90', NULL, NULL),
(1063, 630, 81, '1.00', '69.90', NULL, NULL),
(1064, 631, 80, '1.00', '69.90', NULL, NULL),
(1065, 631, 81, '1.00', '69.90', NULL, NULL),
(1066, 631, 83, '1.00', '69.90', NULL, NULL),
(1067, 632, 24, '3.00', '95.00', NULL, NULL),
(1068, 633, 7, '5.00', '89.00', NULL, NULL),
(1069, 634, 9, '2.00', '160.00', NULL, NULL),
(1070, 635, 151, '1.00', '299.00', NULL, NULL),
(1071, 635, 32, '1.00', '35.00', NULL, NULL),
(1072, 636, 151, '1.00', '299.00', NULL, NULL),
(1073, 636, 32, '2.00', '50.00', NULL, NULL),
(1074, 637, 154, '1.00', '1250.00', NULL, NULL),
(1075, 638, 73, '1.00', '579.00', NULL, NULL),
(1076, 639, 24, '1.00', '95.00', NULL, NULL),
(1077, 639, 9, '1.00', '160.00', NULL, NULL),
(1078, 640, 9, '2.00', '160.00', NULL, NULL),
(1079, 641, 81, '2.00', '73.00', NULL, NULL),
(1080, 642, 80, '1.00', '69.90', NULL, NULL),
(1081, 642, 81, '1.00', '69.90', NULL, NULL),
(1082, 642, 83, '1.00', '69.90', NULL, NULL),
(1083, 642, 85, '1.00', '69.90', NULL, NULL),
(1084, 643, 81, '1.00', '69.90', NULL, NULL),
(1086, 645, 81, '2.00', '73.00', NULL, NULL),
(1087, 646, 26, '3.00', '58.00', NULL, NULL),
(1088, 647, 7, '4.00', '89.00', NULL, NULL),
(1089, 648, 9, '1.00', '160.00', NULL, NULL),
(1090, 649, 6, '6.00', '83.00', NULL, NULL),
(1091, 650, 80, '3.00', '73.00', NULL, NULL),
(1092, 650, 81, '2.00', '73.00', NULL, NULL),
(1093, 650, 83, '2.00', '73.00', NULL, NULL),
(1094, 651, 147, '2.00', '100.00', NULL, NULL),
(1095, 652, 9, '2.00', '160.00', NULL, NULL),
(1096, 653, 9, '3.00', '160.00', NULL, NULL),
(1097, 654, 26, '8.00', '58.00', NULL, NULL),
(1098, 655, 9, '1.00', '160.00', NULL, NULL),
(1099, 656, 9, '1.00', '160.00', NULL, NULL),
(1100, 656, 145, '1.00', '140.00', NULL, NULL),
(1101, 657, 9, '3.00', '160.00', NULL, NULL),
(1102, 658, 145, '3.00', '140.00', NULL, NULL),
(1103, 659, 83, '2.00', '73.00', NULL, NULL),
(1104, 659, 81, '3.00', '73.00', NULL, NULL),
(1105, 660, 80, '1.00', '69.90', NULL, NULL),
(1106, 660, 81, '1.00', '69.90', NULL, NULL),
(1107, 660, 83, '1.00', '69.90', NULL, NULL),
(1108, 660, 85, '1.00', '69.90', NULL, NULL),
(1109, 661, 9, '4.00', '160.00', NULL, NULL),
(1112, 662, 81, '1.00', '69.90', NULL, NULL),
(1113, 662, 83, '1.00', '69.90', NULL, NULL),
(1114, 663, 96, '1.00', '615.00', NULL, NULL),
(1115, 663, 129, '10.00', '100.00', NULL, NULL),
(1116, 663, 158, '1.00', '980.00', NULL, NULL),
(1117, 663, 27, '10.00', '8.40', NULL, NULL),
(1118, 663, 65, '6.00', '115.00', NULL, NULL),
(1119, 663, 67, '2.00', '20.00', NULL, NULL),
(1120, 663, 94, '20.00', '3.65', NULL, NULL),
(1121, 664, 64, '2.00', '320.00', NULL, NULL),
(1122, 665, 22, '3.00', '215.00', NULL, NULL),
(1123, 666, 6, '3.00', '83.00', NULL, NULL),
(1124, 667, 172, '10.00', '600.00', NULL, NULL),
(1125, 668, 9, '4.00', '160.00', NULL, NULL),
(1126, 669, 147, '2.00', '2950.00', NULL, NULL),
(1127, 670, 173, '2.00', '287.00', NULL, NULL),
(1128, 671, 171, '1.00', '790.00', NULL, NULL),
(1129, 672, 145, '1.00', '140.00', NULL, NULL),
(1130, 673, 154, '1.00', '100.00', NULL, NULL),
(1131, 673, 70, '7.00', '10.00', NULL, NULL),
(1132, 674, 174, '1.00', '10.00', NULL, NULL),
(1133, 674, 175, '2.00', '10.00', NULL, NULL),
(1134, 674, 176, '1.00', '10.00', NULL, NULL),
(1135, 674, 177, '2.00', '10.00', NULL, NULL),
(1136, 675, 9, '3.00', '160.00', NULL, NULL),
(1137, 676, 6, '2.00', '83.00', NULL, NULL),
(1138, 677, 32, '3.00', '50.00', NULL, NULL),
(1142, 681, 32, '2.00', '50.00', NULL, NULL),
(1144, 678, 32, '5.50', '50.00', NULL, NULL),
(1145, 679, 32, '2.50', '50.00', NULL, NULL),
(1146, 680, 32, '6.50', '50.00', NULL, NULL),
(1147, 682, 170, '1.00', '395.00', NULL, NULL),
(1148, 683, 178, '1.00', '8000.00', NULL, NULL),
(1149, 684, 32, '4.50', '35.00', NULL, NULL),
(1150, 685, 32, '3.00', '50.00', NULL, NULL),
(1151, 686, 184, '1.00', '12900.00', NULL, NULL),
(1152, 687, 26, '5.00', '58.00', NULL, NULL),
(1153, 688, 81, '1.00', '73.00', NULL, NULL),
(1154, 688, 83, '4.00', '73.00', NULL, NULL),
(1155, 689, 162, '4.00', '95.00', NULL, NULL),
(1156, 690, 166, '2.00', '143.00', NULL, NULL),
(1158, 692, 162, '1.00', '95.00', NULL, NULL),
(1159, 692, 3, '1.00', '69.00', NULL, NULL),
(1160, 692, 160, '1.00', '57.00', NULL, NULL),
(1161, 693, 166, '1.00', '143.00', NULL, NULL),
(1162, 693, 169, '4.00', '163.00', NULL, NULL),
(1163, 693, 168, '5.00', '129.00', NULL, NULL),
(1164, 693, 37, '2.00', '420.00', NULL, NULL),
(1165, 694, 54, '2.00', '115.00', NULL, NULL),
(1166, 695, 32, '3.00', '50.00', NULL, NULL),
(1168, 691, 181, '1.00', '350.00', NULL, NULL),
(1169, 696, 83, '3.00', '73.00', NULL, NULL),
(1170, 696, 81, '4.00', '73.00', NULL, NULL),
(1171, 696, 80, '3.00', '73.00', NULL, NULL),
(1172, 696, 85, '1.00', '73.00', NULL, NULL),
(1173, 697, 24, '6.00', '95.00', NULL, NULL),
(1174, 698, 24, '8.00', '95.00', NULL, NULL),
(1175, 698, 26, '2.00', '58.00', NULL, NULL),
(1176, 699, 20, '2.00', '163.00', NULL, NULL),
(1177, 700, 160, '2.00', '57.00', NULL, NULL),
(1178, 700, 169, '3.00', '163.00', NULL, NULL),
(1179, 701, 24, '4.00', '95.00', NULL, NULL),
(1184, 702, 20, '5.00', '163.00', NULL, NULL),
(1185, 702, 21, '5.00', '129.00', NULL, NULL),
(1186, 702, 169, '5.00', '163.00', NULL, NULL),
(1187, 702, 168, '5.00', '129.00', NULL, NULL),
(1188, 703, 32, '2.00', '50.00', NULL, NULL),
(1189, 704, 32, '4.00', '35.00', NULL, NULL),
(1190, 705, 23, '3.00', '89.00', NULL, NULL),
(1191, 705, 169, '2.00', '163.00', NULL, NULL),
(1192, 706, 23, '3.00', '89.00', NULL, NULL),
(1193, 706, 169, '2.00', '163.00', NULL, NULL),
(1194, 707, 22, '2.00', '170.00', NULL, NULL),
(1195, 707, 166, '2.00', '143.00', NULL, NULL),
(1196, 708, 3, '2.00', '69.00', NULL, NULL),
(1197, 709, 24, '10.00', '95.00', NULL, NULL),
(1198, 709, 169, '7.00', '163.00', NULL, NULL),
(1199, 709, 20, '4.00', '163.00', NULL, NULL),
(1200, 710, 23, '4.00', '89.00', NULL, NULL),
(1201, 711, 162, '1.00', '85.00', NULL, NULL),
(1202, 711, 81, '1.00', '69.90', NULL, NULL),
(1203, 711, 83, '1.00', '69.90', NULL, NULL),
(1204, 712, 166, '2.00', '143.00', NULL, NULL),
(1205, 713, 186, '1.00', '532.00', NULL, NULL),
(1206, 713, 32, '1.50', '50.00', NULL, NULL),
(1207, 714, 32, '1.50', '50.00', NULL, NULL),
(1208, 715, 32, '2.00', '50.00', NULL, NULL),
(1210, 717, 80, '1.00', '35.00', NULL, NULL),
(1211, 717, 81, '1.00', '35.00', NULL, NULL),
(1212, 717, 83, '1.00', '35.00', NULL, NULL),
(1213, 717, 85, '1.00', '35.00', NULL, NULL),
(1214, 717, 86, '1.00', '30.00', NULL, NULL),
(1215, 718, 166, '2.00', '143.00', NULL, NULL),
(1216, 719, 160, '3.00', '57.00', NULL, NULL),
(1217, 719, 166, '2.00', '143.00', NULL, NULL),
(1218, 719, 169, '1.00', '163.00', NULL, NULL),
(1219, 720, 20, '1.00', '163.00', NULL, NULL),
(1222, 721, 169, '5.00', '163.00', NULL, NULL),
(1223, 721, 20, '5.00', '163.00', NULL, NULL),
(1224, 721, 22, '5.00', '215.00', NULL, NULL),
(1225, 722, 80, '3.00', '73.00', NULL, NULL),
(1226, 722, 81, '3.00', '73.00', NULL, NULL),
(1227, 722, 83, '3.00', '73.00', NULL, NULL),
(1228, 722, 85, '2.00', '73.00', NULL, NULL),
(1229, 723, 169, '3.00', '160.00', NULL, NULL),
(1231, 724, 20, '5.00', '163.00', NULL, NULL),
(1232, 724, 26, '8.00', '58.00', NULL, NULL),
(1233, 725, 86, '1.00', '65.90', NULL, NULL),
(1234, 726, 32, '3.00', '35.00', NULL, NULL),
(1235, 727, 32, '2.00', '50.00', NULL, NULL),
(1236, 728, 188, '1.00', '800.00', NULL, NULL),
(1237, 728, 32, '1.00', '85.00', NULL, NULL),
(1239, 730, 153, '1.00', '560.00', NULL, NULL),
(1240, 731, 23, '4.00', '89.00', NULL, NULL),
(1241, 731, 160, '4.00', '57.00', NULL, NULL),
(1242, 731, 159, '4.00', '87.00', NULL, NULL),
(1243, 732, 80, '2.00', '73.00', NULL, NULL),
(1244, 732, 81, '2.00', '73.00', NULL, NULL),
(1245, 732, 83, '1.00', '73.00', NULL, NULL),
(1246, 732, 85, '2.00', '73.00', NULL, NULL),
(1247, 733, 135, '1.00', '250.00', NULL, NULL),
(1248, 734, 81, '1.00', '73.00', NULL, NULL),
(1249, 735, 83, '1.00', '69.90', NULL, NULL),
(1253, 736, 164, '3.00', '143.00', NULL, NULL),
(1254, 736, 165, '3.00', '110.00', NULL, NULL),
(1255, 736, 166, '3.00', '143.00', NULL, NULL),
(1256, 736, 167, '3.00', '110.00', NULL, NULL),
(1257, 737, 169, '5.00', '157.00', NULL, NULL),
(1259, 739, 24, '3.00', '95.00', NULL, NULL),
(1260, 740, 24, '6.00', '95.00', NULL, NULL),
(1261, 738, 24, '9.00', '95.00', NULL, NULL),
(1262, 741, 32, '1.00', '50.00', NULL, NULL),
(1263, 742, 32, '7.50', '50.00', NULL, NULL),
(1264, 743, 32, '2.00', '50.00', NULL, NULL),
(1265, 744, 159, '1.00', '87.00', NULL, NULL),
(1268, 746, 80, '1.00', '69.90', NULL, NULL),
(1269, 747, 26, '1.00', '58.00', NULL, NULL),
(1273, 748, 32, '1.50', '50.00', NULL, NULL),
(1274, 749, 32, '3.50', '50.00', NULL, NULL),
(1275, 750, 32, '2.00', '50.00', NULL, NULL),
(1276, 751, 32, '1.00', '35.00', NULL, NULL),
(1277, 751, 189, '1.00', '280.00', NULL, NULL),
(1280, 753, 115, '5.00', '98.00', NULL, NULL),
(1281, 753, 119, '1.00', '60.00', NULL, NULL),
(1284, 756, 80, '2.00', '73.00', NULL, NULL),
(1285, 757, 165, '5.00', '110.00', NULL, NULL),
(1286, 757, 167, '5.00', '110.00', NULL, NULL),
(1287, 757, 190, '1.00', '210.00', NULL, NULL),
(1288, 757, 24, '3.00', '95.00', NULL, NULL),
(1291, 758, 115, '1.00', '98.00', NULL, NULL),
(1292, 758, 114, '6.00', '98.00', NULL, NULL),
(1293, 758, 119, '1.00', '60.00', NULL, NULL),
(1294, 752, 190, '1.00', '208.00', NULL, NULL),
(1295, 745, 169, '6.00', '163.00', NULL, NULL),
(1296, 745, 20, '2.00', '163.00', NULL, NULL),
(1297, 745, 24, '4.00', '95.00', NULL, NULL),
(1298, 759, 161, '2.00', '95.00', NULL, NULL),
(1299, 760, 2, '5.00', '163.00', NULL, NULL),
(1300, 761, 20, '5.00', '157.00', NULL, NULL),
(1301, 762, 166, '5.00', '143.00', NULL, NULL),
(1302, 762, 165, '4.00', '110.00', NULL, NULL),
(1304, 763, 24, '3.00', '95.00', NULL, NULL),
(1305, 763, 23, '7.00', '89.00', NULL, NULL),
(1306, 764, 113, '6.00', '98.00', NULL, NULL),
(1307, 764, 117, '6.00', '98.00', NULL, NULL),
(1308, 765, 113, '1.00', '98.00', NULL, NULL),
(1309, 765, 114, '1.00', '98.00', NULL, NULL),
(1310, 765, 115, '1.00', '98.00', NULL, NULL),
(1311, 765, 116, '1.00', '98.00', NULL, NULL),
(1312, 766, 159, '1.00', '87.00', NULL, NULL),
(1313, 767, 26, '1.00', '58.00', NULL, NULL),
(1314, 768, 164, '3.00', '143.00', NULL, NULL),
(1315, 769, 32, '2.50', '50.00', NULL, NULL),
(1316, 770, 172, '1.00', '600.00', NULL, NULL),
(1317, 770, 32, '4.00', '50.00', NULL, NULL),
(1318, 771, 32, '1.50', '50.00', NULL, NULL),
(1321, 772, 24, '9.00', '95.00', NULL, NULL),
(1322, 773, 190, '1.00', '208.00', NULL, NULL),
(1323, 774, 20, '5.00', '163.00', NULL, NULL),
(1324, 774, 2, '5.00', '163.00', NULL, NULL),
(1330, 775, 32, '3.00', '50.00', NULL, NULL),
(1331, 776, 144, '1.00', '384.00', NULL, NULL),
(1332, 776, 135, '1.00', '250.00', NULL, NULL),
(1333, 777, 113, '5.00', '85.00', NULL, NULL),
(1334, 777, 114, '5.00', '85.00', NULL, NULL),
(1335, 777, 115, '5.00', '85.00', NULL, NULL),
(1336, 777, 116, '5.00', '85.00', NULL, NULL),
(1337, 777, 117, '5.00', '85.00', NULL, NULL),
(1338, 777, 118, '5.00', '85.00', NULL, NULL),
(1339, 777, 119, '5.00', '60.00', NULL, NULL),
(1340, 778, 81, '1.00', '69.90', NULL, NULL),
(1341, 778, 83, '1.00', '69.90', NULL, NULL),
(1342, 778, 85, '1.00', '69.90', NULL, NULL),
(1344, 779, 20, '3.00', '163.00', NULL, NULL),
(1345, 780, 169, '3.00', '163.00', NULL, NULL),
(1346, 781, 26, '8.00', '58.00', NULL, NULL),
(1347, 782, 163, '5.00', '143.00', NULL, NULL),
(1348, 782, 164, '4.00', '143.00', NULL, NULL),
(1349, 783, 32, '3.00', '50.00', NULL, NULL),
(1350, 784, 32, '3.00', '50.00', NULL, NULL),
(1351, 785, 194, '1.00', '13900.00', NULL, NULL),
(1352, 786, 195, '1.00', '13000.00', NULL, NULL),
(1353, 787, 115, '6.00', '98.00', NULL, NULL),
(1354, 788, 196, '1.00', '5.00', NULL, NULL),
(1355, 788, 191, '1.00', '500.00', NULL, NULL),
(1360, 789, 74, '1.00', '280.00', NULL, NULL),
(1361, 789, 179, '1.00', '700.00', NULL, NULL),
(1362, 789, 180, '2.00', '280.00', NULL, NULL),
(1363, 789, 75, '1.00', '750.00', NULL, NULL),
(1364, 789, 138, '10.00', '5.00', NULL, NULL),
(1365, 790, 204, '1.00', '3800.00', NULL, NULL),
(1367, 791, 187, '1.00', '2500.00', NULL, NULL),
(1368, 792, 203, '1.00', '39.00', NULL, NULL),
(1369, 792, 202, '2.00', '15.00', NULL, NULL),
(1370, 792, 201, '5.00', '5.00', NULL, NULL),
(1371, 792, 200, '1.00', '689.00', NULL, NULL),
(1372, 792, 199, '1.00', '143.00', NULL, NULL),
(1373, 792, 198, '1.00', '600.00', NULL, NULL),
(1374, 792, 197, '1.00', '25.00', NULL, NULL),
(1375, 793, 23, '5.00', '89.00', NULL, NULL),
(1384, 795, 20, '9.00', '143.00', NULL, NULL),
(1385, 795, 21, '43.00', '112.00', NULL, NULL),
(1386, 795, 165, '12.00', '100.00', NULL, NULL),
(1387, 795, 169, '5.00', '143.00', NULL, NULL),
(1388, 795, 2, '10.00', '143.00', NULL, NULL),
(1389, 795, 163, '14.00', '128.00', NULL, NULL),
(1390, 795, 164, '11.00', '128.00', NULL, NULL),
(1391, 795, 168, '20.00', '112.00', NULL, NULL),
(1392, 795, 166, '3.00', '128.00', NULL, NULL),
(1393, 795, 167, '14.00', '100.00', NULL, NULL),
(1394, 796, 80, '1.00', '69.90', NULL, NULL),
(1395, 796, 81, '1.00', '69.90', NULL, NULL),
(1396, 796, 83, '1.00', '69.90', NULL, NULL),
(1397, 796, 85, '1.00', '69.90', NULL, NULL),
(1398, 797, 32, '4.00', '50.00', NULL, NULL),
(1399, 798, 32, '2.00', '35.00', NULL, NULL),
(1403, 794, 80, '11.00', '73.00', NULL, NULL),
(1404, 794, 81, '10.00', '73.00', NULL, NULL),
(1405, 794, 85, '4.00', '73.00', NULL, NULL),
(1406, 794, 83, '10.00', '73.00', NULL, NULL),
(1407, 799, 32, '11.50', '50.00', NULL, NULL),
(1408, 800, 168, '10.00', '129.00', NULL, NULL),
(1410, 801, 38, '2.00', '271.50', NULL, NULL),
(1411, 802, 22, '3.00', '215.00', NULL, NULL),
(1412, 803, 143, '1.00', '1150.00', NULL, NULL),
(1413, 804, 2, '10.00', '163.00', NULL, NULL),
(1414, 804, 168, '5.00', '129.00', NULL, NULL),
(1416, 806, 32, '2.00', '50.00', NULL, NULL),
(1417, 807, 113, '4.00', '85.00', NULL, NULL),
(1418, 807, 114, '4.00', '85.00', NULL, NULL),
(1419, 807, 115, '4.00', '85.00', NULL, NULL),
(1420, 807, 116, '4.00', '85.00', NULL, NULL),
(1421, 807, 117, '3.00', '85.00', NULL, NULL),
(1422, 807, 118, '4.00', '85.00', NULL, NULL),
(1423, 807, 119, '5.00', '60.00', NULL, NULL),
(1425, 805, 26, '5.00', '58.00', NULL, NULL),
(1426, 808, 38, '6.00', '271.50', NULL, NULL),
(1427, 809, 23, '4.00', '89.00', NULL, NULL),
(1433, 810, 113, '3.00', '85.00', NULL, NULL);
INSERT INTO `ordenes_productos` (`id`, `idOrden`, `idProducto`, `cantidad_producto`, `precio_final`, `created_at`, `updated_at`) VALUES
(1434, 810, 114, '3.00', '85.00', NULL, NULL),
(1435, 810, 116, '3.00', '85.00', NULL, NULL),
(1436, 810, 118, '3.00', '85.00', NULL, NULL),
(1437, 811, 147, '2.00', '2950.00', NULL, NULL),
(1438, 812, 32, '2.00', '50.00', NULL, NULL),
(1439, 813, 32, '1.00', '50.00', NULL, NULL),
(1440, 814, 159, '2.00', '87.00', NULL, NULL),
(1441, 815, 24, '3.00', '95.00', NULL, NULL),
(1442, 816, 23, '2.00', '89.00', NULL, NULL),
(1447, 818, 23, '1.00', '89.00', NULL, NULL),
(1448, 818, 37, '1.00', '420.00', NULL, NULL),
(1449, 819, 113, '5.00', '85.00', NULL, NULL),
(1450, 819, 114, '5.00', '85.00', NULL, NULL),
(1451, 819, 115, '5.00', '85.00', NULL, NULL),
(1452, 819, 116, '5.00', '85.00', NULL, NULL),
(1453, 819, 119, '5.00', '60.00', NULL, NULL),
(1454, 820, 74, '1.00', '0.00', NULL, NULL),
(1455, 820, 75, '1.00', '0.00', NULL, NULL),
(1456, 821, 3, '1.00', '69.00', NULL, NULL);

-- --------------------------------------------------------

--
-- Estructura de tabla para la tabla `ordenes_repartidores`
--

CREATE TABLE `ordenes_repartidores` (
  `id` int(10) UNSIGNED NOT NULL,
  `idOrden` int(10) UNSIGNED NOT NULL,
  `idRepartidor` int(10) UNSIGNED NOT NULL,
  `created_at` timestamp NULL DEFAULT NULL,
  `updated_at` timestamp NULL DEFAULT NULL
) ENGINE=InnoDB DEFAULT CHARSET=utf8 COLLATE=utf8_unicode_ci;

--
-- Volcado de datos para la tabla `ordenes_repartidores`
--

INSERT INTO `ordenes_repartidores` (`id`, `idOrden`, `idRepartidor`, `created_at`, `updated_at`) VALUES
(1, 1, 1, NULL, NULL),
(2, 2, 1, NULL, NULL),
(3, 2, 3, NULL, NULL),
(4, 3, 3, NULL, NULL),
(5, 3, 1, NULL, NULL),
(6, 4, 3, NULL, NULL),
(7, 4, 1, NULL, NULL),
(8, 5, 3, NULL, NULL),
(9, 6, 3, NULL, NULL),
(10, 6, 1, NULL, NULL),
(11, 7, 3, NULL, NULL),
(12, 7, 1, NULL, NULL),
(13, 8, 3, NULL, NULL),
(14, 8, 1, NULL, NULL),
(15, 13, 1, NULL, NULL),
(16, 13, 3, NULL, NULL),
(17, 14, 3, NULL, NULL),
(18, 14, 1, NULL, NULL),
(19, 15, 1, NULL, NULL),
(20, 15, 3, NULL, NULL),
(21, 16, 1, NULL, NULL),
(22, 16, 3, NULL, NULL),
(23, 17, 1, NULL, NULL),
(24, 17, 3, NULL, NULL),
(25, 18, 1, NULL, NULL),
(26, 18, 3, NULL, NULL),
(27, 19, 1, NULL, NULL),
(28, 19, 3, NULL, NULL),
(29, 20, 1, NULL, NULL),
(30, 20, 3, NULL, NULL),
(31, 21, 1, NULL, NULL),
(32, 21, 3, NULL, NULL),
(33, 22, 3, NULL, NULL),
(34, 23, 3, NULL, NULL),
(35, 24, 1, NULL, NULL),
(36, 25, 3, NULL, NULL),
(37, 26, 3, NULL, NULL),
(38, 27, 1, NULL, NULL),
(39, 28, 1, NULL, NULL),
(40, 28, 3, NULL, NULL),
(41, 29, 1, NULL, NULL),
(42, 29, 3, NULL, NULL),
(43, 30, 1, NULL, NULL),
(44, 30, 3, NULL, NULL),
(45, 9, 3, NULL, NULL),
(46, 10, 3, NULL, NULL),
(47, 11, 3, NULL, NULL),
(48, 12, 3, NULL, NULL),
(49, 31, 3, NULL, NULL),
(50, 32, 3, NULL, NULL),
(51, 33, 1, NULL, NULL),
(52, 34, 1, NULL, NULL),
(53, 35, 3, NULL, NULL),
(54, 36, 3, NULL, NULL),
(55, 37, 1, NULL, NULL),
(56, 38, 3, NULL, NULL),
(57, 39, 3, NULL, NULL),
(58, 40, 3, NULL, NULL),
(59, 40, 1, NULL, NULL),
(60, 41, 3, NULL, NULL),
(61, 42, 3, NULL, NULL),
(62, 42, 1, NULL, NULL),
(63, 43, 3, NULL, NULL),
(64, 44, 3, NULL, NULL),
(65, 44, 1, NULL, NULL),
(66, 45, 1, NULL, NULL),
(67, 45, 3, NULL, NULL),
(68, 46, 3, NULL, NULL),
(69, 47, 3, NULL, NULL),
(70, 48, 1, NULL, NULL),
(71, 48, 3, NULL, NULL),
(72, 49, 3, NULL, NULL),
(73, 50, 3, NULL, NULL),
(74, 51, 3, NULL, NULL),
(75, 51, 1, NULL, NULL),
(76, 52, 3, NULL, NULL),
(77, 52, 1, NULL, NULL),
(78, 53, 3, NULL, NULL),
(79, 53, 1, NULL, NULL),
(80, 54, 3, NULL, NULL),
(81, 55, 3, NULL, NULL),
(82, 55, 1, NULL, NULL),
(83, 56, 1, NULL, NULL),
(84, 57, 1, NULL, NULL),
(85, 58, 1, NULL, NULL),
(86, 59, 1, NULL, NULL),
(87, 60, 1, NULL, NULL),
(88, 61, 1, NULL, NULL),
(89, 62, 1, NULL, NULL),
(90, 63, 1, NULL, NULL),
(91, 64, 1, NULL, NULL),
(92, 65, 1, NULL, NULL),
(93, 66, 1, NULL, NULL),
(94, 67, 3, NULL, NULL),
(95, 67, 1, NULL, NULL),
(96, 68, 3, NULL, NULL),
(97, 68, 1, NULL, NULL),
(98, 69, 1, NULL, NULL),
(99, 70, 1, NULL, NULL),
(100, 71, 1, NULL, NULL),
(101, 71, 3, NULL, NULL),
(102, 72, 1, NULL, NULL),
(103, 72, 3, NULL, NULL),
(104, 73, 1, NULL, NULL),
(105, 73, 3, NULL, NULL),
(106, 74, 1, NULL, NULL),
(107, 74, 4, NULL, NULL),
(108, 75, 1, NULL, NULL),
(109, 75, 4, NULL, NULL),
(110, 76, 1, NULL, NULL),
(111, 76, 4, NULL, NULL),
(112, 77, 1, NULL, NULL),
(113, 77, 4, NULL, NULL),
(114, 78, 1, NULL, NULL),
(115, 79, 1, NULL, NULL),
(116, 79, 4, NULL, NULL),
(117, 80, 1, NULL, NULL),
(118, 80, 4, NULL, NULL),
(119, 81, 1, NULL, NULL),
(120, 81, 4, NULL, NULL),
(121, 82, 3, NULL, NULL),
(122, 83, 3, NULL, NULL),
(123, 84, 3, NULL, NULL),
(124, 84, 1, NULL, NULL),
(125, 85, 3, NULL, NULL),
(126, 86, 1, NULL, NULL),
(127, 87, 1, NULL, NULL),
(128, 88, 3, NULL, NULL),
(129, 89, 1, NULL, NULL),
(130, 89, 3, NULL, NULL),
(131, 90, 1, NULL, NULL),
(132, 90, 4, NULL, NULL),
(133, 91, 1, NULL, NULL),
(134, 92, 1, NULL, NULL),
(135, 93, 1, NULL, NULL),
(136, 94, 1, NULL, NULL),
(137, 95, 5, NULL, NULL),
(138, 96, 4, NULL, NULL),
(139, 96, 1, NULL, NULL),
(140, 97, 4, NULL, NULL),
(141, 97, 1, NULL, NULL),
(142, 98, 4, NULL, NULL),
(143, 98, 3, NULL, NULL),
(144, 99, 4, NULL, NULL),
(145, 99, 3, NULL, NULL),
(146, 100, 4, NULL, NULL),
(147, 100, 3, NULL, NULL),
(148, 101, 4, NULL, NULL),
(149, 101, 3, NULL, NULL),
(150, 102, 4, NULL, NULL),
(151, 102, 5, NULL, NULL),
(152, 103, 4, NULL, NULL),
(153, 103, 5, NULL, NULL),
(154, 104, 5, NULL, NULL),
(155, 105, 1, NULL, NULL),
(156, 106, 1, NULL, NULL),
(157, 107, 1, NULL, NULL),
(158, 107, 3, NULL, NULL),
(159, 108, 1, NULL, NULL),
(160, 109, 1, NULL, NULL),
(161, 109, 4, NULL, NULL),
(162, 110, 1, NULL, NULL),
(163, 110, 4, NULL, NULL),
(164, 111, 1, NULL, NULL),
(165, 111, 4, NULL, NULL),
(166, 112, 1, NULL, NULL),
(167, 113, 1, NULL, NULL),
(168, 114, 1, NULL, NULL),
(169, 115, 1, NULL, NULL),
(170, 116, 1, NULL, NULL),
(171, 116, 4, NULL, NULL),
(172, 117, 1, NULL, NULL),
(173, 117, 4, NULL, NULL),
(174, 118, 1, NULL, NULL),
(175, 118, 4, NULL, NULL),
(176, 119, 1, NULL, NULL),
(177, 119, 4, NULL, NULL),
(178, 120, 1, NULL, NULL),
(179, 120, 3, NULL, NULL),
(180, 121, 3, NULL, NULL),
(181, 121, 1, NULL, NULL),
(182, 122, 1, NULL, NULL),
(183, 123, 1, NULL, NULL),
(184, 123, 3, NULL, NULL),
(185, 124, 1, NULL, NULL),
(186, 124, 3, NULL, NULL),
(187, 125, 1, NULL, NULL),
(188, 125, 3, NULL, NULL),
(189, 126, 3, NULL, NULL),
(190, 126, 1, NULL, NULL),
(191, 127, 1, NULL, NULL),
(192, 127, 3, NULL, NULL),
(193, 128, 1, NULL, NULL),
(194, 128, 3, NULL, NULL),
(195, 129, 1, NULL, NULL),
(196, 129, 3, NULL, NULL),
(197, 130, 1, NULL, NULL),
(198, 130, 3, NULL, NULL),
(199, 131, 3, NULL, NULL),
(200, 131, 1, NULL, NULL),
(201, 132, 3, NULL, NULL),
(202, 132, 1, NULL, NULL),
(203, 133, 3, NULL, NULL),
(204, 133, 1, NULL, NULL),
(205, 134, 3, NULL, NULL),
(206, 134, 1, NULL, NULL),
(207, 135, 3, NULL, NULL),
(208, 135, 1, NULL, NULL),
(209, 136, 3, NULL, NULL),
(210, 137, 3, NULL, NULL),
(211, 137, 1, NULL, NULL),
(212, 138, 3, NULL, NULL),
(213, 138, 1, NULL, NULL),
(214, 139, 1, NULL, NULL),
(215, 139, 3, NULL, NULL),
(216, 140, 1, NULL, NULL),
(217, 140, 3, NULL, NULL),
(218, 141, 3, NULL, NULL),
(219, 142, 3, NULL, NULL),
(220, 142, 1, NULL, NULL),
(221, 143, 3, NULL, NULL),
(222, 143, 1, NULL, NULL),
(223, 144, 3, NULL, NULL),
(224, 144, 1, NULL, NULL),
(225, 145, 1, NULL, NULL),
(226, 145, 3, NULL, NULL),
(227, 146, 1, NULL, NULL),
(228, 146, 3, NULL, NULL),
(229, 147, 3, NULL, NULL),
(230, 147, 1, NULL, NULL),
(231, 148, 1, NULL, NULL),
(232, 148, 3, NULL, NULL),
(233, 149, 3, NULL, NULL),
(234, 149, 1, NULL, NULL),
(235, 150, 3, NULL, NULL),
(236, 151, 1, NULL, NULL),
(237, 151, 3, NULL, NULL),
(238, 152, 1, NULL, NULL),
(239, 152, 3, NULL, NULL),
(240, 153, 1, NULL, NULL),
(241, 153, 3, NULL, NULL),
(242, 154, 5, NULL, NULL),
(243, 155, 5, NULL, NULL),
(245, 157, 3, NULL, NULL),
(246, 157, 1, NULL, NULL),
(247, 158, 5, NULL, NULL),
(248, 159, 3, NULL, NULL),
(249, 159, 1, NULL, NULL),
(250, 160, 1, NULL, NULL),
(251, 160, 3, NULL, NULL),
(252, 161, 3, NULL, NULL),
(253, 162, 3, NULL, NULL),
(254, 162, 1, NULL, NULL),
(255, 163, 3, NULL, NULL),
(256, 163, 1, NULL, NULL),
(257, 164, 5, NULL, NULL),
(258, 165, 5, NULL, NULL),
(261, 168, 3, NULL, NULL),
(262, 168, 1, NULL, NULL),
(263, 169, 1, NULL, NULL),
(264, 169, 3, NULL, NULL),
(265, 170, 1, NULL, NULL),
(266, 170, 3, NULL, NULL),
(267, 171, 3, NULL, NULL),
(268, 171, 1, NULL, NULL),
(269, 172, 3, NULL, NULL),
(270, 173, 3, NULL, NULL),
(271, 174, 3, NULL, NULL),
(272, 174, 1, NULL, NULL),
(273, 175, 3, NULL, NULL),
(274, 176, 1, NULL, NULL),
(275, 176, 3, NULL, NULL),
(276, 177, 3, NULL, NULL),
(277, 177, 1, NULL, NULL),
(278, 178, 3, NULL, NULL),
(279, 178, 1, NULL, NULL),
(280, 179, 1, NULL, NULL),
(281, 179, 3, NULL, NULL),
(282, 180, 1, NULL, NULL),
(283, 181, 1, NULL, NULL),
(284, 181, 3, NULL, NULL),
(285, 182, 1, NULL, NULL),
(286, 183, 1, NULL, NULL),
(287, 184, 1, NULL, NULL),
(288, 185, 1, NULL, NULL),
(289, 186, 3, NULL, NULL),
(290, 187, 3, NULL, NULL),
(291, 187, 1, NULL, NULL),
(292, 188, 3, NULL, NULL),
(293, 188, 1, NULL, NULL),
(294, 189, 5, NULL, NULL),
(295, 190, 3, NULL, NULL),
(296, 190, 1, NULL, NULL),
(297, 191, 3, NULL, NULL),
(298, 191, 1, NULL, NULL),
(299, 192, 3, NULL, NULL),
(300, 192, 1, NULL, NULL),
(301, 193, 3, NULL, NULL),
(302, 193, 1, NULL, NULL),
(303, 194, 1, NULL, NULL),
(304, 194, 3, NULL, NULL),
(305, 195, 3, NULL, NULL),
(306, 195, 1, NULL, NULL),
(307, 196, 1, NULL, NULL),
(308, 196, 3, NULL, NULL),
(309, 197, 1, NULL, NULL),
(310, 197, 3, NULL, NULL),
(312, 199, 3, NULL, NULL),
(313, 200, 5, NULL, NULL),
(314, 201, 3, NULL, NULL),
(315, 201, 1, NULL, NULL),
(316, 202, 3, NULL, NULL),
(317, 202, 1, NULL, NULL),
(318, 203, 5, NULL, NULL),
(319, 204, 5, NULL, NULL),
(320, 205, 3, NULL, NULL),
(321, 205, 1, NULL, NULL),
(322, 206, 1, NULL, NULL),
(323, 206, 3, NULL, NULL),
(324, 207, 3, NULL, NULL),
(325, 207, 1, NULL, NULL),
(326, 208, 3, NULL, NULL),
(327, 208, 1, NULL, NULL),
(328, 209, 3, NULL, NULL),
(329, 210, 3, NULL, NULL),
(330, 211, 3, NULL, NULL),
(331, 211, 1, NULL, NULL),
(332, 212, 3, NULL, NULL),
(333, 212, 1, NULL, NULL),
(334, 213, 1, NULL, NULL),
(335, 213, 3, NULL, NULL),
(336, 214, 3, NULL, NULL),
(337, 214, 1, NULL, NULL),
(338, 215, 3, NULL, NULL),
(339, 215, 1, NULL, NULL),
(340, 216, 1, NULL, NULL),
(341, 216, 3, NULL, NULL),
(342, 217, 3, NULL, NULL),
(343, 217, 1, NULL, NULL),
(344, 218, 5, NULL, NULL),
(346, 220, 5, NULL, NULL),
(347, 221, 5, NULL, NULL),
(348, 222, 5, NULL, NULL),
(349, 223, 5, NULL, NULL),
(350, 224, 5, NULL, NULL),
(351, 225, 5, NULL, NULL),
(353, 227, 5, NULL, NULL),
(354, 228, 5, NULL, NULL),
(355, 229, 3, NULL, NULL),
(356, 230, 6, NULL, NULL),
(357, 230, 3, NULL, NULL),
(358, 231, 5, NULL, NULL),
(359, 232, 5, NULL, NULL),
(361, 234, 5, NULL, NULL),
(362, 235, 5, NULL, NULL),
(363, 236, 5, NULL, NULL),
(364, 237, 5, NULL, NULL),
(369, 242, 5, NULL, NULL),
(371, 244, 5, NULL, NULL),
(378, 249, 5, NULL, NULL),
(379, 250, 5, NULL, NULL),
(380, 251, 3, NULL, NULL),
(383, 258, 5, NULL, NULL),
(384, 259, 5, NULL, NULL),
(385, 260, 5, NULL, NULL),
(386, 248, 5, NULL, NULL),
(387, 233, 5, NULL, NULL),
(388, 226, 5, NULL, NULL),
(389, 167, 5, NULL, NULL),
(390, 166, 5, NULL, NULL),
(391, 156, 5, NULL, NULL),
(392, 219, 5, NULL, NULL),
(393, 261, 5, NULL, NULL),
(394, 262, 3, NULL, NULL),
(395, 263, 3, NULL, NULL),
(396, 264, 5, NULL, NULL),
(399, 267, 5, NULL, NULL),
(400, 268, 5, NULL, NULL),
(401, 269, 5, NULL, NULL),
(402, 270, 5, NULL, NULL),
(403, 271, 5, NULL, NULL),
(404, 272, 5, NULL, NULL),
(405, 273, 5, NULL, NULL),
(406, 274, 5, NULL, NULL),
(407, 275, 5, NULL, NULL),
(408, 276, 5, NULL, NULL),
(409, 277, 3, NULL, NULL),
(410, 277, 5, NULL, NULL),
(411, 278, 3, NULL, NULL),
(412, 278, 5, NULL, NULL),
(413, 279, 1, NULL, NULL),
(414, 279, 3, NULL, NULL),
(415, 280, 1, NULL, NULL),
(416, 280, 3, NULL, NULL),
(417, 281, 1, NULL, NULL),
(418, 281, 3, NULL, NULL),
(419, 283, 5, NULL, NULL),
(421, 284, 3, NULL, NULL),
(422, 285, 5, NULL, NULL),
(423, 286, 3, NULL, NULL),
(424, 287, 3, NULL, NULL),
(425, 287, 6, NULL, NULL),
(426, 288, 3, NULL, NULL),
(427, 288, 6, NULL, NULL),
(428, 289, 3, NULL, NULL),
(429, 289, 6, NULL, NULL),
(432, 292, 3, NULL, NULL),
(433, 291, 3, NULL, NULL),
(434, 293, 3, NULL, NULL),
(435, 293, 7, NULL, NULL),
(436, 296, 3, NULL, NULL),
(437, 296, 5, NULL, NULL),
(438, 297, 4, NULL, NULL),
(439, 298, 4, NULL, NULL),
(440, 299, 3, NULL, NULL),
(441, 299, 7, NULL, NULL),
(442, 300, 1, NULL, NULL),
(443, 300, 3, NULL, NULL),
(450, 304, 3, NULL, NULL),
(451, 304, 6, NULL, NULL),
(452, 305, 3, NULL, NULL),
(453, 305, 7, NULL, NULL),
(459, 309, 3, NULL, NULL),
(460, 309, 7, NULL, NULL),
(461, 310, 3, NULL, NULL),
(462, 310, 7, NULL, NULL),
(463, 311, 3, NULL, NULL),
(464, 311, 7, NULL, NULL),
(465, 312, 5, NULL, NULL),
(466, 313, 5, NULL, NULL),
(467, 314, 3, NULL, NULL),
(468, 314, 7, NULL, NULL),
(469, 315, 3, NULL, NULL),
(470, 315, 7, NULL, NULL),
(471, 316, 3, NULL, NULL),
(472, 316, 7, NULL, NULL),
(473, 317, 5, NULL, NULL),
(474, 318, 3, NULL, NULL),
(475, 318, 7, NULL, NULL),
(476, 319, 5, NULL, NULL),
(477, 319, 7, NULL, NULL),
(478, 320, 3, NULL, NULL),
(479, 320, 7, NULL, NULL),
(480, 321, 5, NULL, NULL),
(481, 322, 5, NULL, NULL),
(482, 323, 5, NULL, NULL),
(485, 325, 5, NULL, NULL),
(486, 325, 7, NULL, NULL),
(487, 326, 5, NULL, NULL),
(488, 326, 7, NULL, NULL),
(490, 328, 5, NULL, NULL),
(491, 327, 5, NULL, NULL),
(495, 330, 5, NULL, NULL),
(496, 330, 7, NULL, NULL),
(497, 329, 5, NULL, NULL),
(498, 329, 7, NULL, NULL),
(499, 331, 5, NULL, NULL),
(500, 331, 7, NULL, NULL),
(501, 332, 5, NULL, NULL),
(502, 332, 7, NULL, NULL),
(503, 333, 5, NULL, NULL),
(504, 333, 7, NULL, NULL),
(505, 334, 5, NULL, NULL),
(506, 335, 3, NULL, NULL),
(507, 335, 7, NULL, NULL),
(510, 337, 3, NULL, NULL),
(511, 337, 7, NULL, NULL),
(512, 338, 3, NULL, NULL),
(513, 338, 7, NULL, NULL),
(514, 339, 3, NULL, NULL),
(515, 339, 7, NULL, NULL),
(516, 340, 3, NULL, NULL),
(517, 340, 5, NULL, NULL),
(518, 341, 3, NULL, NULL),
(519, 341, 7, NULL, NULL),
(520, 342, 3, NULL, NULL),
(521, 342, 7, NULL, NULL),
(522, 343, 3, NULL, NULL),
(523, 343, 7, NULL, NULL),
(524, 344, 5, NULL, NULL),
(525, 345, 3, NULL, NULL),
(526, 345, 7, NULL, NULL),
(527, 346, 3, NULL, NULL),
(528, 346, 7, NULL, NULL),
(537, 347, 3, NULL, NULL),
(538, 347, 7, NULL, NULL),
(543, 348, 5, NULL, NULL),
(544, 349, 3, NULL, NULL),
(545, 349, 7, NULL, NULL),
(548, 351, 3, NULL, NULL),
(549, 351, 5, NULL, NULL),
(550, 352, 5, NULL, NULL),
(551, 353, 5, NULL, NULL),
(552, 354, 4, NULL, NULL),
(554, 356, 5, NULL, NULL),
(555, 357, 5, NULL, NULL),
(556, 358, 5, NULL, NULL),
(557, 359, 3, NULL, NULL),
(558, 359, 7, NULL, NULL),
(559, 360, 5, NULL, NULL),
(560, 361, 3, NULL, NULL),
(561, 362, 3, NULL, NULL),
(562, 363, 5, NULL, NULL),
(565, 365, 3, NULL, NULL),
(566, 365, 7, NULL, NULL),
(567, 366, 3, NULL, NULL),
(568, 367, 3, NULL, NULL),
(569, 368, 3, NULL, NULL),
(570, 368, 7, NULL, NULL),
(571, 369, 3, NULL, NULL),
(572, 369, 7, NULL, NULL),
(573, 370, 3, NULL, NULL),
(574, 370, 7, NULL, NULL),
(575, 371, 3, NULL, NULL),
(576, 371, 7, NULL, NULL),
(577, 372, 3, NULL, NULL),
(578, 372, 7, NULL, NULL),
(585, 377, 3, NULL, NULL),
(586, 377, 6, NULL, NULL),
(587, 378, 5, NULL, NULL),
(588, 378, 7, NULL, NULL),
(589, 379, 3, NULL, NULL),
(590, 379, 7, NULL, NULL),
(591, 380, 5, NULL, NULL),
(592, 381, 5, NULL, NULL),
(594, 382, 5, NULL, NULL),
(595, 383, 5, NULL, NULL),
(596, 384, 5, NULL, NULL),
(597, 385, 5, NULL, NULL),
(600, 386, 5, NULL, NULL),
(601, 386, 7, NULL, NULL),
(602, 387, 7, NULL, NULL),
(603, 388, 7, NULL, NULL),
(608, 390, 5, NULL, NULL),
(609, 390, 7, NULL, NULL),
(610, 391, 5, NULL, NULL),
(611, 391, 7, NULL, NULL),
(612, 392, 4, NULL, NULL),
(613, 392, 5, NULL, NULL),
(614, 393, 5, NULL, NULL),
(615, 394, 5, NULL, NULL),
(616, 394, 7, NULL, NULL),
(617, 395, 5, NULL, NULL),
(618, 395, 7, NULL, NULL),
(619, 396, 5, NULL, NULL),
(620, 396, 7, NULL, NULL),
(623, 397, 5, NULL, NULL),
(625, 399, 5, NULL, NULL),
(629, 402, 5, NULL, NULL),
(630, 403, 5, NULL, NULL),
(631, 404, 5, NULL, NULL),
(632, 405, 5, NULL, NULL),
(633, 405, 7, NULL, NULL),
(636, 407, 5, NULL, NULL),
(637, 406, 5, NULL, NULL),
(638, 408, 5, NULL, NULL),
(640, 409, 5, NULL, NULL),
(641, 410, 3, NULL, NULL),
(642, 410, 5, NULL, NULL),
(645, 412, 3, NULL, NULL),
(646, 412, 7, NULL, NULL),
(647, 413, 3, NULL, NULL),
(648, 413, 7, NULL, NULL),
(652, 401, 5, NULL, NULL),
(653, 401, 7, NULL, NULL),
(654, 415, 3, NULL, NULL),
(655, 415, 6, NULL, NULL),
(656, 416, 3, NULL, NULL),
(657, 416, 7, NULL, NULL),
(658, 417, 5, NULL, NULL),
(659, 418, 3, NULL, NULL),
(660, 418, 7, NULL, NULL),
(662, 420, 5, NULL, NULL),
(663, 421, 5, NULL, NULL),
(664, 422, 3, NULL, NULL),
(671, 426, 5, NULL, NULL),
(672, 427, 5, NULL, NULL),
(675, 428, 3, NULL, NULL),
(676, 428, 7, NULL, NULL),
(677, 423, 3, NULL, NULL),
(678, 423, 6, NULL, NULL),
(679, 424, 3, NULL, NULL),
(680, 424, 6, NULL, NULL),
(681, 425, 3, NULL, NULL),
(682, 425, 6, NULL, NULL),
(683, 429, 3, NULL, NULL),
(684, 430, 3, NULL, NULL),
(685, 430, 7, NULL, NULL),
(686, 431, 3, NULL, NULL),
(687, 431, 7, NULL, NULL),
(688, 432, 3, NULL, NULL),
(689, 432, 7, NULL, NULL),
(692, 433, 3, NULL, NULL),
(693, 433, 7, NULL, NULL),
(694, 434, 3, NULL, NULL),
(695, 434, 7, NULL, NULL),
(696, 435, 3, NULL, NULL),
(697, 436, 3, NULL, NULL),
(698, 437, 5, NULL, NULL),
(705, 438, 3, NULL, NULL),
(706, 438, 7, NULL, NULL),
(707, 439, 5, NULL, NULL),
(710, 440, 3, NULL, NULL),
(711, 440, 7, NULL, NULL),
(712, 441, 3, NULL, NULL),
(713, 441, 7, NULL, NULL),
(714, 442, 3, NULL, NULL),
(715, 442, 7, NULL, NULL),
(716, 443, 3, NULL, NULL),
(717, 443, 7, NULL, NULL),
(720, 445, 3, NULL, NULL),
(721, 445, 7, NULL, NULL),
(722, 446, 3, NULL, NULL),
(723, 447, 5, NULL, NULL),
(724, 444, 3, NULL, NULL),
(725, 444, 5, NULL, NULL),
(726, 448, 5, NULL, NULL),
(727, 449, 3, NULL, NULL),
(728, 449, 7, NULL, NULL),
(729, 450, 3, NULL, NULL),
(730, 451, 3, NULL, NULL),
(731, 451, 7, NULL, NULL),
(732, 452, 3, NULL, NULL),
(733, 453, 3, NULL, NULL),
(734, 453, 7, NULL, NULL),
(736, 454, 5, NULL, NULL),
(737, 455, 3, NULL, NULL),
(738, 455, 7, NULL, NULL),
(741, 456, 3, NULL, NULL),
(742, 456, 7, NULL, NULL),
(743, 457, 3, NULL, NULL),
(744, 457, 7, NULL, NULL),
(746, 459, 5, NULL, NULL),
(747, 459, 7, NULL, NULL),
(750, 460, 5, NULL, NULL),
(754, 462, 5, NULL, NULL),
(755, 462, 7, NULL, NULL),
(756, 463, 5, NULL, NULL),
(757, 463, 7, NULL, NULL),
(758, 464, 5, NULL, NULL),
(759, 464, 7, NULL, NULL),
(760, 465, 5, NULL, NULL),
(764, 468, 5, NULL, NULL),
(765, 469, 5, NULL, NULL),
(766, 470, 5, NULL, NULL),
(767, 470, 7, NULL, NULL),
(768, 471, 5, NULL, NULL),
(769, 471, 7, NULL, NULL),
(773, 472, 5, NULL, NULL),
(774, 472, 7, NULL, NULL),
(776, 474, 5, NULL, NULL),
(777, 475, 3, NULL, NULL),
(778, 475, 5, NULL, NULL),
(779, 476, 5, NULL, NULL),
(780, 466, 5, NULL, NULL),
(781, 467, 5, NULL, NULL),
(782, 477, 5, NULL, NULL),
(783, 478, 3, NULL, NULL),
(784, 478, 7, NULL, NULL),
(785, 479, 5, NULL, NULL),
(786, 480, 5, NULL, NULL),
(787, 481, 5, NULL, NULL),
(788, 482, 3, NULL, NULL),
(790, 483, 3, NULL, NULL),
(791, 484, 3, NULL, NULL),
(797, 487, 3, NULL, NULL),
(798, 488, 5, NULL, NULL),
(799, 486, 3, NULL, NULL),
(800, 489, 5, NULL, NULL),
(801, 490, 5, NULL, NULL),
(802, 491, 5, NULL, NULL),
(803, 492, 3, NULL, NULL),
(804, 493, 3, NULL, NULL),
(805, 493, 7, NULL, NULL),
(808, 494, 3, NULL, NULL),
(809, 494, 5, NULL, NULL),
(810, 495, 3, NULL, NULL),
(811, 495, 5, NULL, NULL),
(812, 496, 5, NULL, NULL),
(813, 497, 5, NULL, NULL),
(814, 497, 7, NULL, NULL),
(815, 498, 5, NULL, NULL),
(816, 498, 7, NULL, NULL),
(817, 499, 5, NULL, NULL),
(818, 500, 5, NULL, NULL),
(819, 501, 5, NULL, NULL),
(821, 503, 5, NULL, NULL),
(828, 507, 5, NULL, NULL),
(829, 507, 7, NULL, NULL),
(830, 508, 5, NULL, NULL),
(831, 508, 7, NULL, NULL),
(832, 509, 5, NULL, NULL),
(833, 510, 5, NULL, NULL),
(834, 511, 5, NULL, NULL),
(837, 512, 5, NULL, NULL),
(838, 512, 7, NULL, NULL),
(839, 513, 5, NULL, NULL),
(840, 514, 5, NULL, NULL),
(841, 515, 5, NULL, NULL),
(842, 516, 5, NULL, NULL),
(843, 517, 5, NULL, NULL),
(844, 517, 7, NULL, NULL),
(845, 518, 5, NULL, NULL),
(846, 519, 5, NULL, NULL),
(849, 522, 5, NULL, NULL),
(850, 523, 3, NULL, NULL),
(851, 523, 7, NULL, NULL),
(852, 524, 5, NULL, NULL),
(853, 525, 5, NULL, NULL),
(855, 527, 5, NULL, NULL),
(856, 528, 5, NULL, NULL),
(859, 530, 5, NULL, NULL),
(860, 529, 3, NULL, NULL),
(861, 529, 5, NULL, NULL),
(862, 531, 5, NULL, NULL),
(863, 532, 8, NULL, NULL),
(864, 533, 5, NULL, NULL),
(865, 534, 5, NULL, NULL),
(868, 537, 5, NULL, NULL),
(869, 538, 5, NULL, NULL),
(870, 539, 3, NULL, NULL),
(871, 540, 5, NULL, NULL),
(872, 541, 3, NULL, NULL),
(873, 542, 5, NULL, NULL),
(874, 543, 5, NULL, NULL),
(875, 544, 3, NULL, NULL),
(876, 545, 3, NULL, NULL),
(877, 545, 5, NULL, NULL),
(878, 546, 3, NULL, NULL),
(879, 546, 5, NULL, NULL),
(880, 547, 3, NULL, NULL),
(881, 548, 3, NULL, NULL),
(882, 548, 5, NULL, NULL),
(883, 549, 5, NULL, NULL),
(885, 550, 5, NULL, NULL),
(886, 551, 5, NULL, NULL),
(887, 552, 3, NULL, NULL),
(888, 552, 5, NULL, NULL),
(889, 553, 3, NULL, NULL),
(890, 553, 5, NULL, NULL),
(893, 556, 3, NULL, NULL),
(894, 555, 3, NULL, NULL),
(895, 557, 5, NULL, NULL),
(897, 554, 5, NULL, NULL),
(898, 558, 3, NULL, NULL),
(899, 558, 5, NULL, NULL),
(900, 559, 5, NULL, NULL),
(903, 560, 5, NULL, NULL),
(904, 560, 7, NULL, NULL),
(906, 561, 5, NULL, NULL),
(907, 562, 5, NULL, NULL),
(908, 563, 5, NULL, NULL),
(909, 564, 5, NULL, NULL),
(910, 565, 5, NULL, NULL),
(912, 566, 5, NULL, NULL),
(915, 568, 5, NULL, NULL),
(916, 569, 5, NULL, NULL),
(917, 570, 5, NULL, NULL),
(918, 571, 5, NULL, NULL),
(919, 567, 5, NULL, NULL),
(920, 572, 5, NULL, NULL),
(921, 573, 5, NULL, NULL),
(922, 574, 5, NULL, NULL),
(923, 575, 5, NULL, NULL),
(925, 577, 5, NULL, NULL),
(926, 576, 5, NULL, NULL),
(927, 578, 5, NULL, NULL),
(928, 579, 5, NULL, NULL),
(929, 580, 5, NULL, NULL),
(930, 581, 5, NULL, NULL),
(931, 582, 5, NULL, NULL),
(941, 588, 5, NULL, NULL),
(942, 589, 5, NULL, NULL),
(943, 590, 5, NULL, NULL),
(944, 591, 5, NULL, NULL),
(945, 592, 5, NULL, NULL),
(946, 593, 5, NULL, NULL),
(947, 594, 5, NULL, NULL),
(948, 595, 5, NULL, NULL),
(949, 596, 5, NULL, NULL),
(950, 597, 5, NULL, NULL),
(951, 598, 5, NULL, NULL),
(958, 599, 5, NULL, NULL),
(959, 600, 5, NULL, NULL),
(960, 601, 5, NULL, NULL),
(962, 603, 5, NULL, NULL),
(963, 604, 5, NULL, NULL),
(964, 605, 5, NULL, NULL),
(965, 606, 5, NULL, NULL),
(966, 607, 5, NULL, NULL),
(967, 608, 5, NULL, NULL),
(968, 609, 5, NULL, NULL),
(969, 610, 5, NULL, NULL),
(970, 611, 5, NULL, NULL),
(971, 612, 5, NULL, NULL),
(972, 613, 5, NULL, NULL),
(973, 614, 5, NULL, NULL),
(974, 615, 5, NULL, NULL),
(975, 616, 5, NULL, NULL),
(976, 617, 5, NULL, NULL),
(977, 618, 5, NULL, NULL),
(979, 619, 5, NULL, NULL),
(981, 620, 5, NULL, NULL),
(982, 621, 5, NULL, NULL),
(983, 622, 5, NULL, NULL),
(984, 623, 5, NULL, NULL),
(985, 624, 5, NULL, NULL),
(986, 625, 5, NULL, NULL),
(987, 626, 5, NULL, NULL),
(988, 627, 5, NULL, NULL),
(989, 628, 5, NULL, NULL),
(990, 629, 5, NULL, NULL),
(991, 602, 5, NULL, NULL),
(992, 630, 5, NULL, NULL),
(993, 631, 5, NULL, NULL),
(994, 632, 5, NULL, NULL),
(995, 633, 5, NULL, NULL),
(996, 634, 5, NULL, NULL),
(997, 635, 5, NULL, NULL),
(998, 636, 5, NULL, NULL),
(999, 637, 5, NULL, NULL),
(1000, 638, 5, NULL, NULL),
(1001, 639, 5, NULL, NULL),
(1002, 640, 5, NULL, NULL),
(1003, 641, 5, NULL, NULL),
(1004, 642, 5, NULL, NULL),
(1005, 643, 5, NULL, NULL),
(1007, 645, 5, NULL, NULL),
(1008, 646, 5, NULL, NULL),
(1009, 647, 5, NULL, NULL),
(1010, 648, 5, NULL, NULL),
(1011, 649, 5, NULL, NULL),
(1012, 650, 5, NULL, NULL),
(1013, 651, 5, NULL, NULL),
(1014, 652, 5, NULL, NULL),
(1015, 653, 5, NULL, NULL),
(1016, 654, 5, NULL, NULL),
(1017, 655, 5, NULL, NULL),
(1018, 656, 5, NULL, NULL),
(1019, 657, 5, NULL, NULL),
(1020, 658, 5, NULL, NULL),
(1021, 659, 5, NULL, NULL),
(1022, 660, 5, NULL, NULL),
(1023, 661, 5, NULL, NULL),
(1025, 662, 5, NULL, NULL),
(1026, 663, 5, NULL, NULL),
(1027, 664, 5, NULL, NULL),
(1028, 665, 5, NULL, NULL),
(1029, 666, 5, NULL, NULL),
(1030, 667, 5, NULL, NULL),
(1031, 668, 5, NULL, NULL),
(1032, 669, 5, NULL, NULL),
(1033, 670, 5, NULL, NULL),
(1034, 671, 5, NULL, NULL),
(1035, 672, 5, NULL, NULL),
(1036, 673, 5, NULL, NULL),
(1037, 674, 5, NULL, NULL),
(1038, 675, 5, NULL, NULL),
(1039, 676, 5, NULL, NULL),
(1040, 677, 5, NULL, NULL),
(1044, 681, 5, NULL, NULL),
(1046, 678, 5, NULL, NULL),
(1047, 679, 5, NULL, NULL),
(1048, 680, 5, NULL, NULL),
(1049, 682, 5, NULL, NULL),
(1050, 683, 5, NULL, NULL),
(1051, 684, 5, NULL, NULL),
(1052, 685, 5, NULL, NULL),
(1053, 686, 5, NULL, NULL),
(1054, 687, 5, NULL, NULL),
(1055, 688, 5, NULL, NULL),
(1056, 689, 5, NULL, NULL),
(1057, 690, 5, NULL, NULL),
(1059, 692, 5, NULL, NULL),
(1060, 693, 5, NULL, NULL),
(1061, 694, 5, NULL, NULL),
(1062, 695, 5, NULL, NULL),
(1064, 691, 5, NULL, NULL),
(1065, 696, 5, NULL, NULL),
(1066, 697, 5, NULL, NULL),
(1067, 698, 5, NULL, NULL),
(1068, 699, 5, NULL, NULL),
(1069, 700, 5, NULL, NULL),
(1070, 701, 5, NULL, NULL),
(1072, 702, 5, NULL, NULL),
(1073, 703, 5, NULL, NULL),
(1074, 704, 5, NULL, NULL),
(1075, 705, 5, NULL, NULL),
(1076, 706, 5, NULL, NULL),
(1077, 707, 5, NULL, NULL),
(1078, 708, 5, NULL, NULL),
(1079, 709, 5, NULL, NULL),
(1080, 710, 5, NULL, NULL),
(1081, 711, 5, NULL, NULL),
(1082, 712, 5, NULL, NULL),
(1083, 713, 5, NULL, NULL),
(1084, 714, 5, NULL, NULL),
(1085, 715, 5, NULL, NULL),
(1087, 717, 5, NULL, NULL),
(1088, 718, 11, NULL, NULL),
(1089, 719, 11, NULL, NULL),
(1090, 720, 11, NULL, NULL),
(1092, 721, 11, NULL, NULL),
(1093, 722, 5, NULL, NULL),
(1094, 723, 11, NULL, NULL),
(1096, 724, 11, NULL, NULL),
(1097, 725, 5, NULL, NULL),
(1098, 726, 5, NULL, NULL),
(1099, 727, 5, NULL, NULL),
(1100, 728, 5, NULL, NULL),
(1102, 730, 5, NULL, NULL),
(1103, 731, 5, NULL, NULL),
(1104, 732, 5, NULL, NULL),
(1105, 733, 5, NULL, NULL),
(1106, 734, 5, NULL, NULL),
(1107, 735, 5, NULL, NULL),
(1109, 736, 11, NULL, NULL),
(1110, 737, 11, NULL, NULL),
(1112, 739, 5, NULL, NULL),
(1113, 740, 5, NULL, NULL),
(1114, 738, 5, NULL, NULL),
(1115, 741, 5, NULL, NULL),
(1116, 742, 5, NULL, NULL),
(1117, 743, 5, NULL, NULL),
(1118, 744, 5, NULL, NULL),
(1120, 746, 8, NULL, NULL),
(1121, 747, 8, NULL, NULL),
(1123, 748, 8, NULL, NULL),
(1124, 749, 8, NULL, NULL),
(1125, 750, 8, NULL, NULL),
(1126, 751, 8, NULL, NULL),
(1129, 753, 8, NULL, NULL),
(1132, 756, 8, NULL, NULL),
(1133, 757, 8, NULL, NULL),
(1135, 758, 8, NULL, NULL),
(1136, 752, 8, NULL, NULL),
(1137, 745, 11, NULL, NULL),
(1138, 759, 8, NULL, NULL),
(1139, 760, 11, NULL, NULL),
(1140, 761, 11, NULL, NULL),
(1141, 762, 11, NULL, NULL),
(1143, 763, 11, NULL, NULL),
(1144, 764, 11, NULL, NULL),
(1145, 765, 5, NULL, NULL),
(1146, 766, 5, NULL, NULL),
(1147, 767, 5, NULL, NULL),
(1148, 768, 5, NULL, NULL),
(1149, 769, 5, NULL, NULL),
(1150, 770, 5, NULL, NULL),
(1151, 771, 5, NULL, NULL),
(1154, 772, 5, NULL, NULL),
(1155, 773, 5, NULL, NULL),
(1156, 774, 11, NULL, NULL),
(1160, 775, 8, NULL, NULL),
(1161, 776, 8, NULL, NULL),
(1162, 777, 8, NULL, NULL),
(1163, 778, 8, NULL, NULL),
(1165, 779, 8, NULL, NULL),
(1166, 780, 8, NULL, NULL),
(1167, 781, 8, NULL, NULL),
(1168, 782, 11, NULL, NULL),
(1169, 783, 8, NULL, NULL),
(1170, 784, 8, NULL, NULL),
(1171, 785, 5, NULL, NULL),
(1172, 786, 8, NULL, NULL),
(1173, 787, 5, NULL, NULL),
(1174, 788, 8, NULL, NULL),
(1176, 789, 8, NULL, NULL),
(1177, 790, 8, NULL, NULL),
(1179, 791, 8, NULL, NULL),
(1180, 792, 5, NULL, NULL),
(1181, 793, 8, NULL, NULL),
(1184, 795, 5, NULL, NULL),
(1185, 796, 5, NULL, NULL),
(1186, 797, 8, NULL, NULL),
(1187, 798, 8, NULL, NULL),
(1189, 794, 8, NULL, NULL),
(1190, 799, 8, NULL, NULL),
(1191, 800, 11, NULL, NULL),
(1193, 801, 11, NULL, NULL),
(1194, 802, 11, NULL, NULL),
(1195, 803, 5, NULL, NULL),
(1196, 804, 11, NULL, NULL),
(1198, 806, 8, NULL, NULL),
(1199, 807, 8, NULL, NULL),
(1201, 805, 5, NULL, NULL),
(1202, 808, 11, NULL, NULL),
(1203, 809, 11, NULL, NULL),
(1205, 810, 8, NULL, NULL),
(1206, 811, 8, NULL, NULL),
(1207, 812, 8, NULL, NULL),
(1208, 813, 8, NULL, NULL),
(1209, 814, 8, NULL, NULL),
(1210, 815, 8, NULL, NULL),
(1211, 816, 8, NULL, NULL),
(1216, 818, 7, NULL, NULL),
(1217, 819, 3, NULL, NULL),
(1218, 820, 2, NULL, NULL),
(1219, 821, 5, NULL, NULL);

-- --------------------------------------------------------

--
-- Estructura de tabla para la tabla `ordens`
--

CREATE TABLE `ordens` (
  `id` int(10) UNSIGNED NOT NULL,
  `num_orden` int(10) UNSIGNED DEFAULT NULL,
  `idCliente` int(10) UNSIGNED DEFAULT NULL,
  `idUsuario` int(10) UNSIGNED DEFAULT NULL,
  `idOrdenEstado` int(10) UNSIGNED NOT NULL,
  `monto_orden` decimal(13,2) NOT NULL,
  `created_at` timestamp NULL DEFAULT NULL,
  `updated_at` timestamp NULL DEFAULT NULL
) ENGINE=InnoDB DEFAULT CHARSET=utf8 COLLATE=utf8_unicode_ci;

--
-- Volcado de datos para la tabla `ordens`
--

INSERT INTO `ordens` (`id`, `num_orden`, `idCliente`, `idUsuario`, `idOrdenEstado`, `monto_orden`, `created_at`, `updated_at`) VALUES
(4, 1, 4, 2, 2, '170.00', '2016-09-11 00:00:00', NULL),
(6, 2, 4, 2, 2, '69.00', '2016-09-11 00:00:00', NULL),
(7, 3, 2, 2, 2, '170.00', '2016-09-11 00:00:00', NULL),
(8, 4, 1, 2, 2, '1150.00', '2016-09-11 00:00:00', NULL),
(9, 5, 1, 2, 2, '0.00', '2016-09-11 00:00:00', NULL),
(10, 6, 1, 2, 2, '0.00', '2016-09-11 00:00:00', NULL),
(11, 7, 1, 2, 2, '0.00', '2016-09-11 00:00:00', NULL),
(12, 8, 1, 2, 2, '0.00', '2016-09-11 00:00:00', NULL),
(14, 9, 3, 2, 2, '172.00', '2016-09-11 00:00:00', NULL),
(15, 10, 1, 2, 2, '712.00', '2016-09-11 00:00:00', NULL),
(16, 11, 1, 2, 2, '834.00', '2016-09-11 00:00:00', NULL),
(19, 12, 1, 2, 2, '1432.00', '2016-09-11 00:00:00', NULL),
(20, 13, 1, 2, 2, '695.00', '2016-09-11 00:00:00', NULL),
(21, 14, 1, 2, 2, '716.00', '2016-09-11 00:00:00', NULL),
(22, 15, 3, 2, 2, '190.00', '2016-09-11 00:00:00', NULL),
(23, 16, 3, 2, 2, '190.00', '2016-09-11 00:00:00', NULL),
(24, 17, 1, 2, 2, '178.00', '2016-09-11 00:00:00', NULL),
(25, 18, 3, 2, 2, '368.00', '2016-09-11 00:00:00', NULL),
(26, 19, 1, 2, 2, '69.00', '2016-09-11 00:00:00', NULL),
(27, 20, 1, 2, 2, '570.00', '2016-09-11 00:00:00', NULL),
(28, 21, 2, 2, 2, '320.00', '2016-09-11 00:00:00', NULL),
(29, 22, 2, 2, 2, '320.00', '2016-09-11 00:00:00', NULL),
(30, 23, 1, 2, 2, '552.00', '2016-09-11 00:00:00', NULL),
(31, 24, 3, 2, 2, '445.00', '2016-09-13 00:00:00', NULL),
(34, 25, 1, 2, 2, '534.00', '2016-09-14 00:00:00', NULL),
(35, 26, 3, 2, 2, '445.00', '2016-09-15 00:00:00', NULL),
(38, 27, 1, 2, 2, '445.00', '2016-09-19 00:00:00', NULL),
(39, 28, 1, 2, 2, '267.00', '2016-09-28 00:00:00', NULL),
(40, 29, 3, 2, 2, '1140.00', '2016-09-28 00:00:00', NULL),
(41, 30, 1, 2, 2, '179.00', '2016-09-28 00:00:00', NULL),
(42, 31, 1, 2, 2, '908.00', '2016-10-04 00:00:00', NULL),
(43, 32, 1, 2, 2, '179.00', '2016-10-11 00:00:00', NULL),
(44, 33, 1, 2, 2, '179.00', '2016-10-13 00:00:00', NULL),
(45, 34, 1, 2, 2, '1074.00', '2016-10-18 00:00:00', NULL),
(47, 35, 6, 2, 2, '445.00', '2016-10-19 00:00:00', NULL),
(48, 36, 3, 2, 2, '712.00', '2016-10-20 00:00:00', NULL),
(49, 37, 2, 2, 2, '1100.00', '2016-10-22 00:00:00', NULL),
(50, 38, 2, 2, 2, '1100.00', '2016-10-22 00:00:00', NULL),
(51, 39, 6, 2, 2, '712.00', '2016-10-24 00:00:00', NULL),
(52, 40, 1, 2, 2, '714.00', '2016-10-27 00:00:00', NULL),
(53, 41, 1, 2, 2, '332.00', '2016-11-07 00:00:00', NULL),
(55, 42, 6, 2, 2, '445.00', '2016-11-09 00:00:00', NULL),
(57, 43, 3, 2, 2, '534.00', '2016-11-14 00:00:00', NULL),
(59, 44, 2, 2, 2, '1800.00', '2016-11-14 00:00:00', NULL),
(60, 45, 3, 2, 2, '356.00', '2016-11-17 00:00:00', NULL),
(61, 46, 2, 2, 2, '208.00', '2016-11-17 00:00:00', NULL),
(62, 47, 6, 2, 2, '332.00', '2016-11-22 00:00:00', NULL),
(66, 48, 2, 2, 2, '267.00', '2016-11-22 00:00:00', NULL),
(67, 49, 2, 2, 2, '587.00', '2016-11-23 00:00:00', NULL),
(68, 50, 1, 2, 2, '3300.00', '2016-11-24 00:00:00', NULL),
(69, 51, 4, 2, 2, '69.00', '2016-11-24 00:00:00', NULL),
(70, 52, 2, 2, 2, '95.00', '2016-11-29 00:00:00', NULL),
(80, 53, 1, 2, 2, '855.00', '2016-12-01 00:00:00', NULL),
(81, 54, 3, 2, 2, '1425.00', '2016-12-01 00:00:00', NULL),
(82, 55, 7, 2, 2, '166.00', '2016-12-01 00:00:00', NULL),
(83, 56, 1, 2, 2, '688.00', '2016-12-01 00:00:00', NULL),
(84, 57, 1, 2, 2, '695.00', '2016-12-01 00:00:00', NULL),
(86, 58, 2, 2, 2, '178.00', '2016-12-05 00:00:00', NULL),
(87, 59, 6, 2, 2, '95.00', '2016-12-05 00:00:00', NULL),
(88, 60, 1, 2, 2, '160.00', '2016-12-06 00:00:00', NULL),
(90, 61, 1, 2, 2, '1788.00', '2016-12-11 00:00:00', NULL),
(94, 62, 2, 2, 2, '267.00', '2016-12-12 00:00:00', NULL),
(95, 63, 2, 2, 2, '267.00', '2016-12-13 00:00:00', NULL),
(96, 64, 1, 2, 2, '695.00', '2016-12-13 00:00:00', NULL),
(98, 65, 1, 2, 2, '895.00', '2016-12-14 00:00:00', NULL),
(99, 66, 3, 2, 2, '950.00', '2016-12-14 00:00:00', NULL),
(103, 67, 4, 2, 2, '954.00', '2016-12-15 00:00:00', NULL),
(104, 68, 2, 2, 2, '356.00', '2016-12-17 00:00:00', NULL),
(105, 69, 2, 2, 2, '267.00', '2016-12-21 00:00:00', NULL),
(106, 70, 1, 2, 2, '267.00', '2016-12-21 00:00:00', NULL),
(108, 71, 4, 2, 2, '558.00', '2016-12-22 00:00:00', NULL),
(109, 72, 1, 2, 2, '1845.00', '2016-12-22 00:00:00', NULL),
(110, 73, 1, 2, 2, '645.00', '2016-12-23 00:00:00', NULL),
(111, 74, 3, 2, 2, '534.00', '2016-12-23 00:00:00', NULL),
(112, 75, 2, 2, 2, '332.00', '2016-12-27 00:00:00', NULL),
(114, 76, 6, 2, 2, '590.00', '2016-12-28 00:00:00', NULL),
(117, 77, 1, 2, 2, '2146.00', '2016-12-28 00:00:00', NULL),
(118, 78, 2, 2, 2, '320.00', '2016-12-28 00:00:00', NULL),
(119, 79, 1, 2, 2, '1112.00', '2016-12-29 00:00:00', NULL),
(120, 80, 1, 2, 2, '695.00', '2016-12-30 00:00:00', NULL),
(121, 81, 1, 2, 2, '860.00', '2017-01-03 00:00:00', NULL),
(122, 82, 3, 2, 2, '664.00', '2017-01-04 00:00:00', NULL),
(123, 83, 2, 2, 2, '480.00', '2017-01-10 00:00:00', NULL),
(125, 84, 1, 2, 2, '556.00', '2017-01-10 00:00:00', NULL),
(127, 85, 1, 2, 2, '1668.00', '2017-01-12 00:00:00', NULL),
(128, 86, 2, 2, 2, '320.00', '2017-01-16 00:00:00', NULL),
(129, 87, 1, 2, 2, '1272.00', '2017-01-17 00:00:00', NULL),
(130, 88, 2, 2, 2, '320.00', '2017-01-19 00:00:00', NULL),
(131, 89, 4, 2, 2, '537.00', '2017-01-20 00:00:00', NULL),
(132, 90, 1, 2, 2, '1272.00', '2017-01-20 00:00:00', NULL),
(135, 91, 7, 2, 2, '305.00', '2017-01-20 00:00:00', NULL),
(136, 92, 3, 2, 2, '950.00', '2017-01-22 00:00:00', NULL),
(137, 93, 1, 2, 2, '735.00', '2017-01-23 00:00:00', NULL),
(138, 94, 2, 2, 2, '320.00', '2017-01-24 00:00:00', NULL),
(139, 95, 1, 2, 2, '716.00', '2017-01-25 00:00:00', NULL),
(140, 96, 1, 2, 2, '1074.00', '2017-01-26 00:00:00', NULL),
(142, 97, 3, 2, 2, '570.00', '2017-01-31 00:00:00', NULL),
(143, 98, 2, 1, 2, '570.00', '2017-02-01 00:00:00', NULL),
(145, 99, 1, 2, 2, '1074.00', '2017-02-01 00:00:00', NULL),
(149, 100, 1, 2, 2, '1253.00', '2017-02-02 00:00:00', NULL),
(152, 101, 4, 2, 2, '1720.00', '2017-02-03 00:00:00', NULL),
(153, 102, 1, 2, 2, '695.00', '2017-02-07 00:00:00', NULL),
(156, 103, 8, 2, 2, '70.00', '2017-02-08 00:00:00', '2017-06-18 03:04:51'),
(157, 104, 4, 2, 2, '552.00', '2017-02-08 00:00:00', NULL),
(158, 105, 8, 2, 2, '70.00', '2017-02-10 00:00:00', NULL),
(159, 106, 1, 2, 2, '356.00', '2017-02-13 00:00:00', NULL),
(160, 107, 1, 2, 2, '645.00', '2017-02-13 00:00:00', NULL),
(163, 108, 1, 2, 2, '160.00', '2017-02-15 00:00:00', NULL),
(164, 109, 9, 2, 2, '460.00', '2017-02-15 00:00:00', NULL),
(165, 110, 1, 2, 2, '356.00', '2017-02-16 00:00:00', NULL),
(166, 111, 8, 2, 2, '140.00', '2017-02-16 00:00:00', NULL),
(167, 112, 8, 2, 2, '140.00', '2017-02-16 00:00:00', NULL),
(168, 113, 1, 2, 2, '556.00', '2017-02-18 00:00:00', NULL),
(169, 114, 1, 2, 2, '556.00', '2017-02-21 00:00:00', NULL),
(171, 116, 1, 2, 2, '556.00', '2017-02-21 00:00:00', NULL),
(172, 117, 2, 2, 2, '1240.00', '2017-02-21 00:00:00', NULL),
(174, 118, 2, 2, 2, '160.00', '2017-02-22 00:00:00', NULL),
(175, 119, 2, 2, 2, '285.00', '2017-02-23 00:00:00', NULL),
(176, 120, 7, 2, 2, '139.00', '2017-02-23 00:00:00', NULL),
(177, 115, 2, 2, 2, '358.00', '2017-03-02 00:00:00', NULL),
(181, 121, 2, 2, 2, '358.00', '2017-03-02 00:00:00', NULL),
(187, 122, 1, 2, 2, '278.00', '2017-03-03 00:00:00', NULL),
(188, 123, 1, 2, 2, '556.00', '2017-03-08 00:00:00', NULL),
(189, 124, 3, 2, 2, '475.00', '2017-03-10 00:00:00', NULL),
(190, 125, 1, 2, 2, '813.00', '2017-03-13 00:00:00', NULL),
(191, 126, 4, 2, 2, '278.00', '2017-03-13 00:00:00', NULL),
(192, 127, 3, 2, 2, '1001.00', '2017-03-15 00:00:00', NULL),
(193, 128, 1, 2, 2, '890.00', '2017-03-16 00:00:00', NULL),
(195, 129, 1, 2, 2, '994.00', '2017-03-20 00:00:00', NULL),
(196, 130, 3, 2, 2, '358.00', '2017-03-20 00:00:00', NULL),
(197, 131, 1, 2, 2, '445.00', '2017-03-21 00:00:00', NULL),
(199, 133, 1, 2, 2, '267.00', '2017-03-24 00:00:00', NULL),
(200, 134, 3, 2, 2, '552.00', '2017-03-27 00:00:00', NULL),
(201, 135, 1, 2, 2, '417.00', '2017-03-28 00:00:00', NULL),
(202, 136, 1, 2, 2, '430.00', '2017-03-31 00:00:00', NULL),
(203, 137, 6, 2, 2, '750.00', '2017-04-02 00:00:00', NULL),
(204, 138, 3, 2, 2, '420.00', '2017-04-02 00:00:00', NULL),
(205, 139, 3, 2, 2, '890.00', '2017-04-03 00:00:00', NULL),
(207, 140, 6, 2, 2, '890.00', '2017-04-04 00:00:00', NULL),
(208, 141, 4, 2, 2, '278.00', '2017-04-09 00:00:00', NULL),
(210, 142, 7, 2, 2, '89.00', '2017-04-10 00:00:00', NULL),
(211, 143, 3, 2, 2, '534.00', '2017-04-10 00:00:00', NULL),
(215, 144, 1, 2, 2, '1190.00', '2017-04-12 00:00:00', NULL),
(217, 145, 1, 2, 2, '1368.00', '2017-04-18 00:00:00', NULL),
(218, 146, 8, 2, 2, '140.00', '2017-04-23 00:00:00', NULL),
(219, 147, 8, 2, 2, '350.00', '2017-04-23 00:00:00', NULL),
(220, 148, 3, 2, 2, '356.00', '2017-04-26 00:00:00', NULL),
(221, 149, 3, 2, 2, '534.00', '2017-05-03 00:00:00', NULL),
(222, 150, 8, 2, 2, '350.00', '2017-05-03 00:00:00', NULL),
(223, 151, 7, 2, 2, '267.00', '2017-05-08 00:00:00', NULL),
(224, 152, 3, 2, 2, '534.00', '2017-05-10 00:00:00', NULL),
(226, 153, 3, 2, 2, '70.00', '2017-05-11 00:00:00', '2017-06-18 03:03:00'),
(227, 154, 3, 2, 2, '534.00', '2017-05-11 00:00:00', NULL),
(228, 155, 3, 2, 2, '445.00', '2017-05-12 00:00:00', NULL),
(229, 156, 6, 2, 2, '950.00', '2017-05-17 00:00:00', NULL),
(230, 157, 1, 2, 2, '95.00', '2017-05-17 00:00:00', NULL),
(231, 158, 3, 2, 2, '190.00', '2017-05-18 00:00:00', '2017-05-27 20:53:00'),
(232, 159, 3, 1, 2, '475.00', '2017-05-27 20:49:04', '2017-05-27 20:52:08'),
(233, 160, 8, 2, 2, '70.00', '2017-05-27 20:49:58', '2017-06-18 03:02:11'),
(234, 161, 3, 2, 2, '570.00', '2017-05-29 00:36:06', '2017-05-30 11:15:42'),
(235, 162, 3, 2, 2, '570.00', '2017-06-06 01:56:03', '2017-06-06 02:03:55'),
(236, 163, 6, 2, 2, '350.00', '2017-06-06 02:10:01', '2017-06-06 02:11:51'),
(237, 164, 6, 2, 2, '168.00', '2017-06-06 02:12:44', '2017-06-06 02:14:39'),
(242, 165, 6, 2, 2, '950.00', '2017-06-09 01:31:13', '2017-06-09 01:31:34'),
(244, 166, 9, 2, 2, '110.00', '2017-06-09 01:36:22', '2017-06-09 01:36:38'),
(248, 167, 8, 2, 2, '420.00', '2017-06-11 15:19:06', '2017-06-11 15:20:13'),
(249, 168, 6, 2, 2, '200.00', '2017-06-11 15:24:07', '2017-06-11 15:24:21'),
(250, 169, 2, 2, 2, '208.00', '2017-06-11 15:27:16', '2017-06-11 15:27:27'),
(251, 170, 1, 2, 2, '178.00', '2017-06-11 15:31:05', '2017-06-11 15:32:24'),
(258, 172, 1, 2, 2, '89.00', '2017-06-13 02:32:49', '2019-03-10 16:25:35'),
(259, 173, 3, 2, 2, '570.00', '2017-06-18 02:44:07', '2017-06-18 02:48:12'),
(260, 174, 3, 2, 2, '680.00', '2017-06-18 02:57:08', '2017-06-18 02:58:16'),
(261, 175, 4, 2, 2, '5086.95', '2017-06-19 02:35:26', '2017-06-19 02:37:13'),
(262, 176, 3, 2, 2, '570.00', '2017-06-24 20:56:09', '2017-07-02 22:30:38'),
(263, 177, 1, 2, 2, '170.00', '2017-06-27 11:31:12', '2017-07-02 22:32:21'),
(264, 178, 6, 2, 2, '630.00', '2017-06-29 00:44:22', '2017-07-02 22:35:03'),
(267, 180, 6, 2, 2, '1140.00', '2017-06-29 00:55:54', '2017-07-02 22:36:58'),
(268, 181, 6, 2, 2, '220.00', '2017-07-01 12:10:25', '2017-07-02 22:39:07'),
(269, 182, 3, 2, 2, '356.00', '2017-07-01 22:48:40', '2017-07-02 22:40:58'),
(270, 183, 6, 2, 2, '200.00', '2017-07-02 22:47:24', '2017-07-02 22:47:44'),
(271, 184, 3, 2, 2, '3690.00', '2017-07-02 22:51:45', '2017-07-02 22:52:04'),
(272, 185, 4, 2, 2, '69.00', '2017-07-03 15:57:32', '2017-07-06 00:28:13'),
(273, 186, 6, 2, 2, '1068.00', '2017-07-05 15:16:06', '2017-07-06 00:29:17'),
(274, 187, 3, 2, 2, '570.00', '2017-07-06 00:33:57', '2017-07-06 00:36:22'),
(275, 188, 3, 2, 2, '200.00', '2017-07-06 00:39:29', '2017-07-06 00:47:10'),
(276, 189, 3, 2, 2, '300.00', '2017-07-06 00:41:17', '2017-07-06 00:47:54'),
(277, 190, 2, 2, 2, '160.00', '2017-07-07 13:54:27', '2017-07-09 22:47:26'),
(278, 191, 6, 2, 2, '712.00', '2017-07-07 14:20:33', '2017-07-09 22:48:05'),
(279, 192, 1, 2, 2, '716.00', '2017-07-07 20:07:49', '2017-07-09 22:56:55'),
(280, 193, 2, 2, 2, '358.00', '2017-07-07 20:11:36', '2017-07-09 22:57:33'),
(281, 194, 4, 2, 2, '1860.00', '2017-07-08 11:19:55', '2017-07-09 22:59:40'),
(283, 195, 6, 2, 2, '1140.00', '2017-07-10 15:09:31', '2017-07-12 01:08:51'),
(284, 196, 2, 2, 2, '285.00', '2017-07-10 15:10:15', '2017-07-12 01:11:41'),
(285, 197, 6, 2, 2, '760.00', '2017-07-12 01:07:22', '2017-07-12 01:13:21'),
(286, 198, 6, 2, 2, '950.00', '2017-07-13 19:42:24', '2017-07-13 23:07:02'),
(287, 199, 1, 2, 2, '160.00', '2017-07-14 14:13:36', '2017-07-16 13:17:36'),
(288, 200, 3, 2, 2, '534.00', '2017-07-14 14:14:15', '2017-07-16 13:19:51'),
(289, 201, 2, 2, 2, '178.00', '2017-07-14 14:33:35', '2017-07-16 23:45:39'),
(291, 202, 2, 2, 2, '267.00', '2017-07-15 11:26:18', '2017-07-16 13:29:19'),
(292, 203, 6, 2, 2, '712.00', '2017-07-15 11:28:14', '2017-07-16 13:33:40'),
(293, 204, 1, 2, 2, '2513.00', '2017-07-15 15:46:21', '2017-07-16 13:35:05'),
(296, 205, 4, 2, 2, '697.00', '2017-07-17 15:23:56', '2017-07-18 23:13:41'),
(297, 206, 1, 2, 2, '1720.00', '2017-07-20 12:42:02', '2017-07-23 19:21:35'),
(298, 207, 3, 2, 2, '890.00', '2017-07-20 13:19:40', '2017-07-23 19:25:42'),
(299, 208, 6, 2, 2, '890.00', '2017-07-21 13:03:32', '2017-07-23 19:29:25'),
(300, 209, 2, 2, 2, '320.00', '2017-07-21 19:59:06', '2017-07-23 19:31:19'),
(304, 210, 1, 2, 2, '2285.00', '2017-07-22 01:59:38', '2017-07-23 19:33:48'),
(305, 211, 6, 2, 2, '890.00', '2017-07-25 16:22:13', '2017-07-30 18:12:05'),
(309, 212, 3, 2, 2, '801.00', '2017-08-01 13:58:16', '2017-08-06 20:42:11'),
(310, 213, 6, 2, 2, '623.00', '2017-08-02 11:47:04', '2017-08-06 20:46:16'),
(311, 214, 1, 2, 2, '1529.00', '2017-08-02 14:35:42', '2017-08-06 20:50:41'),
(312, 215, 12, 2, 2, '823.00', '2017-08-02 14:38:06', '2017-08-06 20:52:54'),
(313, 216, 3, 2, 2, '1014.00', '2017-08-06 13:16:15', '2017-08-06 20:53:53'),
(314, 217, 1, 2, 2, '695.00', '2017-08-07 11:05:14', '2017-08-08 23:11:41'),
(315, 218, 1, 2, 2, '645.00', '2017-08-09 17:12:40', '2017-08-10 00:24:12'),
(316, 219, 1, 2, 2, '1112.00', '2017-08-10 00:22:56', '2017-08-10 00:25:37'),
(317, 220, 14, 2, 2, '258.00', '2017-08-10 00:45:10', '2017-08-10 00:46:13'),
(318, 221, 4, 2, 2, '320.00', '2017-08-10 09:58:35', '2017-08-10 10:00:30'),
(319, 222, 2, 2, 2, '179.00', '2017-08-11 00:47:17', '2017-08-13 14:34:22'),
(320, 223, 1, 2, 2, '834.00', '2017-08-12 10:12:47', '2017-08-13 14:35:04'),
(321, 224, 13, 2, 2, '1030.00', '2017-08-13 16:12:16', '2017-08-13 16:12:55'),
(322, 225, 13, 2, 2, '165.00', '2017-08-13 16:15:53', '2017-08-13 16:18:14'),
(323, 226, 13, 2, 2, '300.00', '2017-08-13 16:16:34', '2017-08-13 16:19:15'),
(325, 227, 2, 2, 2, '179.00', '2017-08-23 09:56:29', '2017-08-27 17:19:34'),
(326, 228, 1, 2, 2, '417.00', '2017-08-23 09:58:41', '2017-08-27 17:20:47'),
(327, 229, 8, 2, 2, '85.00', '2017-08-24 13:48:49', '2017-08-27 17:24:19'),
(328, 230, 2, 2, 2, '179.00', '2017-08-26 11:38:58', '2017-08-27 17:26:03'),
(329, 231, 3, 2, 2, '614.00', '2017-08-31 09:56:24', '2017-09-03 23:23:52'),
(330, 232, 1, 2, 2, '716.00', '2017-08-31 13:54:41', '2017-09-03 23:24:42'),
(331, 233, 1, 2, 2, '1112.00', '2017-09-01 14:11:25', '2017-09-03 23:29:16'),
(332, 234, 4, 2, 2, '278.00', '2017-09-01 14:29:14', '2017-09-03 23:29:56'),
(333, 235, 3, 2, 2, '310.00', '2017-09-01 14:30:39', '2017-09-03 23:30:45'),
(334, 236, 3, 2, 2, '332.00', '2017-09-03 17:21:58', '2017-09-03 23:31:19'),
(335, 237, 2, 2, 2, '179.00', '2017-09-05 11:05:57', '2017-09-14 00:38:30'),
(337, 239, 2, 2, 2, '358.00', '2017-09-09 01:43:25', '2017-09-14 00:36:50'),
(338, 240, 2, 2, 2, '179.00', '2017-09-09 01:44:45', '2017-09-15 01:25:30'),
(339, 241, 2, 2, 2, '320.00', '2017-09-11 19:30:59', '2017-09-14 00:41:26'),
(340, 242, 2, 2, 2, '480.00', '2017-09-13 17:20:48', '2017-09-14 00:42:16'),
(341, 243, 1, 2, 2, '1312.00', '2017-09-13 21:58:31', '2017-09-14 00:44:00'),
(342, 244, 1, 2, 2, '1988.00', '2017-09-14 00:57:21', '2017-09-14 00:58:19'),
(343, 245, 3, 2, 2, '480.00', '2017-09-14 11:04:50', '2017-09-15 01:18:14'),
(344, 246, 2, 2, 2, '131.40', '2017-09-15 01:15:38', '2017-09-15 01:26:47'),
(345, 247, 1, 2, 2, '537.00', '2017-09-15 15:55:54', '2017-09-24 15:33:11'),
(346, 248, 1, 2, 2, '320.00', '2017-09-23 13:11:07', '2017-09-24 15:34:32'),
(347, 249, 1, 2, 2, '1100.00', '2017-09-23 13:12:34', '2017-10-30 13:03:29'),
(348, 250, 3, 2, 2, '416.00', '2017-09-25 12:45:54', '2017-09-25 23:17:01'),
(349, 251, 1, 2, 2, '179.00', '2017-09-25 18:25:09', '2017-10-04 01:29:40'),
(351, 252, 1, 2, 2, '954.00', '2017-09-30 01:45:51', '2017-10-04 01:32:08'),
(352, 253, 2, 2, 2, '358.00', '2017-10-05 01:18:37', '2017-10-05 19:23:56'),
(353, 254, 1, 2, 2, '716.00', '2017-10-05 15:01:17', '2017-10-05 19:25:50'),
(354, 255, 1, 2, 2, '358.00', '2017-10-05 15:25:49', '2017-10-05 19:27:17'),
(356, 257, 2, 2, 1, '200.00', '2017-10-07 15:59:41', '2017-10-07 15:59:41'),
(357, 258, 2, 2, 1, '100.00', '2017-10-07 16:03:02', '2017-10-07 16:03:02'),
(358, 259, 2, 2, 2, '2495.00', '2017-10-10 01:36:17', '2017-10-10 01:39:05'),
(359, 260, 1, 2, 2, '695.00', '2017-10-12 17:34:02', '2017-10-30 13:50:42'),
(360, 261, 1, 2, 2, '750.00', '2017-10-28 14:32:07', '2017-10-30 13:07:09'),
(361, 262, 2, 2, 2, '250.00', '2017-11-07 12:17:21', '2017-12-04 09:48:36'),
(362, 263, 13, 2, 2, '150.00', '2017-11-08 18:59:00', '2019-03-10 16:25:56'),
(363, 264, 2, 2, 2, '1920.00', '2017-11-11 15:12:08', '2017-12-04 09:50:41'),
(365, 265, 1, 2, 2, '695.00', '2017-11-20 18:00:15', '2017-12-04 09:51:58'),
(366, 266, 2, 2, 2, '75.00', '2017-11-22 15:12:38', '2017-12-04 09:52:58'),
(367, 267, 3, 2, 2, '58.00', '2017-12-05 13:08:31', '2017-12-18 23:57:51'),
(368, 268, 1, 2, 2, '2306.00', '2017-12-11 22:57:36', '2017-12-19 00:00:31'),
(369, 269, 3, 2, 2, '920.00', '2017-12-12 11:07:03', '2017-12-19 00:03:05'),
(370, 270, 3, 2, 2, '950.00', '2017-12-13 14:49:57', '2017-12-19 00:08:27'),
(371, 271, 1, 2, 2, '2506.00', '2017-12-14 20:30:07', '2017-12-19 00:11:46'),
(372, 272, 2, 2, 2, '160.00', '2017-12-14 20:31:47', '2017-12-19 00:15:38'),
(377, 273, 2, 2, 2, '320.00', '2017-12-15 17:11:10', '2017-12-19 00:20:28'),
(378, 274, 2, 2, 2, '537.00', '2017-12-18 16:12:05', '2017-12-19 00:24:51'),
(379, 275, 1, 2, 2, '570.00', '2017-12-19 00:28:15', '2017-12-19 00:28:37'),
(380, 276, 1, 2, 2, '115.00', '2017-12-19 00:32:58', '2017-12-19 00:34:15'),
(381, 277, 3, 2, 2, '1170.00', '2017-12-19 00:37:16', '2017-12-19 00:37:56'),
(382, 278, 2, 2, 2, '190.00', '2017-12-20 10:52:06', '2017-12-20 21:28:48'),
(383, 279, 1, 2, 2, '1045.00', '2017-12-20 21:25:08', '2017-12-20 21:29:30'),
(384, 280, 1, 2, 2, '115.00', '2017-12-20 21:31:01', '2017-12-20 21:35:39'),
(385, 281, 4, 2, 2, '179.00', '2017-12-21 10:18:21', '2017-12-22 00:20:42'),
(386, 282, 2, 2, 2, '838.00', '2017-12-29 14:06:50', '2018-01-05 12:38:51'),
(387, 283, 2, 2, 2, '190.00', '2017-12-30 11:29:12', '2018-01-05 12:40:44'),
(388, 284, 1, 2, 2, '1074.00', '2017-12-30 11:31:09', '2018-01-05 12:42:13'),
(390, 285, 1, 2, 2, '860.00', '2018-01-02 14:21:54', '2018-01-05 12:43:29'),
(391, 286, 2, 2, 2, '960.00', '2018-01-02 19:51:35', '2018-01-05 12:44:47'),
(392, 287, 2, 2, 2, '1140.00', '2018-01-03 19:00:37', '2018-01-05 12:45:40'),
(393, 288, 1, 2, 2, '1260.00', '2018-01-04 11:12:03', '2018-01-05 12:46:32'),
(394, 289, 1, 2, 2, '1371.00', '2018-01-04 13:45:51', '2018-01-14 16:37:10'),
(395, 290, 1, 2, 2, '358.00', '2018-01-04 13:48:59', '2018-01-14 16:38:50'),
(396, 291, 1, 2, 2, '2654.00', '2018-01-08 21:53:28', '2018-01-14 16:39:30'),
(397, 292, 4, 2, 2, '1074.00', '2018-01-11 13:42:02', '2018-01-14 16:40:50'),
(399, 294, 1, 2, 2, '695.00', '2018-01-12 16:30:39', '2018-01-14 16:41:31'),
(401, 296, 4, 8, 2, '1629.00', '2018-01-13 13:16:17', '2018-01-26 15:18:05'),
(402, 297, 1, 2, 2, '665.00', '2018-01-14 10:49:38', '2018-01-14 16:45:01'),
(403, 298, 1, 2, 2, '55.00', '2018-01-14 17:30:50', '2018-01-16 23:23:14'),
(404, 299, 3, 2, 2, '116.00', '2018-01-14 17:32:06', '2018-01-16 23:23:57'),
(405, 300, 2, 2, 2, '537.00', '2018-01-15 18:17:17', '2018-01-16 23:24:55'),
(406, 301, 4, 2, 2, '596.00', '2018-01-15 19:16:14', '2018-01-16 23:26:14'),
(407, 302, 3, 2, 2, '950.00', '2018-01-16 21:20:54', '2018-01-16 23:27:09'),
(408, 303, 2, 2, 2, '480.00', '2018-01-18 10:40:11', '2018-01-23 00:02:27'),
(409, 304, 3, 2, 2, '480.00', '2018-01-22 23:58:26', '2018-01-23 00:04:48'),
(410, 305, 1, 2, 2, '923.00', '2018-01-23 13:04:45', '2018-01-25 23:59:19'),
(412, 307, 3, 2, 2, '795.00', '2018-01-23 21:11:35', '2018-02-03 13:06:29'),
(413, 308, 1, 2, 2, '160.00', '2018-01-24 09:36:10', '2018-01-26 00:00:02'),
(415, 309, 1, 8, 2, '320.00', '2018-01-30 18:18:31', '2018-02-03 13:07:09'),
(416, 310, 1, 8, 2, '648.00', '2018-02-01 15:17:48', '2018-02-03 13:11:30'),
(417, 311, 3, 8, 2, '1959.00', '2018-02-03 13:15:29', '2018-02-03 13:16:01'),
(418, 312, 1, 8, 2, '590.00', '2018-02-07 00:23:30', '2018-02-14 14:01:30'),
(420, 313, 3, 2, 2, '300.00', '2018-02-14 14:04:04', '2018-02-14 14:05:13'),
(421, 314, 3, 2, 2, '100.00', '2018-02-14 14:09:08', '2018-02-14 14:12:23'),
(422, 315, 1, 2, 2, '160.00', '2018-02-16 00:31:16', '2018-02-22 23:46:23'),
(423, 316, 3, 2, 2, '179.00', '2018-02-20 14:10:01', '2018-02-22 23:49:25'),
(424, 317, 2, 2, 2, '809.00', '2018-02-20 14:14:33', '2018-02-22 23:51:12'),
(425, 318, 1, 2, 2, '1251.00', '2018-02-20 14:16:26', '2018-02-22 23:53:10'),
(426, 319, 15, 2, 2, '95.00', '2018-02-20 17:59:34', '2018-02-22 00:10:50'),
(427, 320, 8, 2, 2, '387.70', '2018-02-21 19:40:36', '2018-02-22 23:56:49'),
(428, 321, 1, 2, 2, '2508.00', '2018-02-21 21:43:59', '2018-02-22 23:58:12'),
(429, 322, 3, 2, 2, '950.00', '2018-02-23 14:01:40', '2018-02-23 14:23:32'),
(430, 323, 1, 2, 2, '2701.00', '2018-02-23 14:42:15', '2018-02-23 14:43:39'),
(431, 324, 1, 2, 2, '1908.00', '2018-02-26 13:24:05', '2018-02-27 10:45:26'),
(432, 325, 3, 2, 2, '480.00', '2018-02-26 15:09:48', '2018-02-27 10:47:53'),
(433, 326, 1, 2, 2, '1500.00', '2018-02-28 11:51:47', '2018-03-01 00:43:27'),
(434, 327, 3, 2, 2, '950.00', '2018-02-28 14:10:09', '2018-03-01 00:44:25'),
(435, 328, 2, 2, 2, '570.00', '2018-02-28 18:18:47', '2018-03-01 00:46:09'),
(436, 329, 1, 2, 2, '688.00', '2018-03-02 15:23:34', '2018-03-03 14:27:58'),
(437, 330, 16, 2, 2, '625.10', '2018-03-02 15:54:41', '2018-03-03 14:28:46'),
(438, 331, 1, 2, 2, '2167.00', '2018-03-02 18:56:36', '2018-03-03 14:29:42'),
(439, 332, 2, 2, 2, '131.40', '2018-03-03 14:23:19', '2018-03-03 14:30:31'),
(440, 333, 1, 2, 2, '1946.00', '2018-03-05 20:15:13', '2018-03-09 21:58:15'),
(441, 334, 3, 2, 2, '179.00', '2018-03-05 20:23:09', '2018-03-09 22:04:07'),
(442, 335, 2, 2, 2, '320.00', '2018-03-07 10:21:07', '2018-03-09 22:07:06'),
(443, 336, 1, 2, 2, '160.00', '2018-03-07 13:23:15', '2018-03-09 22:10:47'),
(444, 337, 1, 2, 2, '895.00', '2018-03-08 11:25:00', '2018-03-09 22:13:06'),
(445, 338, 1, 2, 2, '716.00', '2018-03-08 17:21:51', '2018-03-09 22:15:39'),
(446, 339, 2, 2, 2, '657.00', '2018-03-08 21:31:25', '2018-03-09 22:17:41'),
(447, 340, 1, 2, 2, '4800.00', '2018-03-09 10:53:13', '2018-03-09 10:54:05'),
(448, 341, 2, 2, 2, '670.00', '2018-03-09 22:56:32', '2018-03-15 02:24:31'),
(449, 342, 1, 2, 2, '716.00', '2018-03-10 12:18:35', '2018-03-15 02:31:45'),
(450, 343, 2, 2, 2, '475.00', '2018-03-12 13:04:26', '2018-03-15 02:33:24'),
(451, 344, 1, 2, 2, '1576.00', '2018-03-12 15:59:26', '2018-03-15 02:35:48'),
(452, 345, 3, 2, 2, '570.00', '2018-03-12 20:53:20', '2018-03-15 02:37:28'),
(453, 346, 1, 2, 2, '716.00', '2018-03-14 17:17:33', '2018-03-15 02:39:44'),
(454, 347, 2, 2, 2, '250.00', '2018-03-15 02:09:18', '2018-03-15 02:41:02'),
(455, 348, 17, 2, 2, '215.00', '2018-03-15 12:32:14', '2018-03-19 22:40:38'),
(456, 349, 1, 2, 2, '1229.00', '2018-03-15 15:06:14', '2018-03-19 22:41:07'),
(457, 350, 2, 2, 2, '1305.00', '2018-03-15 20:56:30', '2018-03-19 22:41:37'),
(459, 352, 1, 2, 2, '1631.00', '2018-03-16 20:17:20', '2018-03-19 22:43:34'),
(460, 353, 1, 2, 2, '786.00', '2018-03-19 14:21:57', '2018-03-19 22:44:54'),
(462, 355, 1, 2, 2, '695.00', '2018-03-20 17:19:38', '2018-03-22 16:39:26'),
(463, 356, 1, 2, 2, '1232.00', '2018-03-21 11:27:37', '2018-03-22 16:40:53'),
(464, 357, 4, 2, 2, '1629.00', '2018-03-21 11:34:31', '2018-03-21 15:39:49'),
(465, 358, 2, 2, 2, '150.00', '2018-03-22 16:44:32', '2018-04-12 23:44:56'),
(466, 359, 4, 2, 2, '150.00', '2018-03-22 23:44:43', '2018-04-03 00:38:13'),
(467, 360, 4, 2, 2, '370.00', '2018-03-22 23:52:30', '2018-04-03 00:39:34'),
(468, 361, 16, 2, 2, '85.00', '2018-03-24 11:51:08', '2018-03-24 11:51:33'),
(469, 362, 16, 2, 2, '279.60', '2018-03-24 11:52:42', '2018-03-24 11:53:25'),
(470, 363, 1, 2, 2, '716.00', '2018-03-24 11:55:44', '2018-03-24 11:58:31'),
(471, 364, 3, 2, 2, '380.00', '2018-03-26 11:40:15', '2018-04-02 23:39:24'),
(472, 365, 2, 2, 2, '374.00', '2018-03-26 17:50:18', '2018-04-02 23:41:38'),
(474, 367, 1, 2, 2, '1379.00', '2018-03-27 20:05:57', '2018-04-02 23:42:45'),
(475, 368, 1, 2, 2, '1013.00', '2018-04-02 16:29:12', '2018-04-02 23:44:08'),
(476, 369, 16, 2, 2, '178.00', '2018-04-02 16:33:08', '2018-04-02 23:45:20'),
(477, 370, 8, 2, 2, '89.00', '2018-04-03 16:27:05', '2018-04-06 20:07:51'),
(478, 371, 6, 2, 2, '358.00', '2018-04-04 19:24:26', '2018-04-04 19:28:39'),
(479, 372, 1, 2, 2, '249.00', '2018-04-06 19:59:17', '2018-04-06 20:12:26'),
(480, 373, 3, 2, 2, '236.00', '2018-04-06 20:01:18', '2018-04-06 20:17:55'),
(481, 374, 8, 2, 2, '139.80', '2018-04-07 13:04:49', '2018-04-10 21:38:17'),
(482, 375, 2, 2, 2, '356.00', '2018-04-09 11:24:46', '2018-04-12 22:51:00'),
(483, 376, 3, 2, 2, '770.00', '2018-04-10 11:18:37', '2018-04-12 22:53:58'),
(484, 377, 2, 2, 2, '116.00', '2018-04-10 11:23:37', '2018-04-12 22:55:27'),
(486, 379, 4, 2, 2, '1253.00', '2018-04-12 14:45:02', '2018-04-12 22:57:59'),
(487, 380, 1, 2, 2, '427.00', '2018-04-12 15:37:19', '2018-04-12 22:59:18'),
(488, 381, 6, 2, 2, '295.00', '2018-04-12 17:15:59', '2018-04-12 23:00:10'),
(489, 382, 1, 2, 2, '380.00', '2018-04-17 19:51:55', '2018-04-17 22:33:48'),
(490, 383, 11, 2, 2, '60.00', '2018-04-17 22:16:51', '2019-03-10 16:26:17'),
(491, 384, 8, 2, 2, '139.80', '2018-04-18 15:56:00', '2018-04-19 09:32:29'),
(492, 385, 10, 2, 2, '950.00', '2018-04-19 00:25:55', '2018-04-19 09:30:40'),
(493, 386, 1, 2, 2, '834.00', '2018-04-19 19:59:20', '2018-04-22 23:17:38'),
(494, 387, 2, 2, 2, '441.00', '2018-04-21 12:50:04', '2018-04-22 23:18:18'),
(495, 388, 1, 2, 2, '695.00', '2018-04-21 14:14:43', '2018-04-22 23:19:10'),
(496, 389, 1, 2, 2, '464.00', '2018-04-23 17:47:52', '2018-04-24 00:12:50'),
(497, 390, 2, 2, 2, '537.00', '2018-04-28 11:13:42', '2018-05-01 10:22:40'),
(498, 391, 3, 2, 2, '415.00', '2018-05-01 10:25:25', '2018-05-01 10:27:05'),
(499, 392, 3, 2, 2, '250.00', '2018-05-01 10:29:02', '2018-05-01 10:29:40'),
(500, 393, 4, 2, 2, '270.00', '2018-05-01 10:32:16', '2018-05-01 10:32:59'),
(501, 394, 6, 2, 2, '264.00', '2018-05-01 10:37:18', '2018-05-01 10:38:44'),
(503, 396, 16, 2, 2, '267.00', '2018-05-01 10:45:42', '2018-05-01 10:45:58'),
(507, 397, 1, 2, 2, '489.00', '2018-05-02 14:25:28', '2018-05-09 10:16:41'),
(508, 398, 1, 2, 2, '249.00', '2018-05-02 18:25:26', '2018-05-09 10:18:42'),
(509, 399, 2, 2, 2, '508.00', '2018-05-04 12:38:40', '2018-05-09 10:23:31'),
(510, 400, 4, 2, 2, '537.00', '2018-05-05 11:32:52', '2018-05-09 10:26:39'),
(511, 401, 3, 2, 2, '614.00', '2018-05-16 10:24:53', '2018-05-17 17:40:52'),
(512, 402, 1, 2, 2, '652.00', '2018-05-16 10:26:10', '2018-05-17 17:41:23'),
(513, 403, 4, 2, 2, '515.00', '2018-05-17 17:44:15', '2018-05-17 17:44:28'),
(514, 404, 4, 2, 2, '75.00', '2018-05-17 17:46:38', '2018-05-17 17:46:51'),
(515, 405, 13, 2, 2, '530.00', '2018-05-17 17:50:45', '2018-05-17 17:52:22'),
(516, 406, 1, 2, 2, '652.00', '2018-05-17 17:59:21', '2018-05-18 16:47:25'),
(517, 407, 4, 2, 2, '716.00', '2018-05-19 13:07:12', '2018-05-19 13:07:37'),
(518, 408, 16, 2, 2, '267.00', '2018-05-21 16:23:46', '2018-05-21 16:24:05'),
(519, 409, 16, 2, 2, '552.60', '2018-05-21 16:25:03', '2018-05-21 16:27:02'),
(522, 410, 6, 2, 2, '100.00', '2018-05-26 17:07:07', '2018-05-27 17:46:57'),
(523, 411, 6, 2, 2, '358.00', '2018-05-26 17:08:47', '2018-05-27 17:49:19'),
(524, 412, 11, 2, 2, '470.00', '2018-05-26 17:10:21', '2018-05-27 17:51:52'),
(525, 413, 6, 2, 2, '1950.00', '2018-05-27 17:28:06', '2018-05-27 17:53:33'),
(527, 414, 6, 2, 2, '200.00', '2018-05-27 18:55:10', '2018-05-27 18:55:24'),
(528, 415, 1, 2, 2, '464.00', '2018-05-30 00:09:29', '2018-05-30 00:11:59'),
(529, 416, 1, 2, 2, '1956.00', '2018-05-30 14:16:12', '2018-06-03 23:15:01'),
(530, 417, 8, 2, 2, '139.80', '2018-05-31 10:24:46', '2018-05-31 10:25:15'),
(531, 418, 19, 2, 2, '180.00', '2018-06-04 00:01:54', '2018-06-04 00:02:13'),
(532, 419, 1, 2, 2, '665.00', '2018-06-04 19:43:02', '2018-06-05 10:23:18'),
(533, 420, 2, 2, 2, '876.00', '2018-06-05 23:21:24', '2018-06-05 23:28:51'),
(534, 421, 4, 2, 2, '140.00', '2018-06-05 23:23:49', '2018-06-05 23:30:51'),
(537, 422, 2, 2, 2, '68.90', '2018-06-07 11:10:27', '2018-06-15 00:15:18'),
(538, 423, 8, 2, 2, '209.70', '2018-06-15 20:18:51', '2018-06-15 22:30:00'),
(539, 424, 4, 2, 2, '358.00', '2018-06-25 12:27:30', '2018-06-28 18:31:42'),
(540, 425, 2, 2, 2, '200.00', '2018-06-28 18:36:29', '2018-06-28 18:36:46'),
(541, 426, 1, 2, 2, '163.00', '2018-07-04 13:51:54', '2018-07-05 00:14:55'),
(542, 427, 1, 2, 2, '694.00', '2018-07-04 20:59:29', '2018-07-05 00:15:58'),
(543, 428, 2, 2, 2, '438.00', '2018-07-05 13:31:56', '2018-07-08 18:30:16'),
(544, 429, 3, 2, 2, '554.00', '2018-07-12 16:31:27', '2018-07-15 13:01:04'),
(545, 430, 1, 2, 2, '1013.00', '2018-07-13 14:55:19', '2018-07-15 13:02:32'),
(546, 431, 4, 2, 2, '507.00', '2018-07-13 14:56:33', '2018-07-15 13:04:40'),
(547, 432, 3, 2, 2, '282.00', '2018-07-16 13:44:45', '2018-07-19 00:52:28'),
(548, 433, 1, 2, 2, '1544.00', '2018-07-18 13:46:26', '2018-07-19 00:53:15'),
(549, 434, 16, 2, 2, '209.70', '2018-07-18 19:52:21', '2018-07-19 00:54:01'),
(550, 435, 16, 2, 2, '190.00', '2018-07-18 19:56:59', '2018-08-27 12:08:37'),
(551, 436, 2, 2, 2, '1050.00', '2018-07-23 11:02:04', '2018-07-24 22:03:57'),
(552, 437, 1, 2, 2, '640.00', '2018-07-23 14:41:03', '2018-07-24 22:06:15'),
(553, 438, 4, 2, 2, '338.00', '2018-07-23 14:47:06', '2018-07-24 22:07:40'),
(554, 439, 11, 2, 2, '384.00', '2018-07-24 11:48:12', '2018-07-24 22:11:04'),
(555, 440, 3, 2, 2, '605.00', '2018-07-24 17:03:21', '2018-07-24 22:22:12'),
(556, 441, 1, 2, 2, '140.00', '2018-07-24 18:59:28', '2018-07-24 22:32:35'),
(557, 442, 1, 2, 2, '840.00', '2018-07-24 20:40:45', '2018-07-24 22:34:04'),
(558, 443, 1, 2, 2, '1630.00', '2018-07-25 13:12:20', '2018-07-25 21:34:06'),
(559, 444, 8, 2, 2, '279.60', '2018-07-25 20:27:54', '2018-07-25 21:35:49'),
(560, 445, 1, 2, 2, '873.00', '2018-07-27 22:23:45', '2018-07-28 10:25:35'),
(561, 446, 1, 2, 2, '3248.00', '2018-07-30 13:00:22', '2018-07-31 00:55:08'),
(562, 447, 6, 2, 2, '200.00', '2018-07-31 00:56:26', '2018-10-21 12:12:26'),
(563, 448, 1, 2, 2, '232.00', '2018-08-03 17:46:45', '2018-08-04 11:10:11'),
(564, 449, 1, 2, 2, '1455.00', '2018-08-03 18:12:20', '2018-08-04 11:11:11'),
(565, 450, 2, 2, 2, '219.00', '2018-08-04 11:06:09', '2018-08-04 11:16:15'),
(566, 451, 1, 2, 2, '1944.00', '2018-08-06 17:34:04', '2018-08-09 21:24:49'),
(567, 452, 11, 2, 2, '115.00', '2018-08-07 12:12:49', '2018-08-09 21:30:28'),
(568, 453, 8, 2, 2, '234.80', '2018-08-07 14:35:59', '2018-08-09 21:31:05'),
(569, 454, 3, 2, 2, '475.00', '2018-08-09 09:42:48', '2018-08-09 21:32:11'),
(570, 455, 16, 2, 2, '285.00', '2018-08-09 09:44:56', '2018-09-12 09:38:12'),
(571, 456, 8, 2, 2, '95.00', '2018-08-09 21:22:32', '2018-08-09 21:33:08'),
(572, 457, 4, 2, 2, '1629.00', '2018-08-10 12:33:36', '2018-08-14 21:21:44'),
(573, 458, 1, 2, 2, '2747.00', '2018-08-10 12:35:19', '2018-08-14 21:23:41'),
(574, 459, 1, 2, 2, '920.00', '2018-08-14 09:27:39', '2018-08-14 21:24:44'),
(575, 460, 11, 2, 1, '420.00', '2018-08-14 17:32:46', '2018-08-14 17:32:46'),
(576, 461, 1, 2, 2, '1513.00', '2018-08-14 19:14:56', '2018-08-14 21:29:19'),
(577, 462, 8, 2, 2, '95.00', '2018-08-14 19:33:38', '2018-08-14 21:30:16'),
(578, 463, 3, 2, 2, '160.00', '2018-08-16 01:06:06', '2018-08-21 09:25:21'),
(579, 464, 1, 2, 2, '815.00', '2018-08-16 14:35:44', '2018-08-21 09:27:02'),
(580, 465, 1, 2, 2, '1769.00', '2018-08-20 12:35:17', '2018-08-21 09:28:06'),
(581, 466, 6, 2, 2, '179.00', '2018-08-20 14:20:40', '2018-08-21 09:30:05'),
(582, 467, 1, 2, 2, '475.00', '2018-08-20 23:32:39', '2018-08-21 09:31:22'),
(588, 468, 16, 2, 2, '139.80', '2018-08-27 12:15:42', '2018-08-27 12:17:22'),
(589, 469, 11, 2, 1, '230.00', '2018-08-27 12:48:46', '2018-08-27 12:48:46'),
(590, 470, 1, 2, 2, '336.00', '2018-08-28 13:14:40', '2018-08-30 13:19:43'),
(591, 471, 3, 2, 2, '475.00', '2018-08-29 00:33:32', '2018-08-30 13:28:54'),
(592, 472, 4, 2, 2, '1008.00', '2018-08-29 11:29:28', '2018-08-30 12:57:57'),
(593, 473, 1, 2, 2, '750.00', '2018-08-30 13:09:26', '2018-08-30 13:44:27'),
(594, 474, 1, 2, 2, '2351.00', '2018-08-30 14:40:08', '2018-08-30 23:17:26'),
(595, 475, 1, 2, 2, '1292.00', '2018-09-03 13:30:57', '2018-09-09 19:22:50'),
(596, 476, 3, 2, 2, '700.00', '2018-09-04 12:22:32', '2018-09-09 19:23:58'),
(597, 477, 1, 2, 2, '1024.00', '2018-09-04 14:07:01', '2018-09-09 19:24:45'),
(598, 478, 1, 2, 2, '1944.00', '2018-09-04 23:07:11', '2018-09-09 19:26:19'),
(599, 479, 1, 2, 2, '1350.00', '2018-09-06 12:47:57', '2018-09-09 19:26:53'),
(600, 480, 1, 2, 2, '1280.00', '2018-09-08 11:56:54', '2018-09-09 19:28:04'),
(601, 481, 16, 2, 2, '139.80', '2018-09-09 19:29:19', '2018-09-09 19:29:47'),
(602, 482, 16, 2, 2, '279.60', '2018-09-09 19:31:55', '2018-10-08 17:58:10'),
(603, 483, 16, 2, 2, '190.00', '2018-09-09 19:32:43', '2018-10-08 17:59:10'),
(604, 484, 8, 2, 2, '279.60', '2018-09-09 19:34:07', '2018-10-02 21:11:51'),
(605, 485, 2, 2, 2, '876.00', '2018-09-10 14:46:19', '2018-09-12 09:39:31'),
(606, 486, 20, 2, 1, '250.00', '2018-09-11 11:59:17', '2018-09-11 11:59:17'),
(607, 487, 8, 2, 1, '95.00', '2018-09-12 00:29:48', '2018-09-12 00:29:48'),
(608, 488, 8, 2, 1, '95.00', '2018-09-12 00:31:20', '2018-09-12 00:31:20'),
(609, 489, 8, 2, 1, '279.60', '2018-09-12 00:32:25', '2018-09-12 00:32:25'),
(610, 490, 1, 2, 2, '700.00', '2018-09-12 13:04:24', '2018-09-13 01:11:28'),
(611, 491, 3, 2, 2, '510.00', '2018-09-13 00:25:29', '2018-09-13 01:12:20'),
(612, 492, 2, 2, 2, '1920.00', '2018-09-13 01:04:38', '2018-09-13 01:10:16'),
(613, 493, 3, 2, 2, '1160.00', '2018-09-17 16:16:50', '2018-09-30 21:35:28'),
(614, 494, 11, 2, 1, '40.00', '2018-09-18 23:45:07', '2018-09-18 23:45:07'),
(615, 495, 11, 2, 1, '10.00', '2018-09-18 23:51:41', '2018-09-18 23:51:41'),
(616, 496, 1, 2, 2, '348.00', '2018-09-19 14:00:24', '2018-09-30 21:37:03'),
(617, 497, 2, 2, 2, '219.00', '2018-09-19 17:23:35', '2018-09-30 21:38:13'),
(618, 498, 2, 2, 2, '73.00', '2018-09-20 19:24:17', '2018-09-30 21:39:03'),
(619, 499, 2, 2, 2, '320.00', '2018-09-24 11:51:59', '2018-09-30 21:40:13'),
(620, 500, 11, 2, 1, '60.00', '2018-09-24 12:32:40', '2018-09-24 12:32:40'),
(621, 501, 2, 2, 2, '500.00', '2018-09-30 22:04:06', '2018-09-30 22:04:27'),
(622, 502, 2, 2, 2, '250.00', '2018-10-02 11:19:37', '2018-10-02 21:04:25'),
(623, 503, 2, 2, 2, '320.00', '2018-10-02 12:46:24', '2018-10-02 21:06:58'),
(624, 504, 2, 2, 2, '292.00', '2018-10-02 12:48:27', '2018-10-02 21:07:55'),
(625, 505, 8, 2, 2, '95.00', '2018-10-02 14:43:57', '2018-10-02 21:09:02'),
(626, 506, 1, 2, 2, '430.00', '2018-10-02 15:11:37', '2018-10-02 21:10:14'),
(627, 507, 3, 2, 2, '686.00', '2018-10-03 11:12:21', '2018-10-08 18:00:30'),
(628, 508, 2, 2, 2, '219.00', '2018-10-04 12:56:32', '2018-10-08 18:01:41'),
(629, 509, 1, 2, 2, '605.00', '2018-10-05 17:47:10', '2018-10-08 18:04:46'),
(630, 510, 16, 2, 2, '69.90', '2018-10-08 18:04:31', '2018-10-08 18:06:34'),
(631, 511, 8, 2, 2, '209.70', '2018-10-09 20:57:27', '2018-10-14 10:27:46'),
(632, 512, 1, 2, 2, '285.00', '2018-10-10 09:18:49', '2018-10-14 10:29:48'),
(633, 513, 3, 2, 2, '445.00', '2018-10-12 11:00:03', '2018-10-14 10:30:36'),
(634, 514, 2, 2, 2, '320.00', '2018-10-12 13:42:49', '2018-10-14 10:31:36'),
(635, 515, 4, 2, 2, '334.00', '2018-10-14 11:36:48', '2018-10-14 11:37:03'),
(636, 516, 2, 2, 2, '399.00', '2018-10-14 18:25:33', '2018-10-14 18:40:30'),
(637, 517, 1, 2, 2, '1250.00', '2018-10-14 21:51:39', '2018-10-14 21:53:56'),
(638, 518, 3, 2, 2, '579.00', '2018-10-17 20:05:38', '2018-10-17 23:58:35'),
(639, 519, 16, 2, 2, '255.00', '2018-10-19 10:42:32', '2018-10-21 11:42:38'),
(640, 520, 3, 2, 2, '320.00', '2018-10-19 14:24:39', '2018-10-21 11:50:05'),
(641, 521, 2, 2, 2, '146.00', '2018-10-20 11:23:25', '2018-10-21 11:53:57'),
(642, 522, 7, 2, 2, '279.60', '2018-10-22 16:55:46', '2018-10-22 23:03:05'),
(643, 523, 8, 2, 2, '69.90', '2018-10-23 15:47:45', '2018-10-23 15:48:13'),
(645, 525, 2, 2, 2, '146.00', '2018-11-01 11:00:27', '2018-11-05 20:43:43'),
(646, 526, 1, 2, 2, '174.00', '2018-11-01 11:02:03', '2018-11-05 20:46:06'),
(647, 527, 3, 2, 2, '356.00', '2018-11-01 11:02:49', '2018-11-05 20:48:32'),
(648, 528, 21, 2, 2, '160.00', '2018-11-05 14:32:38', '2018-11-05 14:53:22'),
(649, 529, 3, 2, 2, '498.00', '2018-11-07 23:20:55', '2018-11-07 23:23:05'),
(650, 530, 2, 2, 2, '511.00', '2018-11-07 23:25:29', '2018-11-07 23:27:43'),
(651, 531, 20, 2, 1, '200.00', '2018-11-07 23:41:04', '2018-11-07 23:41:04'),
(652, 532, 3, 2, 2, '320.00', '2018-11-08 14:24:46', '2018-11-12 22:51:05'),
(653, 533, 2, 2, 2, '480.00', '2018-11-12 22:49:11', '2018-11-12 22:52:14'),
(654, 534, 1, 2, 2, '464.00', '2018-11-12 23:00:29', '2018-11-12 23:01:26'),
(655, 535, 2, 2, 2, '160.00', '2018-11-16 17:06:59', '2018-11-22 15:37:12'),
(656, 536, 1, 2, 2, '300.00', '2018-11-20 00:39:47', '2018-11-22 15:37:58'),
(657, 537, 3, 2, 2, '480.00', '2018-11-20 14:40:39', '2018-11-22 15:38:42'),
(658, 538, 2, 2, 2, '420.00', '2018-11-21 13:35:15', '2018-11-22 15:39:34'),
(659, 539, 2, 2, 2, '365.00', '2018-11-22 15:35:21', '2018-11-22 15:40:20'),
(660, 540, 16, 2, 2, '279.60', '2018-11-22 15:53:02', '2018-11-22 15:54:15'),
(661, 541, 2, 2, 2, '640.00', '2018-11-23 10:30:38', '2018-11-23 23:35:46'),
(662, 542, 8, 2, 2, '139.80', '2018-11-23 23:30:25', '2018-11-23 23:31:26'),
(663, 543, 2, 2, 2, '3482.00', '2018-11-25 16:05:52', '2018-11-25 16:08:58'),
(664, 544, 2, 2, 2, '640.00', '2018-11-25 16:14:14', '2018-11-25 16:21:57'),
(665, 545, 1, 2, 2, '645.00', '2018-11-27 14:41:45', '2018-11-29 17:45:23'),
(666, 546, 16, 2, 2, '249.00', '2018-11-27 15:21:18', '2018-11-29 17:48:07'),
(667, 547, 1, 2, 2, '6000.00', '2018-11-29 17:41:01', '2018-11-29 17:49:04'),
(668, 548, 2, 2, 2, '640.00', '2018-11-30 14:54:52', '2018-12-01 10:48:16'),
(669, 549, 6, 2, 2, '5900.00', '2018-12-01 10:40:25', '2018-12-01 10:49:13'),
(670, 550, 1, 2, 2, '574.00', '2018-12-01 10:53:03', '2018-12-01 10:54:34'),
(671, 551, 1, 2, 2, '790.00', '2018-12-01 10:56:04', '2018-12-01 10:56:35'),
(672, 552, 2, 2, 2, '140.00', '2018-12-03 17:51:58', '2018-12-04 13:13:03'),
(673, 553, 11, 2, 1, '170.00', '2018-12-04 13:45:30', '2018-12-04 13:45:30'),
(674, 554, 11, 2, 1, '60.00', '2018-12-04 15:47:39', '2018-12-04 15:47:39'),
(675, 555, 2, 2, 2, '480.00', '2018-12-04 18:54:00', '2018-12-05 18:50:05'),
(676, 556, 3, 2, 2, '166.00', '2018-12-05 16:20:45', '2018-12-05 18:50:27'),
(677, 557, 1, 2, 2, '150.00', '2018-12-07 18:04:49', '2018-12-07 18:05:18'),
(678, 558, 1, 2, 2, '275.00', '2018-12-07 18:09:01', '2018-12-07 18:48:43'),
(679, 559, 6, 2, 2, '125.00', '2018-12-07 18:12:12', '2018-12-07 18:55:06'),
(680, 560, 1, 2, 2, '325.00', '2018-12-07 18:14:44', '2018-12-07 18:59:18'),
(681, 561, 6, 2, 2, '100.00', '2018-12-07 18:19:18', '2018-12-07 19:35:07'),
(682, 562, 6, 2, 2, '395.00', '2018-12-15 11:49:06', '2018-12-15 11:50:06'),
(683, 563, 1, 2, 2, '8000.00', '2018-12-15 11:53:28', '2018-12-15 11:54:05'),
(684, 564, 4, 2, 2, '157.50', '2018-12-18 12:00:25', '2018-12-18 12:08:47'),
(685, 565, 6, 2, 2, '150.00', '2018-12-18 12:10:58', '2018-12-18 12:12:14'),
(686, 566, 1, 2, 2, '12900.00', '2018-12-19 13:39:28', '2018-12-19 13:43:41'),
(687, 567, 1, 2, 2, '290.00', '2018-12-19 20:18:42', '2018-12-26 20:54:17'),
(688, 568, 2, 2, 2, '365.00', '2018-12-21 18:00:16', '2018-12-26 20:59:00'),
(689, 569, 2, 2, 2, '380.00', '2018-12-21 18:49:05', '2018-12-26 21:02:07'),
(690, 570, 2, 2, 2, '286.00', '2018-12-26 20:39:10', '2018-12-26 21:04:12'),
(691, 571, 6, 2, 2, '350.00', '2018-12-26 20:40:54', '2018-12-29 01:39:20'),
(692, 572, 16, 2, 1, '221.00', '2018-12-26 20:52:21', '2019-01-23 13:13:00'),
(693, 573, 1, 2, 2, '2280.00', '2018-12-27 15:32:59', '2018-12-28 16:01:28'),
(694, 574, 6, 2, 2, '230.00', '2018-12-28 15:59:03', '2018-12-28 16:03:05'),
(695, 575, 6, 2, 2, '150.00', '2018-12-28 15:59:43', '2018-12-28 16:04:12'),
(696, 576, 2, 2, 2, '803.00', '2019-01-01 16:51:18', '2019-01-05 00:39:46'),
(697, 577, 16, 2, 2, '570.00', '2019-01-02 12:17:28', '2019-01-05 00:40:50'),
(698, 578, 3, 2, 2, '876.00', '2019-01-02 13:18:40', '2019-01-05 00:41:21'),
(699, 579, 1, 2, 2, '326.00', '2019-01-02 19:05:52', '2019-01-05 00:41:55'),
(700, 580, 2, 2, 2, '603.00', '2019-01-04 11:22:13', '2019-01-05 00:42:34'),
(701, 581, 2, 2, 2, '380.00', '2019-01-04 11:30:28', '2019-01-05 00:43:29'),
(702, 582, 1, 2, 2, '2920.00', '2019-01-04 22:41:30', '2019-01-05 00:44:11'),
(703, 583, 1, 2, 2, '100.00', '2019-01-05 00:47:58', '2019-01-05 00:48:13'),
(704, 584, 4, 2, 2, '140.00', '2019-01-05 00:50:47', '2019-01-05 00:51:02'),
(705, 585, 1, 2, 2, '593.00', '2019-01-07 14:02:01', '2019-01-13 14:04:29'),
(706, 586, 2, 2, 2, '593.00', '2019-01-08 00:11:58', '2019-01-13 14:05:25'),
(707, 587, 4, 2, 2, '626.00', '2019-01-08 17:58:44', '2019-01-13 14:06:52'),
(708, 588, 4, 2, 2, '138.00', '2019-01-08 18:40:18', '2019-01-13 14:08:25'),
(709, 589, 1, 2, 2, '2743.00', '2019-01-10 15:28:01', '2019-01-13 14:10:20'),
(710, 590, 2, 2, 2, '356.00', '2019-01-10 16:30:34', '2019-01-13 14:10:54'),
(711, 591, 16, 2, 2, '224.80', '2019-01-11 19:16:21', '2019-01-13 14:12:09'),
(712, 592, 4, 2, 2, '286.00', '2019-01-13 14:24:18', '2019-01-13 14:25:06'),
(713, 593, 1, 2, 2, '607.00', '2019-01-13 15:09:31', '2019-01-13 15:10:15'),
(714, 594, 1, 2, 2, '75.00', '2019-01-13 15:30:59', '2019-01-13 15:31:41'),
(715, 595, 6, 2, 2, '100.00', '2019-01-13 15:31:27', '2019-01-13 15:32:23'),
(717, 596, 22, 2, 2, '170.00', '2019-01-13 23:19:04', '2019-01-13 23:20:35'),
(718, 597, 4, 2, 2, '286.00', '2019-01-14 13:47:17', '2019-01-21 15:53:12'),
(719, 598, 2, 2, 2, '620.00', '2019-01-15 14:11:11', '2019-01-21 15:54:31'),
(720, 599, 3, 2, 2, '163.00', '2019-01-15 14:12:39', '2019-01-21 15:55:04'),
(721, 600, 1, 2, 2, '2705.00', '2019-01-16 12:17:51', '2019-01-21 15:55:44'),
(722, 601, 2, 2, 2, '803.00', '2019-01-17 12:39:38', '2019-01-21 15:56:37'),
(723, 602, 4, 2, 2, '480.00', '2019-01-17 18:12:02', '2019-01-21 15:57:28'),
(724, 603, 1, 2, 2, '1279.00', '2019-01-18 11:35:44', '2019-01-21 15:58:26'),
(725, 604, 2, 2, 2, '65.90', '2019-01-21 16:01:19', '2019-01-21 16:02:24'),
(726, 605, 4, 2, 2, '105.00', '2019-01-21 23:38:12', '2019-01-21 23:38:36'),
(727, 606, 1, 2, 2, '100.00', '2019-01-21 23:39:28', '2019-01-21 23:40:09'),
(728, 607, 1, 2, 2, '885.00', '2019-01-21 23:46:55', '2019-01-21 23:47:18'),
(730, 609, 1, 2, 2, '560.00', '2019-01-22 00:28:29', '2019-01-22 12:14:02'),
(731, 610, 2, 2, 2, '932.00', '2019-01-22 12:21:30', '2019-01-22 12:22:11'),
(732, 611, 2, 2, 2, '511.00', '2019-01-22 18:01:23', '2019-01-23 12:54:34'),
(733, 612, 6, 2, 2, '250.00', '2019-01-23 12:53:59', '2019-01-23 12:56:04'),
(734, 613, 2, 2, 1, '73.00', '2019-01-29 12:06:15', '2019-01-31 00:50:05'),
(735, 614, 22, 2, 1, '69.90', '2019-01-29 12:08:33', '2019-01-29 12:08:33'),
(736, 615, 1, 2, 2, '1518.00', '2019-01-29 13:00:22', '2019-01-31 00:50:59'),
(737, 616, 4, 2, 2, '785.00', '2019-01-30 12:23:30', '2019-01-31 00:52:51'),
(738, 617, 3, 2, 2, '855.00', '2019-01-30 12:53:37', '2019-01-31 00:54:09'),
(739, 618, 1, 2, 2, '285.00', '2019-01-30 14:40:18', '2019-01-31 00:55:03'),
(740, 619, 16, 2, 2, '570.00', '2019-01-30 17:32:23', '2019-02-04 00:43:10'),
(741, 620, 1, 2, 2, '50.00', '2019-01-31 00:59:03', '2019-01-31 00:59:28'),
(742, 621, 1, 2, 2, '375.00', '2019-01-31 01:02:11', '2019-01-31 01:02:31'),
(743, 622, 3, 2, 2, '100.00', '2019-01-31 01:06:53', '2019-01-31 01:07:32'),
(744, 623, 8, 2, 2, '87.00', '2019-01-31 23:24:21', '2019-02-04 00:44:49'),
(745, 624, 1, 2, 2, '1684.00', '2019-02-01 12:22:28', '2019-02-04 22:23:39'),
(746, 625, 16, 2, 2, '69.90', '2019-02-01 12:24:59', '2019-02-04 00:47:46'),
(747, 626, 14, 2, 2, '58.00', '2019-02-01 13:38:28', '2019-02-04 00:48:30'),
(748, 627, 6, 2, 2, '75.00', '2019-02-03 17:01:16', '2019-02-04 00:49:21'),
(749, 628, 3, 2, 2, '175.00', '2019-02-03 17:04:35', '2019-02-04 00:51:41'),
(750, 629, 1, 2, 2, '100.00', '2019-02-03 17:07:22', '2019-02-04 00:52:40'),
(751, 630, 4, 2, 2, '315.00', '2019-02-03 17:25:33', '2019-02-04 00:53:44'),
(752, 631, 4, 2, 2, '208.00', '2019-02-03 17:41:51', '2019-02-04 22:20:13'),
(753, 632, 3, 2, 2, '550.00', '2019-02-03 17:48:24', '2019-02-04 00:55:14'),
(756, 635, 2, 2, 2, '146.00', '2019-02-04 16:53:11', '2019-02-04 22:26:26'),
(757, 636, 1, 2, 2, '1595.00', '2019-02-04 17:08:09', '2019-02-04 22:28:24'),
(758, 637, 3, 2, 2, '746.00', '2019-02-04 20:25:18', '2019-02-04 22:30:05'),
(759, 638, 16, 2, 2, '190.00', '2019-02-04 22:33:12', '2019-02-04 22:37:02'),
(760, 639, 1, 2, 2, '815.00', '2019-02-05 11:55:06', '2019-02-05 12:03:55'),
(761, 640, 4, 2, 2, '785.00', '2019-02-05 20:37:23', '2019-02-06 10:29:59'),
(762, 641, 1, 2, 2, '1155.00', '2019-02-07 12:33:50', '2019-02-07 14:51:22'),
(763, 642, 3, 2, 2, '908.00', '2019-02-07 12:35:14', '2019-02-07 15:02:34'),
(764, 643, 3, 2, 2, '1176.00', '2019-02-07 12:47:16', '2019-02-07 15:06:34'),
(765, 644, 2, 2, 2, '392.00', '2019-02-07 23:27:21', '2019-02-08 00:08:08'),
(766, 645, 8, 2, 2, '87.00', '2019-02-07 23:29:21', '2019-02-08 00:11:16'),
(767, 646, 2, 2, 2, '58.00', '2019-02-07 23:30:09', '2019-02-08 00:12:53'),
(768, 647, 1, 2, 2, '429.00', '2019-02-07 23:30:53', '2019-02-08 00:17:10'),
(769, 648, 2, 2, 2, '125.00', '2019-02-07 23:33:06', '2019-02-08 00:19:07'),
(770, 649, 6, 2, 2, '800.00', '2019-02-07 23:35:08', '2019-02-08 00:21:42'),
(771, 650, 1, 2, 2, '75.00', '2019-02-07 23:41:03', '2019-02-08 00:24:50'),
(772, 651, 3, 2, 2, '855.00', '2019-02-08 01:10:44', '2019-02-11 10:54:52'),
(773, 652, 4, 2, 2, '208.00', '2019-02-09 18:07:44', '2019-02-11 10:56:39'),
(774, 653, 1, 2, 2, '1630.00', '2019-02-11 12:04:26', '2019-02-12 12:17:52'),
(775, 654, 1, 2, 2, '150.00', '2019-02-12 12:13:09', '2019-02-12 12:30:10'),
(776, 655, 1, 2, 2, '634.00', '2019-02-12 12:26:18', '2019-02-12 12:30:57'),
(777, 656, 6, 2, 2, '2850.00', '2019-02-12 13:41:23', '2019-02-12 16:39:17'),
(778, 657, 24, 2, 2, '209.70', '2019-02-12 16:24:00', '2019-02-12 16:35:43'),
(779, 658, 1, 2, 2, '489.00', '2019-02-15 13:23:26', '2019-02-19 17:59:31'),
(780, 659, 2, 2, 2, '489.00', '2019-02-18 01:56:17', '2019-02-19 18:02:04'),
(781, 660, 1, 2, 2, '464.00', '2019-02-18 14:17:00', '2019-02-19 18:03:10'),
(782, 661, 1, 2, 2, '1287.00', '2019-02-19 14:28:21', '2019-02-19 18:05:04'),
(783, 662, 1, 2, 2, '150.00', '2019-02-19 17:58:14', '2019-02-19 18:06:02'),
(784, 663, 1, 2, 2, '150.00', '2019-02-19 17:58:56', '2019-02-19 18:06:55'),
(785, 664, 27, 2, 2, '13900.00', '2019-02-19 18:37:10', '2019-02-19 18:40:58'),
(786, 665, 3, 2, 2, '13000.00', '2019-02-20 00:01:46', '2019-02-20 00:02:09'),
(787, 666, 3, 2, 2, '588.00', '2019-02-20 16:21:34', '2019-02-20 16:22:30'),
(788, 667, 1, 2, 2, '505.00', '2019-02-20 22:45:32', '2019-02-20 22:52:11'),
(789, 668, 1, 2, 2, '2340.00', '2019-02-20 22:59:31', '2019-02-20 23:00:56'),
(790, 669, 1, 2, 2, '3800.00', '2019-02-22 12:33:22', '2019-02-22 12:34:36'),
(791, 670, 1, 2, 2, '2500.00', '2019-02-22 12:55:50', '2019-02-22 13:14:32'),
(792, 671, 1, 2, 2, '1551.00', '2019-02-22 13:07:43', '2019-02-22 13:16:24'),
(793, 672, 2, 2, 2, '445.00', '2019-02-25 17:06:32', '2019-02-25 22:07:46'),
(794, 673, 2, 2, 2, '2555.00', '2019-02-25 21:07:33', '2019-02-25 22:34:29'),
(795, 674, 26, 2, 1, '16672.00', '2019-02-25 21:35:38', '2019-02-25 21:35:38'),
(796, 675, 16, 2, 2, '279.60', '2019-02-25 21:41:14', '2019-02-25 22:11:15'),
(797, 676, 6, 2, 2, '200.00', '2019-02-25 22:05:18', '2019-02-25 22:12:34'),
(798, 677, 4, 2, 2, '70.00', '2019-02-25 22:06:37', '2019-02-25 22:14:58'),
(799, 678, 1, 2, 2, '575.00', '2019-02-25 22:41:03', '2019-02-25 22:42:02'),
(800, 679, 1, 2, 2, '1290.00', '2019-02-25 22:43:40', '2019-02-25 22:49:43'),
(801, 680, 4, 2, 2, '543.00', '2019-02-25 22:46:43', '2019-02-25 22:51:41'),
(802, 681, 1, 2, 2, '645.00', '2019-02-26 11:37:59', '2019-02-26 15:37:04'),
(803, 682, 6, 2, 2, '1150.00', '2019-02-26 15:34:18', '2019-02-26 15:39:25'),
(804, 683, 1, 2, 2, '2275.00', '2019-02-26 20:11:44', '2019-02-26 20:21:51'),
(805, 684, 6, 2, 1, '290.00', '2019-02-27 00:27:51', '2019-03-07 23:48:06'),
(806, 685, 6, 2, 2, '100.00', '2019-02-27 00:41:20', '2019-02-27 00:45:00'),
(807, 686, 6, 2, 2, '2255.00', '2019-02-27 23:03:51', '2019-03-07 23:48:27'),
(808, 687, 4, 2, 2, '1629.00', '2019-03-01 14:52:46', '2019-03-07 23:49:32'),
(809, 688, 2, 2, 2, '356.00', '2019-03-01 20:10:34', '2019-03-07 23:50:35'),
(810, 689, 28, 2, 2, '1020.00', '2019-03-02 12:14:50', '2019-03-04 00:58:19'),
(811, 690, 6, 2, 2, '5900.00', '2019-03-06 13:27:12', '2019-03-07 23:51:20'),
(812, 691, 1, 2, 2, '100.00', '2019-03-06 13:29:34', '2019-03-07 23:52:09'),
(813, 692, 6, 2, 2, '50.00', '2019-03-06 13:30:33', '2019-03-07 23:53:47'),
(814, 693, 8, 2, 1, '174.00', '2019-03-07 14:23:33', '2019-03-10 16:14:40'),
(815, 694, 16, 2, 1, '285.00', '2019-03-08 16:02:53', '2019-03-08 16:02:53'),
(816, 695, 4, 2, 1, '178.00', '2019-03-08 18:48:58', '2019-03-10 23:34:13'),
(818, 696, 2, 1, 1, '509.00', '2019-03-10 23:32:40', '2019-03-10 23:34:08'),
(819, 697, 1, 1, 1, '2000.00', '2019-03-11 00:06:38', '2019-03-11 00:06:38'),
(820, 698, 1, 1, 1, '0.00', '2019-03-11 00:07:08', '2019-03-11 00:07:08'),
(821, 699, 1, 1, 1, '69.00', '2019-03-11 01:00:43', '2019-03-11 01:00:43');

-- --------------------------------------------------------

--
-- Estructura de tabla para la tabla `pagos`
--

CREATE TABLE `pagos` (
  `id` int(10) UNSIGNED NOT NULL,
  `idTipoPago` int(10) UNSIGNED NOT NULL,
  `idCliente` int(10) UNSIGNED NOT NULL,
  `banco` varchar(255) COLLATE utf8_unicode_ci NOT NULL,
  `numero_referencia` varchar(255) COLLATE utf8_unicode_ci NOT NULL,
  `monto_pago` decimal(13,2) NOT NULL,
  `descripcion` varchar(255) COLLATE utf8_unicode_ci NOT NULL,
  `created_at` timestamp NULL DEFAULT NULL,
  `updated_at` timestamp NULL DEFAULT NULL
) ENGINE=InnoDB DEFAULT CHARSET=utf8 COLLATE=utf8_unicode_ci;

--
-- Volcado de datos para la tabla `pagos`
--

INSERT INTO `pagos` (`id`, `idTipoPago`, `idCliente`, `banco`, `numero_referencia`, `monto_pago`, `descripcion`, `created_at`, `updated_at`) VALUES
(1, 3, 4, 'N/A', 'N/A', '297.46', 'N/A', '2017-05-29 00:38:29', '2017-05-29 00:38:29'),
(2, 1, 6, 'N/A', 'N/A', '4557.13', 'N/A', '2017-06-11 04:00:00', '2017-06-11 16:08:35'),
(3, 1, 2, 'N/A', 'N/A', '6124.68', 'N/A', '2017-06-11 04:00:00', '2017-06-11 16:09:57'),
(4, 1, 3, 'N/A', 'N/A', '4255.39', 'N/A', '2017-06-11 04:00:00', '2017-06-11 16:11:34'),
(5, 1, 1, 'N/A', 'N/A', '27322.45', 'N/A', '2017-06-11 04:00:00', '2017-06-11 16:14:56'),
(6, 1, 8, 'N/A', 'N/A', '1423.10', 'N/A', '2017-06-11 04:00:00', '2017-06-11 16:43:36'),
(7, 1, 7, 'N/A', 'N/A', '1033.62', 'N/A', '2017-06-11 04:00:00', '2017-06-11 16:44:32'),
(8, 1, 4, 'N/A', 'N/A', '4994.76', 'N/A', '2017-06-11 04:00:00', '2017-06-11 16:45:16'),
(9, 1, 9, 'N/A', 'N/A', '492.20', 'N/A', '2017-06-11 04:00:00', '2017-06-11 16:46:24'),
(10, 1, 3, 'banistmo', '019269', '2298.36', 'N/A', '2017-06-09 04:00:00', '2017-06-12 02:04:32'),
(11, 3, 1, 'banco general', '7319', '5148.84', 'N/A', '2017-06-22 22:36:56', '2017-06-22 22:36:56'),
(12, 1, 6, 'banco general', '071481', '1016.50', 'N/A', '2017-06-16 03:00:00', '2017-07-02 23:23:55'),
(13, 3, 1, 'banco general', '7319', '690.15', 'N/A', '2017-07-02 23:50:00', '2017-07-02 23:50:00'),
(14, 1, 4, 'banistmo', '28762/28774', '5443.04', 'N/A', '2017-06-22 03:00:00', '2017-07-03 01:20:17'),
(15, 1, 3, 'banistmo', '019351', '3948.30', 'N/A', '2017-07-04 03:00:00', '2017-07-09 22:24:09'),
(16, 1, 4, 'N/A', '011113', '1990.20', 'N/A', '2017-07-13 03:00:00', '2017-07-14 00:24:23'),
(17, 1, 3, 'banistmo', '019352', '3612.32', 'N/A', '2017-07-18 03:00:00', '2017-07-30 17:32:09'),
(18, 1, 6, 'Global Bank', '005174', '214.00', 'N/A', '2017-07-21 03:00:00', '2017-08-06 21:46:21'),
(19, 2, 12, 'N/A', 'N/A', '823.00', 'Pago Recibido en efectivo', '2017-07-30 03:00:00', '2017-08-06 22:36:28'),
(20, 3, 1, 'general', '0877', '1951.68', 'N/A', '2017-08-06 23:00:00', '2017-08-06 23:00:00'),
(22, 1, 6, 'banco general', '071939', '3486.06', 'N/A', '2017-08-04 03:00:00', '2017-08-10 00:29:22'),
(23, 1, 2, 'Global Bank', '004587', '2493.10', 'N/A', '2017-08-04 03:00:00', '2017-08-13 14:45:48'),
(25, 3, 1, 'N/A', '82100727', '5020.44', 'N/A', '2017-08-27 20:08:52', '2017-08-27 20:08:52'),
(26, 1, 6, 'banco general', '5225', '3811.34', 'N/A', '2017-08-27 03:00:00', '2017-08-27 20:11:20'),
(27, 3, 4, 'N/A', 'N/A', '819.62', 'N/A', '2017-08-27 20:11:59', '2017-08-27 20:11:59'),
(28, 1, 6, 'banco general', '72049', '1714.14', 'N/A', '2017-08-27 03:00:00', '2017-08-27 20:12:47'),
(31, 1, 6, 'banco general', '0000', '1570.76', 'N/A', '2017-07-14 03:00:00', '2017-09-15 01:57:58'),
(33, 1, 3, 'banistmo', '19534', '2475.98', 'N/A', '2017-09-18 03:00:00', '2017-09-18 23:19:01'),
(34, 3, 4, 'N/A', 'N/A', '342.40', 'N/A', '2017-09-18 23:28:57', '2017-09-18 23:28:57'),
(35, 1, 6, 'banco general', '5282', '952.30', 'N/A', '2017-09-18 03:00:00', '2017-09-18 23:34:46'),
(36, 1, 6, 'banco general', '5282', '952.30', 'N/A', '2017-09-18 03:00:00', '2017-09-18 23:34:47'),
(38, 1, 2, 'X', 'X', '227.60', 'N/A', '2017-09-24 03:00:00', '2017-09-24 19:57:24'),
(39, 3, 1, 'Banco general', '1827127027', '4403.05', 'N/A', '2017-09-25 18:44:17', '2017-09-25 18:44:17'),
(40, 3, 1, 'banco general', '24838', '5051.47', 'N/A', '2017-10-26 00:42:02', '2017-10-26 00:42:02'),
(41, 1, 3, 'banistmo', '19643', '3015.24', 'N/A', '2017-10-10 03:00:00', '2017-10-26 00:47:23'),
(42, 1, 2, 'x', '4658', '2352.17', 'N/A', '2017-08-24 03:00:00', '2017-10-26 01:05:20'),
(46, 1, 3, 'banistmo', '19731', '3548.12', 'N/A', '2017-04-12 03:00:00', '2017-12-04 10:23:38'),
(47, 1, 6, 'banco general', 'X', '666.61', 'N/A', '2017-10-26 03:00:00', '2017-12-04 10:50:24'),
(50, 3, 1, 'banco general', '1831088369', '5186.29', 'N/A', '2017-12-20 21:42:05', '2017-12-20 21:42:05'),
(55, 1, 2, 'X', '4658', '263.98', 'N/A', '2017-08-24 03:00:00', '2018-01-05 14:22:31'),
(56, 1, 2, 'BANCO PANAMA', '85', '2734.16', 'N/A', '2017-10-26 03:00:00', '2018-01-05 14:24:45'),
(57, 1, 2, 'BANCO PANAMA', '85', '318.55', 'N/A', '2017-10-26 03:00:00', '2018-01-05 14:25:35'),
(58, 1, 2, 'banco panama', '98', '3579.89', 'N/A', '2017-12-18 03:00:00', '2018-01-05 14:27:44'),
(59, 1, 2, 'banco panama', '98', '87.31', 'N/A', '2017-12-15 03:00:00', '2018-01-05 14:28:43'),
(66, 1, 3, 'banistmo', '19862', '2058.68', 'N/A', '2018-01-10 03:00:00', '2018-01-11 01:26:10'),
(67, 3, 4, 'banistmo', 'x', '297.46', 'N/A', '2018-01-17 15:35:40', '2018-01-17 15:35:40'),
(68, 3, 1, 'N/A', 'N/A', '4038.18', 'N/A', '2018-01-23 00:14:43', '2018-01-23 00:14:43'),
(69, 1, 2, 'banco general', '843', '180.19', 'N/A', '2018-01-23 03:00:00', '2018-01-23 20:34:48'),
(78, 1, 2, 'BANCO PANAMA', '843', '1820.40', 'N/A', '2018-01-23 03:00:00', '2018-02-04 19:22:48'),
(81, 3, 1, 'banco general', '1505892352', '5063.24', 'N/A', '2018-02-14 15:26:43', '2018-02-14 15:26:43'),
(84, 3, 9, 'N/A', '33135', '117.70', 'N/A', '2018-02-14 15:58:35', '2018-02-14 15:58:35'),
(85, 2, 8, 'N/A', 'N/A', '400.00', 'Pago Recibido en efectivo', '2018-01-30 03:00:00', '2018-02-14 16:02:45'),
(87, 1, 14, 'banco general', 'x', '276.06', 'N/A', '2018-02-16 03:00:00', '2018-02-21 01:04:56'),
(89, 2, 13, 'N/A', 'N/A', '1330.00', 'Pago Recibido en efectivo', '2018-02-14 03:00:00', '2018-02-23 00:44:08'),
(93, 2, 15, 'N/A', 'N/A', '95.00', 'Pago Recibido en efectivo', '2018-02-21 03:00:00', '2018-03-03 16:39:07'),
(94, 1, 3, 'banistmo', '19990', '2954.27', 'N/A', '2018-03-05 03:00:00', '2018-03-05 23:46:14'),
(95, 3, 4, 'N/A', 'N/A', '3721.46', 'N/A', '2018-03-05 23:47:52', '2018-03-05 23:47:52'),
(96, 3, 16, 'banco general', '69520049', '668.86', 'N/A', '2018-03-05 23:49:53', '2018-03-05 23:49:53'),
(97, 2, 8, 'N/A', 'N/A', '200.00', 'Pago Recibido en efectivo', '2018-03-09 03:00:00', '2018-03-09 22:41:38'),
(98, 3, 1, 'banco general', '0229', '6402.88', 'N/A', '2018-03-09 22:43:55', '2018-03-09 22:43:55'),
(99, 1, 2, 'Global Bank', '4732', '3500.00', 'N/A', '2018-03-21 03:00:00', '2018-03-22 09:23:01'),
(100, 3, 1, 'N/A', 'N/A', '5136.00', 'N/A', '2018-03-25 15:29:30', '2018-03-25 15:29:30'),
(101, 1, 16, 'banco general', '487', '90.95', 'N/A', '2018-03-24 03:00:00', '2018-03-25 15:40:13'),
(102, 1, 16, 'banco general', '488', '299.17', 'N/A', '2018-03-24 03:00:00', '2018-03-25 15:44:29'),
(103, 3, 8, 'Banco general', '31581', '105.00', 'N/A', '2018-04-03 13:31:45', '2018-04-03 13:31:45'),
(105, 3, 17, 'credicorp bank', 'N/A', '230.05', 'N/A', '2018-04-06 20:47:39', '2018-04-06 20:47:39'),
(106, 3, 16, 'banco general', '37204', '190.46', 'N/A', '2018-04-06 20:51:29', '2018-04-06 20:51:29'),
(107, 2, 8, 'N/A', 'N/A', '160.00', 'Pago Recibido en efectivo', '2017-04-08 03:00:00', '2018-04-10 21:36:53'),
(108, 3, 1, 'banco general', '946419697', '7122.99', 'N/A', '2018-04-11 20:54:18', '2018-04-11 20:54:18'),
(109, 2, 8, 'N/A', 'N/A', '150.00', 'Pago Recibido en efectivo', '2018-04-18 03:00:00', '2018-04-19 09:33:47'),
(111, 1, 2, 'Global Bank', '4820', '3406.52', 'N/A', '2018-04-23 03:00:00', '2018-04-24 00:25:50'),
(112, 1, 3, 'banistmo', '20194', '2496.98', 'N/A', '2018-04-24 03:00:00', '2018-05-01 10:13:16'),
(113, 3, 16, 'banco general', '87400', '95.23', 'N/A', '2018-05-06 14:35:00', '2018-05-06 14:35:00'),
(114, 3, 16, 'banco general', '34123', '95.23', 'N/A', '2018-05-06 14:37:22', '2018-05-06 14:37:22'),
(115, 3, 16, 'banco general', '33279', '95.23', 'N/A', '2018-05-06 14:38:40', '2018-05-06 14:38:40'),
(116, 3, 4, 'banistmo', '820', '1743.03', 'N/A', '2018-05-06 15:09:10', '2018-05-06 15:09:10'),
(117, 3, 4, 'banistmo', '0000113053', '1897.11', 'N/A', '2018-05-14 00:08:30', '2018-05-14 00:08:30'),
(118, 3, 6, 'n/c', '394407456', '383.06', 'N/A', '2018-05-14 00:10:19', '2018-05-14 00:10:19'),
(119, 3, 1, 'banco general', '33341', '10135.04', 'N/A', '2018-05-17 17:36:42', '2018-05-17 17:36:42'),
(120, 3, 10, 'banco general', 'N/A', '1016.50', 'N/A', '2018-05-19 20:02:30', '2018-05-19 20:02:30'),
(121, 3, 1, 'banco general', '16633', '10152.16', 'N/A', '2018-05-27 17:43:19', '2018-05-27 17:43:19'),
(122, 4, 11, 'N/A', 'N/A', '493.50', 'paypal', '2018-05-27 17:56:16', '2018-05-27 17:56:16'),
(123, 2, 8, 'N/A', 'N/A', '150.00', 'Pago Recibido en efectivo', '2018-05-31 03:00:00', '2018-05-31 11:57:38'),
(125, 1, 3, 'banistmo', '20195', '2236.30', 'N/A', '2018-05-30 03:00:00', '2018-05-31 20:48:56'),
(126, 4, 13, 'N/A', 'N/A', '165.00', 'paypal', '2018-05-31 23:43:11', '2018-05-31 23:43:11'),
(127, 4, 13, 'N/A', 'N/A', '556.50', 'paypal', '2018-05-31 23:45:15', '2018-05-31 23:45:15'),
(128, 3, 16, 'banco general', '15091', '95.23', 'N/A', '2018-06-01 00:47:27', '2018-06-01 00:47:27'),
(129, 3, 16, 'banco general', '13287', '190.46', 'N/A', '2018-06-01 00:48:23', '2018-06-01 00:48:23'),
(130, 1, 19, 'x', 'X', '192.60', 'N/A', '2018-05-30 03:00:00', '2018-06-04 00:09:52'),
(131, 3, 1, 'banco general', '72496', '6882.24', 'N/A', '2018-06-09 11:14:51', '2018-06-09 11:14:51'),
(132, 1, 6, 'banco general', '77134', '315.65', 'N/A', '2018-06-13 03:00:00', '2018-06-13 22:49:05'),
(133, 1, 6, 'banco general', '77341', '282.48', 'N/A', '2018-06-13 03:00:00', '2018-06-13 22:54:16'),
(134, 3, 16, 'banco general', '31224', '295.00', 'N/A', '2018-06-13 23:00:05', '2018-06-13 23:00:05'),
(135, 2, 8, 'N/A', 'N/A', '225.00', 'Pago Recibido en efectivo', '2018-06-15 03:00:00', '2018-06-15 22:30:55'),
(136, 1, 2, 'banco general', '1126', '3288.54', 'N/A', '2018-06-29 03:00:00', '2018-07-02 10:20:03'),
(137, 1, 6, 'Metro bank', '1026', '2086.50', 'N/A', '2018-07-02 03:00:00', '2018-07-02 17:38:57'),
(138, 1, 6, 'Global bank', '5653', '704.06', 'N/A', '2018-07-02 03:00:00', '2018-07-02 17:40:36'),
(139, 3, 4, 'banistmo', '282221', '2260.91', 'N/A', '2018-07-05 00:41:32', '2018-07-05 00:41:32'),
(140, 3, 1, 'banco general', '14775', '9083.23', 'N/A', '2018-07-05 00:51:03', '2018-07-05 00:51:03'),
(141, 3, 1, 'banco general', '6453', '5379.96', 'N/A', '2018-07-19 01:13:49', '2018-07-19 01:13:49'),
(142, 3, 4, 'banistmo', 'x', '532.86', 'N/A', '2018-07-25 01:16:27', '2018-07-25 01:16:27'),
(143, 2, 8, 'N/A', 'N/A', '299.18', 'Pago Recibido en efectivo', '2018-07-25 03:00:00', '2018-07-25 22:18:15'),
(144, 3, 16, 'banco general', 'N/A', '296.28', 'N/A', '2018-07-25 22:27:02', '2018-07-25 22:27:02'),
(146, 1, 3, 'banistmo', '20350', '2504.87', 'N/A', '2018-07-25 03:00:00', '2018-07-25 22:39:47'),
(147, 3, 16, 'banco general', '32814', '224.38', 'N/A', '2018-08-02 10:51:39', '2018-08-02 10:51:39'),
(148, 2, 8, 'N/A', 'N/A', '235.00', 'Pago Recibido en efectivo', '2018-08-07 03:00:00', '2018-08-09 22:18:34'),
(149, 2, 8, 'N/A', 'N/A', '105.00', 'Pago Recibido en efectivo', '2018-08-09 03:00:00', '2018-08-09 23:17:12'),
(150, 3, 1, 'Banco general', 'N/A', '5136.00', 'N/A', '2018-08-31 21:34:32', '2018-08-31 21:34:32'),
(151, 1, 2, 'N/A', 'N/A', '2462.07', 'N/A', '2018-08-31 03:00:00', '2018-09-09 20:24:12'),
(152, 1, 3, 'banistmo', 'N/A', '2524.13', 'N/A', '2018-09-05 03:00:00', '2018-09-09 20:27:09'),
(153, 3, 4, 'N/A', '597940', '904.15', 'N/A', '2018-09-09 20:51:56', '2018-09-09 20:51:56'),
(154, 3, 16, 'N/A', '26391', '101.65', 'N/A', '2018-09-09 20:54:00', '2018-09-09 20:54:00'),
(155, 3, 16, 'N/A', '14646', '101.65', 'N/A', '2018-09-09 20:55:12', '2018-09-09 20:55:12'),
(157, 3, 4, 'N/A', '230668', '2821.59', 'N/A', '2018-10-02 08:43:28', '2018-10-02 08:43:28'),
(158, 3, 16, 'banco general', 'n/a', '152.48', 'N/A', '2018-10-02 10:38:08', '2018-10-02 10:38:08'),
(159, 3, 16, 'banco general', 'n/a', '152.47', 'N/A', '2018-10-02 10:39:22', '2018-10-02 10:39:22'),
(160, 3, 16, 'banco general', 'n/a', '149.59', 'N/A', '2018-10-02 10:41:08', '2018-10-02 10:41:08'),
(161, 2, 8, 'N/A', 'N/A', '400.00', 'Pago Recibido en efectivo', '2018-10-02 03:00:00', '2018-10-02 21:15:06'),
(162, 2, 8, 'N/A', 'N/A', '225.00', 'Pago Recibido en efectivo', '2018-10-09 03:00:00', '2018-10-09 21:08:47'),
(163, 3, 1, 'N/A', '36703', '5613.22', 'N/A', '2018-10-10 09:35:00', '2018-10-10 09:35:00'),
(164, 3, 1, 'banco general', '8514', '6213.49', 'N/A', '2018-10-10 09:39:15', '2018-10-10 09:39:15'),
(165, 3, 1, 'banco general', '5094', '4409.47', 'N/A', '2018-10-10 09:40:31', '2018-10-10 09:40:31'),
(166, 3, 16, 'banco general', 'n/a', '149.59', 'N/A', '2018-10-10 23:38:55', '2018-10-10 23:38:55'),
(167, 3, 16, 'banco general', 'n/a', '203.30', 'N/A', '2018-10-10 23:43:24', '2018-10-10 23:43:24'),
(168, 3, 16, 'banco general', '68133', '149.58', 'N/A', '2018-10-10 23:44:45', '2018-10-10 23:44:45'),
(169, 4, 11, 'N/A', 'N/A', '518.20', 'paypal', '2018-10-14 18:12:44', '2018-10-14 18:12:44'),
(170, 2, 8, 'N/A', 'N/A', '75.00', 'Pago Recibido en efectivo', '2018-10-21 03:00:00', '2018-10-25 13:18:38'),
(171, 1, 3, 'banistmo', '20612', '2610.13', 'N/A', '2018-10-25 03:00:00', '2018-10-25 22:47:07'),
(172, 2, 21, 'N/A', 'N/A', '171.20', 'Pago Recibido en efectivo', '2018-11-05 03:00:00', '2018-11-05 17:07:41'),
(173, 3, 16, 'banco general', '18743', '149.59', 'N/A', '2018-11-05 20:23:52', '2018-11-05 20:23:52'),
(174, 3, 16, 'banco general', '38546', '74.79', 'N/A', '2018-11-05 20:24:51', '2018-11-05 20:24:51'),
(175, 1, 6, 'Global Bank', '5928', '191.53', 'N/A', '2018-09-28 03:00:00', '2018-11-05 22:53:32'),
(176, 1, 2, 'banco general', 'N/A', '2888.79', 'N/A', '2018-11-13 03:00:00', '2018-11-13 22:59:20'),
(177, 3, 1, 'banco general', '74921', '8447.37', 'N/A', '2018-11-18 23:59:25', '2018-11-18 23:59:25'),
(178, 3, 8, 'banco general', '6452', '150.00', 'N/A', '2018-11-23 23:37:42', '2018-11-23 23:37:42'),
(179, 2, 7, 'N/A', 'N/A', '299.17', 'Pago Recibido en efectivo', '2018-11-24 03:00:00', '2018-11-25 21:41:21'),
(180, 3, 16, 'banco general', '14575', '136.42', 'N/A', '2018-11-25 21:42:52', '2018-11-25 21:42:52'),
(181, 1, 6, 'banco general', '078695', '214.00', 'N/A', '2018-12-05 03:00:00', '2018-12-05 18:46:53'),
(182, 3, 16, 'banco general', '4763840', '136.43', 'N/A', '2018-12-05 19:10:52', '2018-12-05 19:10:52'),
(183, 3, 16, 'banco general', '76080148', '149.58', 'N/A', '2018-12-05 19:11:57', '2018-12-05 19:11:57'),
(184, 3, 16, 'Banco general', '6500', '149.59', 'N/A', '2018-12-14 00:49:42', '2018-12-14 00:49:42'),
(186, 3, 16, 'Banco general', '6072', '133.23', 'N/A', '2018-12-14 00:51:50', '2018-12-14 00:51:50'),
(187, 1, 6, 'Global Bank', '006093', '6313.00', 'N/A', '2019-01-07 03:00:00', '2019-01-07 23:58:57'),
(188, 1, 6, 'banco general', '078990', '240.75', 'N/A', '2019-01-07 03:00:00', '2019-01-08 00:00:23'),
(189, 1, 1, 'banco general', 'N/A', '3870.00', 'N/A', '2018-10-27 03:00:00', '2019-01-08 01:45:52'),
(190, 3, 1, 'banco general', '23391', '5927.80', 'N/A', '2019-01-08 01:49:57', '2019-01-08 01:49:57'),
(191, 3, 1, 'banco general', '244', '9933.00', 'N/A', '2019-01-11 00:55:56', '2019-01-11 00:55:56'),
(192, 3, 1, 'banco general', '31', '7931.12', 'N/A', '2019-01-13 17:00:35', '2019-01-13 17:00:35'),
(193, 3, 4, 'N/A', '233730', '357.38', 'N/A', '2019-01-17 11:42:50', '2019-01-17 11:42:50'),
(194, 1, 6, 'Banco general', '079065', '422.65', 'N/A', '2019-01-18 03:00:00', '2019-01-18 11:49:08'),
(195, 3, 16, 'banco general', '85159', '133.20', 'N/A', '2019-01-23 13:14:38', '2019-01-23 13:14:38'),
(196, 3, 16, 'banco general', '34847', '304.95', 'N/A', '2019-01-23 13:15:42', '2019-01-23 13:15:42'),
(201, 2, 22, 'N/A', 'N/A', '181.90', 'Pago Recibido en efectivo', '2019-01-27 00:00:00', '2019-01-27 15:42:34'),
(202, 1, 2, 'N/A', '1', '3879.92', 'N/A', '2018-12-19 00:00:00', '2019-01-27 16:03:38'),
(203, 1, 2, 'N/A', '1', '864.56', 'N/A', '2018-12-19 00:00:00', '2019-01-27 16:04:15'),
(204, 1, 3, 'banistmo', 'N/A', '2996.00', 'N/A', '2019-01-23 00:00:00', '2019-01-27 18:54:19'),
(205, 2, 8, 'N/A', 'N/A', '94.00', 'Pago Recibido en efectivo', '2019-01-31 03:00:00', '2019-01-31 23:23:03'),
(209, 1, 2, 'banco general', '1399', '4000.00', 'N/A', '2019-02-06 03:00:00', '2019-02-07 23:56:53'),
(211, 2, 8, 'N/A', 'N/A', '100.00', 'Pago Recibido en efectivo', '2019-02-07 03:00:00', '2019-02-07 23:59:35'),
(212, 3, 1, 'banco general', 'n/a', '6319.42', 'N/A', '2019-02-06 03:00:00', '2019-02-08 22:05:17'),
(213, 2, 14, 'N/A', 'N/A', '62.06', 'Pago Recibido en efectivo', '2019-02-09 03:00:00', '2019-02-09 18:04:37'),
(215, 1, 6, 'banco general', '079214', '781.10', 'N/A', '2019-02-12 03:00:00', '2019-02-12 19:12:31'),
(216, 1, 6, 'banco general', '079341', '107.00', 'N/A', '2019-02-12 03:00:00', '2019-02-12 19:13:41'),
(217, 1, 6, 'banco general', '079153', '160.50', 'N/A', '2019-02-12 03:00:00', '2019-02-12 19:14:48'),
(218, 1, 24, 'banistmo', '359', '224.38', 'N/A', '2019-02-12 03:00:00', '2019-02-12 19:47:39'),
(219, 3, 16, 'banco general', '67775', '304.95', 'N/A', '2019-02-04 03:00:00', '2019-02-12 19:53:37'),
(220, 3, 16, 'banco general', '7750', '240.54', 'N/A', '2019-02-07 03:00:00', '2019-02-12 19:54:47'),
(221, 3, 16, 'banco general', '7752', '304.95', 'N/A', '2019-02-07 03:00:00', '2019-02-12 19:55:45'),
(222, 3, 16, 'banco general', '7754', '74.79', 'N/A', '2019-02-07 03:00:00', '2019-02-12 19:56:48'),
(223, 3, 4, 'banistmo', '485338', '168.53', 'N/A', '2019-02-01 03:00:00', '2019-02-12 19:57:58'),
(224, 3, 1, 'banco general', '3843', '8569.63', 'N/A', '2019-02-11 03:00:00', '2019-02-12 20:02:11'),
(225, 3, 1, 'banco general', 'n/a', '4008.22', 'N/A', '2019-02-19 03:00:00', '2019-02-20 16:35:18'),
(226, 3, 1, 'banco general', 'n/a', '8560.00', 'N/A', '2019-02-22 03:00:00', '2019-02-26 15:14:34'),
(227, 3, 4, 'banco general', 'n/a', '3045.22', 'N/A', '2019-02-22 03:00:00', '2019-02-26 15:18:31'),
(232, 5, 6, 'N/A', 'N.C #1', '53.50', 'Pago automatizado por Nota de Credito #1', '2019-03-10 16:09:27', '2019-03-10 16:09:27'),
(233, 2, 2, 'N/A', 'N/A', '2112.00', 'Pago Recibido en efectivo', '2019-03-10 05:00:00', '2019-03-10 23:34:55'),
(234, 2, 2, 'N/A', 'N/A', '600.00', 'Pago Recibido en efectivo', '2019-03-10 05:00:00', '2019-03-10 23:40:56'),
(235, 2, 1, 'N/A', 'N/A', '700.00', 'Pago Recibido en efectivo', '2019-03-10 05:00:00', '2019-03-10 23:42:57'),
(236, 1, 2, 'asasdasd', 'asdasd', '21213.00', 'N/A', '2019-03-10 05:00:00', '2019-03-10 23:43:34'),
(237, 2, 1, 'N/A', 'N/A', '500.00', 'Pago Recibido en efectivo', '2019-03-10 05:00:00', '2019-03-10 23:54:47');

-- --------------------------------------------------------

--
-- Estructura de tabla para la tabla `password_resets`
--

CREATE TABLE `password_resets` (
  `email` varchar(255) COLLATE utf8_unicode_ci NOT NULL,
  `token` varchar(255) COLLATE utf8_unicode_ci NOT NULL,
  `created_at` timestamp NULL DEFAULT NULL
) ENGINE=InnoDB DEFAULT CHARSET=utf8 COLLATE=utf8_unicode_ci;

-- --------------------------------------------------------

--
-- Estructura de tabla para la tabla `permissions`
--

CREATE TABLE `permissions` (
  `id` int(10) UNSIGNED NOT NULL,
  `name` varchar(191) COLLATE utf8mb4_unicode_ci NOT NULL,
  `guard_name` varchar(191) COLLATE utf8mb4_unicode_ci NOT NULL,
  `created_at` timestamp NULL DEFAULT NULL,
  `updated_at` timestamp NULL DEFAULT NULL
) ENGINE=InnoDB DEFAULT CHARSET=utf8mb4 COLLATE=utf8mb4_unicode_ci;

-- --------------------------------------------------------

--
-- Estructura de tabla para la tabla `productos`
--

CREATE TABLE `productos` (
  `id` int(10) UNSIGNED NOT NULL,
  `idCategoria` int(10) UNSIGNED DEFAULT NULL,
  `codigo` varchar(255) COLLATE utf8_unicode_ci NOT NULL,
  `descripcion` varchar(255) COLLATE utf8_unicode_ci NOT NULL,
  `medidas` varchar(255) COLLATE utf8_unicode_ci NOT NULL,
  `precio` decimal(13,2) NOT NULL,
  `precio_costo` decimal(13,2) NOT NULL,
  `cantidad` decimal(13,2) NOT NULL,
  `created_at` timestamp NULL DEFAULT NULL,
  `updated_at` timestamp NULL DEFAULT NULL
) ENGINE=InnoDB DEFAULT CHARSET=utf8 COLLATE=utf8_unicode_ci;

--
-- Volcado de datos para la tabla `productos`
--

INSERT INTO `productos` (`id`, `idCategoria`, `codigo`, `descripcion`, `medidas`, `precio`, `precio_costo`, `cantidad`, `created_at`, `updated_at`) VALUES
(1, 1, 'GS5138GW', 'Banner Plus Brillante respaldo Blanco 500Dx500D 13Oz', '2.50m x 50m', '129.00', '85.74', '0.00', NULL, '2019-02-18 01:26:13'),
(2, 1, 'GS5131GW', 'Banner Plus Brillante resp Blanco 500Dx500D 13Oz', '3.20m X 50m', '163.00', '109.68', '0.00', NULL, '2019-02-26 20:11:44'),
(3, 1, 'GS3614M', 'Fotografico Roll Up Banner Plus respaldo Gris', '0.914m x 50m', '69.00', '69.00', '15.00', NULL, '2019-03-11 01:00:43'),
(4, 2, 'GS5414G', 'Vinil Autoadhesivo brillante respaldo GRIS', '1.37m x 50m', '89.00', '89.00', '0.00', NULL, '2017-08-20 13:45:27'),
(5, 2, 'GS6014G', 'Vinil Autoadhesivo brillante respaldo GRIS', '1.52m x 50m', '95.00', '95.00', '0.00', NULL, '2018-06-04 19:43:02'),
(6, 2, 'GS5420M', 'Vinil Autoadhesivo Mate respaldo BLANCO', '1.37m x 50m', '83.00', '48.37', '0.00', NULL, '2018-12-05 16:20:45'),
(7, 2, 'GS6020M', 'Vinil Autoadhesivo Mate respaldo BLANCO', '1.52m x 50m', '89.00', '54.73', '0.00', NULL, '2018-11-01 11:02:49'),
(8, 2, 'GS5418G', 'Vinil Autoadhesivo brillante respaldo NEGRO', '1.37m x 50m', '89.00', '89.00', '0.00', NULL, '2017-08-06 13:16:15'),
(9, 3, 'GS4852W', 'Foam Board blanco 5mm papel 120gr (20 unidades)', '1.22m x 2.44m', '160.00', '89.79', '0.00', NULL, '2018-12-04 18:54:00'),
(17, 6, 'BROCA-4122-10', 'Broca de tungsteno 1 Flauta, 10 unidades\r\n', '4x22mm', '300.00', '300.00', '0.00', NULL, '2017-07-15 13:06:19'),
(18, 1, 'GS1138MW', 'Banner Plus Mate respaldo Blanco 1000Dx1000D 13Oz\r\n', '2.50m x 50m', '129.00', '93.67', '0.00', NULL, '2018-09-09 19:35:39'),
(19, 1, 'GS1131MW', 'Banner Plus Mate respaldo Blanco 1000Dx1000D 13Oz\r\n', '3.20m x50m', '168.00', '119.88', '0.00', NULL, '2018-09-06 17:28:34'),
(20, 14, 'GS5131MB', 'Banner Plus Mate respaldo Negro 500DX500D 13Oz', '3.20m x 50m', '163.00', '109.68', '0.00', NULL, '2019-02-25 21:35:38'),
(21, 1, 'GS5138MB', 'Banner Plus Mate respaldo Negro 500DX500D 13Oz', '2.50m x 50m', '129.00', '89.75', '0.00', NULL, '2019-02-25 21:35:38'),
(22, 12, 'GS25MSHL', 'MESH 1000X1000 13X13 270GSM\r\n', '2.50m x 50m', '215.00', '110.79', '0.00', NULL, '2019-02-26 11:37:59'),
(23, 2, 'GS5414M', 'Vinil Autoadhesivo Mate respaldo GRIS', '1.37m x 50m', '89.00', '89.00', '6.00', NULL, '2019-03-10 23:32:40'),
(24, 2, 'GS6014M', 'Vinil Autoadhesivo Mate respaldo GRIS', '1.52m x 50m', '95.00', '58.30', '0.00', NULL, '2019-03-08 16:02:53'),
(25, 7, 'NB-1.2-62', 'Mill motor for NB-2516VM', '62mm', '1800.00', '1800.00', '0.00', NULL, '2017-11-11 15:16:45'),
(26, 4, 'BERK-9-150', 'BERKSHIRE WIPES LINT FREE 9X9\"  150 shts\r\n', '9x9', '58.00', '58.00', '10.00', NULL, '2019-03-09 18:29:45'),
(27, 4, 'EFI-45080375', 'INK FILTER (EFI-WF 22-0034)\r\n', '6 micrones', '8.40', '7.50', '0.00', NULL, '2018-11-25 16:05:52'),
(29, 7, 'EFI-45098472U', 'KIT QS JET ELECTRICAL REPAIR (USADO)', '0', '295.00', '295.00', '0.00', NULL, '2018-06-15 00:51:04'),
(30, 2, 'GS5418M	', 'Vinil Autoadhesivo Mate respaldo NEGRO', '1.37m x 50m', '89.00', '89.00', '0.00', NULL, '2017-08-20 13:45:48'),
(32, 8, 'SERV-GEN', 'HORA DE SERVICIO TECNICO ', 'N/A', '50.00', '50.00', '159.00', NULL, '2019-03-10 23:32:14'),
(33, 6, 'BROCA-4222-10', 'Broca de tungsteno 2 Flauta, 10 unidades', '4x22mm', '300.00', '300.00', '0.00', NULL, '2017-07-15 13:06:30'),
(34, 3, 'BROCA-6132-10', 'Broca de tungsteno 1 Flauta, 10 unidades', '6X32mm', '320.00', '320.00', '0.00', NULL, NULL),
(35, 3, 'BROCA-6232-10', 'Broca de tungsteno 2 Flauta, 10 unidades', '6x32mm', '320.00', '320.00', '0.00', NULL, NULL),
(36, 7, 'Rep-GEN', 'Kit de Transistores J535, C4131 y fusibles 3.5A', '0', '300.00', '300.00', '0.00', NULL, '2017-05-29 00:47:32'),
(37, 7, 'EFI-45093264', 'GS Series Compliance Chamber W/Quick Release Connector', '0', '420.00', '300.00', '1.00', NULL, '2019-03-10 23:32:40'),
(38, 12, 'GS32MSHLP', 'MESH PREMIUM 1000x1000D 18x18 280GSM', '3.20mX50m', '271.50', '181.08', '0.00', '2017-05-29 00:49:58', '2019-03-01 14:52:46'),
(39, 1, 'GS1138GW', 'Banner Plus Brillante resp Blanco 1000Dx1000D 13Oz', '2.50mx50m', '129.00', '93.67', '0.00', '2017-05-29 01:00:08', '2018-07-29 10:05:46'),
(40, 1, 'GS1131GW', 'Banner Plus Brillante resp Blanco 1000Dx1000D 13Oz', '3.20mX50m', '168.00', '119.88', '0.00', '2017-05-29 01:00:54', '2018-09-09 19:35:30'),
(41, 1, 'GS1131MB', 'Banner Plus Mate respaldo Negro 1000Dx1000D 13Oz', '3.20mX50m', '168.00', '123.13', '0.00', '2017-05-29 01:01:52', '2018-09-04 22:49:37'),
(42, 1, 'GS1138MB', 'Banner Plus Mate respaldo Negro 1000Dx1000D 13Oz', '2.50mx50m', '129.00', '100.36', '0.00', '2017-05-29 01:02:35', '2018-09-08 11:56:54'),
(43, 7, 'P7899-A', 'SWITCH LIQ LEV L&H 13 IN LEADS', '0', '168.00', '168.00', '0.00', '2017-06-06 02:01:34', '2017-06-06 02:12:44'),
(44, 7, 'ROL-KIT-ELEC', 'Kit de transistores Roland y fusible 3.15', 'N/A', '150.00', '150.00', '0.00', '2017-06-06 02:03:25', '2017-07-07 02:32:46'),
(45, 7, 'BAT-UPS', 'BATERIA 12V UPS', '0', '30.00', '30.00', '0.00', '2017-06-09 01:34:42', '2017-06-09 01:36:21'),
(46, 3, 'GS348SW', 'SINTRA BLANCO (pvc espumoso) 3mm', '1.22x2.44m', '16.00', '16.00', '0.00', '2017-06-15 02:19:39', '2017-09-24 20:12:03'),
(47, 3, 'GS548SW', 'SINTRA BLANCO (pvc espumoso) 5mm', '1.22x2.44m', '39.00', '39.00', '0.00', '2017-06-15 02:20:42', '2017-09-24 20:12:03'),
(48, 3, 'GS1048SW', 'SINTRA BLANCO (Pvc espumoso) 10mm', '1.22x2.44m', '55.00', '55.00', '0.00', '2017-06-15 02:21:20', '2017-09-24 20:12:03'),
(49, 7, 'EFI-45089514', 'SHOCK ABSORBER MINACURE 75', 'N/A', '260.00', '260.00', '0.00', '2017-06-18 02:54:46', '2017-06-18 02:57:08'),
(54, 4, 'EFI-45086492', 'MICROLUBE GL261 ,400G CARTRIDGES.', 'N/A', '115.00', '81.25', '0.00', '2017-06-23 01:10:21', '2018-12-28 15:59:02'),
(55, 4, 'EFI-P8166-A	', 'GREASE AEROSHELL 7', 'N/A', '55.00', '55.00', '0.00', '2017-06-23 01:11:22', '2018-05-06 15:26:00'),
(56, 7, 'ROL-DATA3.3', 'CABLES DE DATOS ROLAND XJ-640/XR-640/XJ-740/ FP-740 ', '36PINx3.3mts', '80.00', '80.00', '0.00', '2017-06-23 01:27:06', '2017-07-07 02:32:30'),
(57, 7, 'EFI-CAP15', 'CAPACITOR BALASTRO 15mf VUTEK QS2000', 'N/A', '110.00', '110.00', '0.00', '2017-06-23 01:29:18', '2017-07-07 02:29:24'),
(58, 7, 'EFI-45104653', 'Fan Lamp Carriage cover, H652, Hi Temp\r\n', 'N/A', '210.00', '210.00', '0.00', '2017-07-08 18:28:21', '2017-10-10 01:36:17'),
(59, 7, 'EFI-45124207', 'Fan UV Lamp ASM, H652, Hi Temp (2 units)\r\n', 'N/A', '350.00', '350.00', '0.00', '2017-07-08 18:29:11', '2017-10-10 01:36:17'),
(64, 4, 'EFI-45087140', 'Lampara UV para EFI H65x OEM\r\n', 'N/A', '320.00', '320.00', '0.00', '2017-07-08 18:31:41', '2018-11-25 16:14:14'),
(65, 4, 'EFI-45087559', 'FILTER,BULK INK FILTER', 'N/A', '115.00', '64.68', '6.00', '2017-07-08 18:45:28', '2019-03-04 00:57:50'),
(66, 7, 'EFI-45096970', 'SWITCH,LIMIT, X-AXIS', 'N/A', '20.00', '20.00', '0.00', '2017-07-08 19:01:43', '2018-04-07 19:25:49'),
(67, 4, 'EFI-45084213', 'ANTIFREEZE COOLANT 50ML', 'N/A', '20.00', '20.00', '0.00', '2017-07-10 00:32:43', '2018-11-25 16:05:52'),
(68, 5, 'KNIFE-20-45', 'Cuchilla 45 para Foam, pvc, carton, 10 unidades', '20mm', '250.00', '0.00', '0.00', '2017-07-10 01:09:04', '2018-09-30 22:04:06'),
(69, 5, 'KNIFE-50-5', 'Cuchilla 50 mm para Foam, cartón 10 unidades\r\n', '50mm', '250.00', '0.00', '0.00', '2017-07-10 01:12:22', '2018-09-30 22:04:06'),
(70, 7, 'EFI-P0029-A	', 'FILTER 3 MICRON UV RESISTANT', 'N/A', '75.00', '75.00', '0.00', '2017-07-31 00:34:09', '2018-12-04 13:45:30'),
(71, 7, 'EFI-A60179-A', 'FILTER 4 INCH UV LAMP', 'N/A', '12.00', '12.00', '0.00', '2017-07-31 00:36:32', '2018-03-25 21:34:35'),
(72, 7, 'EFI-P7442-A', 'FILTER FAN 4 IN 5-PACK', 'N/A', '10.00', '10.00', '1.00', '2017-07-31 00:37:20', '2019-02-20 23:22:53'),
(73, 7, 'EFI-45088271', 'KIT 6\" BULB REPLACEMENT SET', 'N/A', '690.00', '690.00', '4.00', '2017-07-31 00:40:04', '2018-10-17 20:05:38'),
(74, 7, 'EFI-P7914-A', 'BELT PINTAL 3 METER', 'N/A', '280.00', '280.00', '-1.00', '2017-07-31 01:05:48', '2019-03-11 00:07:08'),
(75, 8, 'EFI-BELT-CLEAN', 'Servicio de mantenimiento a conveyor para VUTEK (X DIA)', 'N/A', '750.00', '750.00', '3.00', '2017-07-31 01:12:01', '2019-02-20 23:00:36'),
(76, 7, 'EFI-45093264-U', 'COMPLIANCE CHAMBER W/QUICK RELEASE USED', 'N/A', '250.00', '250.00', '0.00', '2017-07-31 01:44:06', '2018-10-16 21:17:42'),
(79, 7, 'EFI-45086491', 'STANDARD EASY-LUBE GREASE GUN WITH 12\" F', 'N/A', '50.00', '50.00', '0.00', '2017-08-03 13:14:40', '2017-08-13 16:15:53'),
(80, 13, 'INK-NR-C', 'BOURDEAUX FUZE ECO NR4.1 CYAN', '1 LITRO', '69.90', '47.00', '0.00', '2017-08-13 19:16:56', '2019-02-25 22:33:02'),
(81, 13, 'INK-NR-M', 'BOURDEAUX FUZE ECO NR4.1 MAGENTA', '1 LITRO', '69.90', '47.00', '0.00', '2017-08-13 19:17:55', '2019-02-25 22:33:02'),
(82, 13, 'INK-NR-LM', 'Roland Soljet FUZE ECO NR4.1 LIGHT MAGENTA', '1 LITRO', '80.00', '80.00', '0.00', '2017-08-13 19:18:46', '2018-01-14 01:51:41'),
(83, 13, 'INK-NR-Y', 'BOURDEAUX FUZE ECO NR4.1 YELLOW', '1 LITRO', '69.90', '47.00', '0.00', '2017-08-13 19:19:23', '2019-02-25 22:33:02'),
(84, 13, 'INK-NR-LC', 'Roland Soljet FUZE ECO NR4.1 LIGHT CYAN', '1 LITRO', '80.00', '80.00', '0.00', '2017-08-13 19:21:30', '2018-01-14 01:50:36'),
(85, 13, 'INK-NR-K', 'BOURDEAUX FUZE ECO NR4.1 BLACK', '1 LITRO', '69.90', '47.00', '0.00', '2017-08-13 19:22:18', '2019-02-25 22:33:02'),
(86, 13, 'INK-NR-SOLV', 'BOURDEAUX FUZE ECO NR4.1 SOLVENT', '1 LITRO', '65.90', '47.00', '6.00', '2017-08-13 19:23:45', '2019-01-27 16:19:50'),
(87, 4, 'INK-PR-C', 'Roland Pro4 FUZE ECO PR4 CYAN', '1 LITRO', '75.00', '75.00', '0.00', '2017-08-13 19:37:44', '2017-08-20 13:36:18'),
(88, 4, 'INK-PR-M', 'Roland Pro4 FUZE ECO PR4 MAGENTA', '1 LITRO', '75.00', '75.00', '0.00', '2017-08-13 19:38:28', '2017-08-20 13:35:34'),
(89, 4, 'INK-PR-Y', 'Roland Pro4 FUZE ECO PR4 YELLOW', '1 LITRO', '75.00', '75.00', '0.00', '2017-08-13 19:39:25', '2017-08-20 13:34:51'),
(90, 4, 'INK-PR-K', 'Roland Pro4 FUZE ECO PR4 BLACK', '1 LITRO', '75.00', '75.00', '0.00', '2017-08-13 19:40:06', '2017-08-20 13:37:07'),
(91, 4, 'INK-PR-SOLV', 'Roland Pro4 FUZE ECO PR4 SOLVENT', '1 LITRO', '75.00', '75.00', '0.00', '2017-08-13 19:40:47', '2017-08-20 13:35:13'),
(92, 7, 'EFI-HV-DIST', 'Higth Voltage Distributor DV206', 'N/A', '850.00', '850.00', '0.00', '2017-08-24 11:35:32', '2017-09-25 23:15:11'),
(93, 7, 'EFI-45091468', 'ASSY SOFASCO FAN, GS SERIES', 'N/A', '390.00', '390.00', '0.00', '2017-09-14 01:29:17', '2017-12-19 00:37:16'),
(94, 7, 'EFI-45087598', 'FILTER UV LAMP 158X57X3 MM', 'N/A', '3.65', '3.65', '16.00', '2017-09-15 01:14:54', '2018-11-25 16:05:52'),
(95, 1, 'Gs1138MWR', 'Banner 1000x1000 13oz', '2.50mx35m', '98.00', '98.00', '0.00', '2017-09-25 16:42:24', '2017-09-25 16:43:39'),
(96, 7, 'EFI-45083508', 'ASM PUMP WATER H650 H652', 'N/A', '615.00', '592.52', '0.00', '2017-10-05 01:06:14', '2018-11-25 16:05:52'),
(98, 7, 'NB-1.5-62', 'Mill motor for NB-2516VM 1.5Kw', '62mm', '1920.00', '1920.00', '0.00', '2017-11-11 15:10:42', '2018-09-13 01:04:38'),
(99, 7, 'NB-SEG-VK', 'Placa de seguridad para cuchilla vibratoria', 'N/A', '75.00', '75.00', '0.00', '2017-11-22 15:11:57', '2018-02-14 16:20:42'),
(100, 4, 'NB-MAT-2516', 'Manto de sacrificio para mesa de corte', 'N/A', '1050.00', '400.00', '0.00', '2018-01-04 00:32:09', '2018-07-23 11:02:04'),
(101, 7, 'EFI-45093623', 'ASSY PNUEMATICS CYLINDER', 'N/A', '1959.00', '1959.00', '0.00', '2018-01-22 23:52:16', '2018-02-03 13:15:29'),
(102, 1, 'G1138MB-33', 'Banner Plus Mate respaldo Negro 1000Dx1000D 13Oz', '2.50m x 33m', '92.00', '92.00', '0.00', '2018-02-01 15:16:36', '2018-02-01 15:17:48'),
(106, 13, 'INK-QS-C', 'PLASMA UR UV INK CYAN', '1 LITRO', '90.00', '89.00', '0.00', '2018-02-28 09:12:55', '2018-10-16 21:25:10'),
(107, 13, 'INK-QS-M', 'PLASMA UR UV INK MAGENTA', '1 LITRO', '90.00', '89.00', '0.00', '2018-02-28 09:13:23', '2018-10-16 21:25:08'),
(108, 13, 'INK-QS-Y', 'PLASMA UR UV INK YELLOW', '1 LITRO', '90.00', '89.00', '0.00', '2018-02-28 09:14:03', '2018-10-16 21:25:09'),
(109, 13, 'INK-QS-K', 'PLASMA UR UV INK BLACK', '1 LITRO', '90.00', '89.00', '0.00', '2018-02-28 09:15:10', '2018-10-16 21:25:12'),
(110, 13, 'INK-QS-LM', 'PLASMA UR UV INK LT MAGENTA', '1 LITRO', '90.00', '89.00', '0.00', '2018-02-28 09:15:53', '2018-10-16 21:24:55'),
(111, 13, 'INK-QS-LC', 'PLASMA UR UV INK LT CYAN', '1 LITRO', '90.00', '89.00', '0.00', '2018-02-28 09:16:26', '2018-10-16 21:24:36'),
(112, 13, 'INK-QS-SOLV', 'PLASMA UR UV INK SOLVENT', '1 LITRO', '82.00', '80.00', '0.00', '2018-02-28 09:17:30', '2018-10-16 21:24:43'),
(113, 13, 'INK-QS-CF', 'PLASMA IN UV FLEXIBLE INK CYAN', '1 LITRO', '85.00', '60.00', '-2.00', '2018-02-28 09:19:39', '2019-03-11 00:06:38'),
(114, 13, 'INK-QS-MF', 'PLASMA IN UV FLEXIBLE INK MAGENTA', '1 LITRO', '85.00', '60.00', '-2.00', '2018-02-28 09:20:34', '2019-03-11 00:06:38'),
(115, 13, 'INK-QS-YF', 'PLASMA IN UV FLEXIBLE INK YELLOW', '1 LITRO', '85.00', '60.00', '-5.00', '2018-02-28 09:21:08', '2019-03-11 00:06:38'),
(116, 13, 'INK-QS-KF', 'PLASMA IN UV FLEXIBLE INK BLACK', '1 LITRO', '85.00', '60.00', '2.00', '2018-02-28 09:22:13', '2019-03-11 00:06:38'),
(117, 13, 'INK-QS-LCF', 'PLASMA IN UV FLEXIBLE INK LT CYAN', '1 LITRO', '85.00', '60.00', '0.00', '2018-02-28 09:22:48', '2019-02-27 23:03:51'),
(118, 13, 'INK-QS-LMF', 'PLASMA IN UV FLEXIBLE INK LT MAGENTA', '1 LITRO', '85.00', '60.00', '6.00', '2018-02-28 09:23:24', '2019-03-04 00:57:50'),
(119, 13, 'INK-QS-SOLVF', 'PLASMA IN UV FLEXIBLE INK SOLVENT', '1 LITRO', '60.00', '34.00', '-1.00', '2018-02-28 09:23:54', '2019-03-11 00:06:38'),
(120, 7, 'NB-PANEL', 'LCD PANEL WITH KEY BOARD 2516', 'N/A', '670.00', '670.00', '0.00', '2018-03-02 10:20:53', '2018-03-22 15:18:05'),
(121, 7, 'EFI-45100634', 'X-DRIVE MOTOR AB MPL A420P', 'N/A', '4800.00', '4800.00', '0.00', '2018-03-09 10:52:47', '2018-03-09 10:53:13'),
(122, 7, 'GS103.604', 'HEATING ELEMENT | TYPE 33A6, 230V/2100W | UNIPLAN E', 'N/A', '200.00', '200.00', '0.00', '2018-03-22 23:43:33', '2018-04-03 00:37:57'),
(123, 7, 'GS-LEISTER-SCH', 'Switch motor ON/OFF', 'N/A', '30.00', '30.00', '0.00', '2018-03-22 23:48:02', '2018-04-03 00:37:57'),
(125, 7, 'P24v100', 'Micro Diaphragm pump 24v 100ml', 'N/A', '69.00', '69.00', '0.00', '2018-04-05 10:45:02', '2018-05-01 10:37:18'),
(126, 7, 'EFI-45087571', 'Pump assy, KNF pump for negative presure', 'N/A', '350.00', '350.00', '0.00', '2018-04-06 09:17:40', '2018-05-17 17:44:15'),
(127, 7, 'GS101.913', 'HEATING ELEMENT 33A1 120v 1800W UNIPLAN S', 'N/A', '200.00', '200.00', '0.00', '2018-04-09 19:05:19', '2018-05-01 10:32:16'),
(128, 7, 'EFI-45081936', 'PRINTHEAD CA4 TOSHIBA', 'N/A', '1980.00', '1980.00', '0.00', '2018-04-19 19:20:32', '2018-05-06 15:24:32'),
(129, 7, 'EFI-45081938', 'CABLE, RIBBON, 20C TTEC HEADS', 'N/A', '100.00', '100.00', '0.00', '2018-04-19 19:22:56', '2018-11-25 16:05:52'),
(130, 15, 'DGS1131MW', 'Banner Plus Mate respaldo Blanco 1000Dx1000D 13Oz', '3.20m x50m', '163.00', '117.99', '0.00', '2018-04-26 17:31:08', '2018-05-21 16:39:32'),
(131, 15, 'DGS1131GW', 'Banner Plus Brillante resp Blanco 1000Dx1000D 13Oz', '3.20mX50m', '163.00', '117.99', '0.00', '2018-04-26 17:32:19', '2018-06-15 00:51:44'),
(132, 15, 'DGS1131MB', 'Banner Plus Mate respaldo Negro 1000Dx1000D 13Oz', '3.20mX50m', '163.00', '123.13', '0.00', '2018-04-26 17:35:25', '2018-06-15 00:51:43'),
(133, 7, 'EFI-AA94040', 'PCB CARR INTFC DIGITAL 7C (used)', 'N/C', '1500.00', '300.00', '0.00', '2018-05-14 20:42:27', '2018-05-27 17:28:06'),
(134, 7, 'EFI-p9124-A', 'PUMP INK DIAPHRAGM (used)', 'N/A', '450.00', '200.00', '0.00', '2018-05-15 10:57:11', '2018-05-27 17:28:06'),
(135, 7, 'EFI-FLOAT', 'FLOAT,VAC OVERFLOW TANK, FRU ', 'N/A', '250.00', '1.00', '1.00', '2018-05-17 17:50:16', '2019-02-12 12:28:28'),
(136, 7, 'Megapack', 'Power supply megapack 4kw (used)', 'N/A', '60.00', '1.00', '0.00', '2018-05-23 19:56:58', '2018-05-31 00:22:19'),
(137, 7, 'Power board gs', 'Power board Gs', 'N/A', '1950.00', '1.00', '0.00', '2018-05-23 19:57:48', '2018-09-01 00:14:18'),
(138, 7, 'EFI-TYG', 'Tubing Tygon', '1’', '5.00', '1.00', '40.00', '2018-05-25 12:45:06', '2019-02-20 23:00:36'),
(139, 7, '114.180', 'Uniplan E Electronic Circuit Board STV 05B, 230V', 'N/A', '450.00', '300.00', '0.00', '2018-05-27 17:02:32', '2018-05-31 00:23:22'),
(140, 7, '114.956', 'Uniplan E Electronic Circuit Board CSE 05B, 230v', 'N/A', '450.00', '300.00', '0.00', '2018-05-27 17:04:39', '2018-05-31 00:23:05'),
(141, 7, '114.229', 'UNIPLAN E Pressure belt', 'N/A', '50.00', '31.81', '0.00', '2018-05-27 17:09:41', '2018-05-31 00:23:03'),
(142, 7, 'Leister-Triac', 'UNIPLAN TRIAC', 'N/A', '45.00', '20.00', '0.00', '2018-05-27 17:12:17', '2018-05-31 00:23:22'),
(143, 7, 'EFI-45106913', 'PCBA CARR INTFC ANALOG 7c', 'N/A', '1150.00', '750.00', '-1.00', '2018-06-15 19:41:28', '2019-02-26 15:34:18'),
(144, 7, 'EFI-P7080-A', 'REGULATOR PRESSURE 0-30P', 'N/A', '384.00', '87.55', '0.00', '2018-06-18 21:12:40', '2019-02-12 12:28:28'),
(145, 3, 'GS4812W', 'Foam Board Blanco 10mm papel 120gr (10 unidades)', '1.22x2.44m', '140.00', '66.95', '5.00', '2018-06-20 00:30:08', '2018-12-03 17:51:58'),
(146, 3, 'GS4812W-1', 'Foamboard blanco 10mm papel 120gr (unidad)', '1.22 x 2.44m', '14.00', '0.00', '0.00', '2018-07-12 16:29:57', '2018-10-16 21:42:50'),
(147, 7, 'PHGen5', 'Ricoh Gen 5 Printhead ', 'N/A', '2950.00', '2150.00', '0.00', '2018-07-17 00:38:50', '2019-03-06 13:27:12'),
(151, 7, 'LEIST-M120E', 'Uniplan E Motor 120v ', 'N/A', '299.00', '110.00', '1.00', '2018-08-08 17:27:57', '2019-01-13 14:26:17'),
(152, 7, 'EFI-PB', 'Power Board Vutek QSPro Series', 'S/N', '1950.00', '0.00', '1.00', '2018-08-21 23:04:56', '2018-09-01 00:14:11'),
(153, 7, 'EFI-AA90647', 'Vacuum purge trap GS', 'S/N', '560.00', '314.79', '1.00', '2018-08-27 14:38:05', '2019-01-23 12:58:52'),
(154, 7, 'EFI-45087948', 'Pump diaphragm 24vdc LTC-IIS', 'S/N', '1250.00', '0.00', '0.00', '2018-08-27 14:45:28', '2018-12-04 13:45:30'),
(155, 7, 'EFI-P5183', 'Belt Timming HTD5', '34 FT', '200.00', '0.00', '1.00', '2018-08-30 13:01:37', '2019-01-17 16:43:11'),
(156, 7, 'CAP-12', 'Capacitor 12mF QS3pro', 'N/A', '250.00', '112.27', '0.00', '2018-09-04 18:30:12', '2018-10-16 21:41:35'),
(157, 5, 'KNIFE-26', 'Cuchilla 26 para rigidos Foam, pvc 10 unidades', 'N/A', '250.00', '0.00', '0.00', '2018-10-02 11:13:09', '2018-10-16 21:40:30'),
(158, 7, 'EFI-45094845', 'Rastek H652 NEG Sensor Connect Board', 'N/A', '980.00', '561.33', '0.00', '2018-10-04 21:52:10', '2018-11-25 16:05:52'),
(159, 1, 'GS3535MW', 'Banner Plus Mate respaldo blanco 300Dx500D 440g', '1.60m x 50m', '87.00', '57.53', '1.00', '2018-11-05 23:05:58', '2019-03-07 14:23:33'),
(160, 1, 'GS3534MW', 'Banner Plus Mate respaldo blanco 300Dx500D 440G', '1.05m x 50m', '57.00', '38.07', '0.00', '2018-11-05 23:07:12', '2019-01-22 12:21:30'),
(161, 16, 'GSL140M', 'Laminado Mate 140g', '1.52m x 50m', '95.00', '41.53', '18.00', '2018-11-05 23:12:16', '2019-02-04 22:33:12'),
(162, 16, 'GSL140G', 'Laminado brillante 140g', '1.52m x 50m', '95.00', '41.53', '14.00', '2018-11-05 23:12:22', '2019-01-11 19:16:21'),
(163, 1, 'GS5131GWE', 'Banner Plus Brillante resp Blanco 500Dx500D eco', '3.20m X 50m', '143.00', '92.56', '0.00', '2018-11-05 23:22:56', '2019-02-25 21:35:38'),
(164, 14, 'GS5131MBE', 'Banner Plus Mate respaldo Negro 500DX500D eco', '3.20m X 50m', '143.00', '92.56', '0.00', '2018-11-05 23:24:43', '2019-02-25 21:35:38'),
(165, 14, 'GS5138MBE', 'Banner Plus Mate respaldo Negro 500DX500D eco', '2.50m x 50m', '110.00', '76.38', '0.00', '2018-11-05 23:26:54', '2019-02-25 21:35:38'),
(166, 1, 'GS5131MWE', 'Banner Plus Mate respaldo Blanco 500Dx500D eco', '3.20m X 50m', '143.00', '92.56', '0.00', '2018-11-05 23:29:33', '2019-02-25 21:35:38'),
(167, 1, 'GS5138MWE', 'Banner Plus Mate respaldo Blanco 500Dx500D eco', '2.50m x 50m', '110.00', '76.38', '0.00', '2018-11-05 23:31:02', '2019-02-25 21:35:38'),
(168, 1, 'GS5138MW', 'Banner Plus Mate resp Blanco 500Dx500D 13Oz', '2.50m x 50m', '129.00', '85.74', '0.00', '2018-11-05 23:32:34', '2019-02-26 20:11:44'),
(169, 1, 'GS5131MW', 'Banner Plus Mate resp Blanco 500Dx500D 13Oz', '3.20m X 50m', '163.00', '109.68', '0.00', '2018-11-05 23:33:51', '2019-02-25 21:35:38'),
(170, 7, 'P5183', 'BELT TIMING HTD5 22.5FT', 'N/A', '395.00', '200.00', '0.00', '2018-11-29 17:01:30', '2018-12-15 11:49:06'),
(171, 7, 'AA90329-FS', 'ASSY 3360 INK HARNESS', 'N/A', '790.00', '721.00', '0.00', '2018-11-29 17:32:00', '2018-12-01 10:56:04'),
(172, 7, 'AA90268-R', 'ASM, JETPACK 3360 RECERT', 'N/A', '600.00', '82.00', '11.00', '2018-11-29 17:36:42', '2019-02-07 23:35:08'),
(173, 7, 'P9181-A', 'BEARING FLG 4 BOLT 3/4 IN', 'N/A', '287.00', '45.00', '0.00', '2018-12-01 10:52:28', '2018-12-01 10:53:03'),
(174, 4, 'RF-QS3PRO-M', 'RF-QS3PRO-M', '5000ML', '50.00', '25.00', '3.00', '2018-12-04 15:36:30', '2018-12-05 20:06:33'),
(175, 4, 'RF-QS3PRO-C', 'RF-QS3PRO-C', '5000ML', '50.00', '25.00', '3.00', '2018-12-04 15:37:47', '2018-12-05 20:06:31'),
(176, 4, 'RF-QS3PRO-B', 'RF-QS3PRO-B', '5000ML', '50.00', '25.00', '3.00', '2018-12-04 15:40:53', '2018-12-05 20:06:29'),
(177, 7, 'RF-QS3PRO-W', 'RF-QS3PRO-W', '5000ML', '50.00', '25.00', '3.00', '2018-12-04 15:42:56', '2018-12-05 20:06:28'),
(178, 7, 'GS-45074555', 'GS series Electronic Ballast, 5.8Kw', 'N/A', '8000.00', '1500.00', '0.00', '2018-12-04 15:56:56', '2018-12-15 11:53:28'),
(179, 7, 'EFI-45075080', 'GS Series Assy, Optics, UV LAMP', '9 INCH', '700.00', '640.00', '0.00', '2018-12-07 19:31:51', '2019-02-20 23:00:36'),
(180, 7, 'GS-45089514', 'GS Series Shock Absorber Minacure 75', 'N/A', '280.00', '224.73', '0.00', '2018-12-10 19:58:22', '2019-02-20 23:00:36'),
(181, 7, 'EFI-45088983', 'GS Series Ball Runner Block', 'N/A', '350.00', '1.00', '0.00', '2018-12-15 19:18:55', '2018-12-29 01:38:44'),
(184, 17, 'NOVA-1490', 'LASER DE CORTE 130W Co2 AEON NOVA 14', '1400X900', '12900.00', '4513.00', '0.00', '2018-12-19 13:32:27', '2018-12-19 13:41:31'),
(185, 7, 'LEIST-M220E', 'Uniplan E Motor 220v', 'N/A', '350.00', '170.00', '0.00', '2019-01-13 14:30:38', '2019-01-17 01:00:51'),
(186, 7, 'EFI-45079672', 'CABLE POWER SWITCH', 'N/A', '532.00', '0.00', '0.00', '2019-01-13 15:08:55', '2019-01-13 15:09:31'),
(187, 7, 'EFI-45094467', 'PCBA, BACKPLANE BOARD, GS508 PRINTHEAD,', 'N/A', '5800.00', '0.00', '1.00', '2019-01-17 00:50:38', '2019-02-22 12:57:15'),
(188, 7, 'EFI-P9698-A', 'CHUCK SAFETY W/SHAFT 25MM', 'N/A', '800.00', '0.00', '0.00', '2019-01-17 01:00:09', '2019-01-21 23:46:55'),
(189, 7, 'EFI-P7392-A', 'QS Series Contactor 24VDC,32A DINRA', 'N/A', '280.00', '0.00', '0.00', '2019-02-03 17:24:28', '2019-02-03 17:25:33'),
(190, 2, 'GSOWUV5', 'MICROPERFORADO UV GRAPHIC SUPPLY HIGH QUALITY', '1.52m x 50m', '200.00', '107.02', '19.00', '2019-02-03 17:41:16', '2019-02-11 18:44:26'),
(191, 7, 'EFI-AA94079', 'ASSY SOLENOID NC W/.170 BARBS', 'N/A', '500.00', '0.00', '0.00', '2019-02-16 09:46:17', '2019-02-20 22:45:32'),
(192, 3, 'PP', 'Coroplast 5mm 900gsm', '1.22 X 2.44mts', '0.00', '0.00', '0.00', '2019-02-16 20:34:25', '2019-02-16 20:35:10'),
(193, 3, 'GS-HON-10', 'Honey Comb para impresion 10mm', '1.22 X 2.44mts', '0.00', '0.00', '0.00', '2019-02-16 20:36:41', '2019-02-16 20:36:41'),
(194, 17, 'GS-1390', 'Equipo de corte con CO2 y Oxigeno Graphic Supply GS-1390, Serial HNQ18080341', 'N/A', '13900.00', '5790.00', '1.00', '2019-02-19 18:20:39', '2019-02-19 23:41:46'),
(195, 17, 'GS-1390C', 'Equipo de corte con CO2 y Oxigeno Graphic Supply GS-1390, Serial HNQ18080342', 'N/A', '13000.00', '5810.00', '0.00', '2019-02-19 23:59:43', '2019-02-20 00:01:46'),
(196, 7, 'EFI-45054091', 'FUSE,2A FAST-BLO 370 SERIES,2-PIN DIP,RO', 'N/A', '5.00', '3.00', '0.00', '2019-02-20 22:44:39', '2019-02-20 22:45:32'),
(197, 7, 'EFI-45086760', 'SPRING, S-SHAPE SHORT HF', 'N/A', '25.00', '22.00', '0.00', '2019-02-20 23:25:12', '2019-02-22 13:07:43'),
(198, 7, 'EFI-45091445', 'ASSY, WASTE TANK COVER 2', 'N/A', '600.00', '0.00', '0.00', '2019-02-20 23:26:58', '2019-02-22 13:07:43');

-- --------------------------------------------------------

--
-- Estructura de tabla para la tabla `productos_productosproveedores`
--

CREATE TABLE `productos_productosproveedores` (
  `id` int(11) NOT NULL,
  `idProducto` int(11) NOT NULL,
  `idProductoProveedor` int(11) NOT NULL
) ENGINE=InnoDB DEFAULT CHARSET=latin1;

-- --------------------------------------------------------

--
-- Estructura de tabla para la tabla `producto_proveedors`
--

CREATE TABLE `producto_proveedors` (
  `id` int(10) UNSIGNED NOT NULL,
  `idProveedor` int(11) NOT NULL,
  `idProducto` int(11) NOT NULL,
  `codigo` varchar(255) NOT NULL,
  `descripcion` varchar(255) NOT NULL,
  `medidas` varchar(255) NOT NULL,
  `precio` double(13,2) NOT NULL,
  `created_at` timestamp NULL DEFAULT NULL,
  `updated_at` timestamp NULL DEFAULT NULL
) ENGINE=InnoDB DEFAULT CHARSET=latin1;

--
-- Volcado de datos para la tabla `producto_proveedors`
--

INSERT INTO `producto_proveedors` (`id`, `idProveedor`, `idProducto`, `codigo`, `descripcion`, `medidas`, `precio`, `created_at`, `updated_at`) VALUES
(1, 1, 80, '10200151CY00', 'FUZE ECO NR4.1 1L BOTTLE CYAN', 'test', 32.00, '2019-01-26 06:49:44', '2019-01-26 06:49:44'),
(2, 1, 81, '10200151MA00', 'FUZE ECO NR4.1 1L BOTTLE MAGENTA', 'test', 32.00, '2019-01-26 06:49:44', '2019-01-26 06:49:44'),
(3, 1, 83, '10200151YE00', 'FUZE ECO NR4.1 1L BOTTLE YELLOW', 'test', 32.00, '2019-01-26 06:49:44', '2019-01-26 06:49:44'),
(4, 1, 85, '10200151BL00', 'FUZE ECO NR4.1 1L BOTTLE BLACK', 'test', 32.00, '2019-01-26 06:49:44', '2019-01-26 06:49:44'),
(5, 1, 86, '10200151FL00', 'FUZE ECO NR4.1 1L BOTTLE CLEANING LIQUID', 'test', 32.00, '2019-01-26 06:49:44', '2019-01-26 06:49:44'),
(6, 1, 113, '19500051CY00', 'PLASMA IN 1L BOTTLE CYAN', 'test', 52.00, '2019-02-06 00:27:33', '2019-02-06 00:27:33'),
(7, 1, 114, '19500051MA00', 'PLASMA IN 1L BOTTLE MAGENTA', 'test', 52.00, '2019-02-06 00:27:33', '2019-02-06 00:27:33'),
(8, 1, 115, '19500051YE00', 'PLASMA IN 1L BOTTLE YELLOW', 'test', 52.00, '2019-02-06 00:27:33', '2019-02-06 00:27:33'),
(9, 1, 116, '19500051BL00', 'PLASMA IN 1L BOTTLE BLACK', 'test', 52.00, '2019-02-06 00:27:33', '2019-02-06 00:27:33'),
(10, 1, 117, '19500051LC00', 'PLASMA IN 1L BOTTLE LIGHT CYAN', 'test', 52.00, '2019-02-06 00:27:33', '2019-02-06 00:27:33'),
(11, 1, 118, '19500051LM00', 'PLASMA IN 1L BOTTLE LIGHT MAGENTA', 'test', 52.00, '2019-02-06 00:27:33', '2019-02-06 00:27:33'),
(12, 1, 119, '19500051FL00', 'PLASMA IN 1L BOTTLE CLEANING LIQUID', 'test', 26.00, '2019-02-06 00:27:33', '2019-02-06 00:27:33'),
(18, 2, 160, 'FL350-440MN -50T 1.05', 'Frontlit Banner Plus 440 Matte Tube', 'test', 1.00, '2019-02-16 20:33:22', '2019-02-16 20:33:22'),
(19, 2, 159, 'FL350-440MN -50T 1.60', 'Frontlit Banner Plus 440 Matte Tube', 'test', 1.00, '2019-02-16 20:33:22', '2019-02-16 20:33:22'),
(20, 2, 24, 'P10140BM-6050', 'Self Adhesive Vinyl Matte Grey Glue', 'test', 1.00, '2019-02-16 20:33:22', '2019-02-16 20:33:22'),
(21, 2, 7, 'P10140M-6050', 'Self Adhesive Vinyl MATTE  LOGO PRINTING BOX', 'test', 1.00, '2019-02-16 20:33:22', '2019-02-16 20:33:22'),
(22, 2, 46, 'PVC-03/600', 'PVC Foam Board 600 3mm', 'test', 1.00, '2019-02-16 20:33:22', '2019-02-16 20:33:22'),
(23, 2, 47, 'PVC-05/500 ', 'PVC Foam Board 500 5mm', 'test', 1.00, '2019-02-16 20:33:22', '2019-02-16 20:33:22'),
(24, 2, 48, 'PVC-10/500', 'PVC Foam Board 500 10mm', 'test', 1.00, '2019-02-16 20:33:22', '2019-02-16 20:33:22'),
(25, 2, 9, 'PS-05 ', 'PS/KT Foam Board 5mm', 'test', 1.00, '2019-02-16 20:33:22', '2019-02-16 20:33:22'),
(26, 2, 192, 'PP', 'Corrugated Sheet 5mm 900gsm ', 'test', 1.00, '2019-02-16 20:42:35', '2019-02-16 20:42:35'),
(27, 2, 193, 'honney', 'Honey Comb Paper Board 10mm 12/5', 'test', 1.00, '2019-02-16 20:42:35', '2019-02-16 20:42:35'),
(28, 1, 20, 'test', 'test', 'test', 123.00, '2019-03-10 15:23:18', '2019-03-10 15:23:18'),
(29, 1, 20, 'test3', 'test3', 'test', 12312.00, '2019-03-10 15:24:05', '2019-03-10 15:24:05'),
(30, 1, 22, 'testa213', 'sasadasd', 'test', 213.00, '2019-03-10 15:26:18', '2019-03-10 15:26:18'),
(31, 1, 22, 'testa2131', 'sasadasd', 'test', 213.00, '2019-03-10 15:27:08', '2019-03-10 15:27:08'),
(32, 1, 93, '123a', '123', 'test', 2.00, '2019-03-10 15:27:28', '2019-03-10 15:27:28');

-- --------------------------------------------------------

--
-- Estructura de tabla para la tabla `proveedors`
--

CREATE TABLE `proveedors` (
  `id` int(10) UNSIGNED NOT NULL,
  `name` varchar(50) NOT NULL,
  `email` varchar(50) NOT NULL,
  `website` varchar(50) NOT NULL,
  `address` varchar(50) NOT NULL,
  `country` varchar(50) NOT NULL,
  `city` varchar(50) NOT NULL,
  `postcode` varchar(20) NOT NULL,
  `created_at` timestamp NULL DEFAULT NULL,
  `updated_at` timestamp NULL DEFAULT NULL
) ENGINE=InnoDB DEFAULT CHARSET=latin1;

--
-- Volcado de datos para la tabla `proveedors`
--

INSERT INTO `proveedors` (`id`, `name`, `email`, `website`, `address`, `country`, `city`, `postcode`, `created_at`, `updated_at`) VALUES
(1, 'Bordeaux Digital, inc', 'erezs@c-m-y-k.com', 'www.c-m-y-k.com', '1600 Wyatt Drive, Suite 3\r\nSanta Clara', 'USA', 'California', '95054', '2019-01-26 06:41:03', '2019-01-26 06:41:03'),
(2, 'NINGBO SIGNCOAT SIGN SUPPLY CO., LTD', 'markpan@sicol.cn', 'www.sicol.cn', 'ROOM 1407, NO.535 SOUTH TIANTONG ROAD, NINGBO', 'CHINA', 'ZHEJIANG', '315100', '2019-02-16 19:16:53', '2019-02-16 19:16:53'),
(3, 'asdasd', 'saasd@asdasd.com', 'asdsadasd', 'asdasdas', 'asdasd', 'asdasd', '2123', '2019-03-10 15:30:22', '2019-03-10 15:30:22');

-- --------------------------------------------------------

--
-- Estructura de tabla para la tabla `purchaseorders_productosproveedores`
--

CREATE TABLE `purchaseorders_productosproveedores` (
  `id` int(10) UNSIGNED NOT NULL,
  `idPO` int(10) UNSIGNED NOT NULL,
  `idProductoProveedor` int(10) UNSIGNED NOT NULL,
  `cantidad_producto` int(11) NOT NULL,
  `precio_final` decimal(13,2) NOT NULL,
  `created_at` timestamp NULL DEFAULT NULL,
  `updated_at` timestamp NULL DEFAULT NULL
) ENGINE=InnoDB DEFAULT CHARSET=latin1;

--
-- Volcado de datos para la tabla `purchaseorders_productosproveedores`
--

INSERT INTO `purchaseorders_productosproveedores` (`id`, `idPO`, `idProductoProveedor`, `cantidad_producto`, `precio_final`, `created_at`, `updated_at`) VALUES
(8, 2, 6, 10, '52.00', NULL, NULL),
(9, 2, 7, 10, '52.00', NULL, NULL),
(10, 2, 8, 10, '52.00', NULL, NULL),
(11, 2, 9, 8, '52.00', NULL, NULL),
(12, 2, 10, 2, '52.00', NULL, NULL),
(13, 2, 11, 6, '52.00', NULL, NULL),
(14, 2, 12, 10, '26.00', NULL, NULL),
(15, 3, 6, 24, '52.00', NULL, NULL),
(16, 3, 7, 24, '52.00', NULL, NULL),
(17, 3, 8, 24, '52.00', NULL, NULL),
(18, 3, 9, 12, '52.00', NULL, NULL),
(19, 3, 10, 12, '52.00', NULL, NULL),
(20, 3, 11, 12, '52.00', NULL, NULL),
(21, 4, 14, 1, '1.00', NULL, NULL),
(30, 7, 1, 24, '32.00', NULL, NULL),
(31, 7, 2, 24, '32.00', NULL, NULL),
(32, 7, 3, 24, '32.00', NULL, NULL),
(33, 7, 4, 12, '32.00', NULL, NULL),
(34, 7, 6, 9, '52.00', NULL, NULL),
(35, 7, 7, 10, '52.00', NULL, NULL),
(36, 7, 8, 9, '52.00', NULL, NULL),
(37, 7, 9, 12, '52.00', NULL, NULL),
(44, 9, 4, 1, '32.00', NULL, NULL),
(45, 9, 11, 1, '52.00', NULL, NULL),
(46, 9, 30, 1, '213.00', NULL, NULL),
(47, 9, 9, 1, '52.00', NULL, NULL),
(48, 9, 32, 1, '2.00', NULL, NULL);

-- --------------------------------------------------------

--
-- Estructura de tabla para la tabla `purchaseorders_status`
--

CREATE TABLE `purchaseorders_status` (
  `id` int(11) NOT NULL,
  `po_status` varchar(25) NOT NULL
) ENGINE=InnoDB DEFAULT CHARSET=latin1;

--
-- Volcado de datos para la tabla `purchaseorders_status`
--

INSERT INTO `purchaseorders_status` (`id`, `po_status`) VALUES
(1, 'No Cargado'),
(2, 'Cargado');

-- --------------------------------------------------------

--
-- Estructura de tabla para la tabla `purchase_orders`
--

CREATE TABLE `purchase_orders` (
  `id` int(10) UNSIGNED NOT NULL,
  `po_number` int(11) NOT NULL,
  `idProveedor` int(10) UNSIGNED NOT NULL,
  `idShipto` int(10) UNSIGNED NOT NULL,
  `idPOStatus` int(11) NOT NULL,
  `tax` decimal(13,2) NOT NULL,
  `comments` varchar(200) DEFAULT NULL,
  `po_subtotal` decimal(13,2) NOT NULL,
  `po_total_amount` decimal(13,2) NOT NULL,
  `created_at` timestamp NULL DEFAULT NULL,
  `updated_at` timestamp NULL DEFAULT NULL
) ENGINE=InnoDB DEFAULT CHARSET=latin1;

--
-- Volcado de datos para la tabla `purchase_orders`
--

INSERT INTO `purchase_orders` (`id`, `po_number`, `idProveedor`, `idShipto`, `idPOStatus`, `tax`, `comments`, `po_subtotal`, `po_total_amount`, `created_at`, `updated_at`) VALUES
(2, 1, 1, 2, 2, '0.00', 'Paypall payment', '2652.00', '2652.00', '2019-02-08 17:23:48', '2019-02-14 15:06:08'),
(3, 2, 1, 1, 1, '0.00', 'Shipping by air ASAP', '5616.00', '5616.00', '2019-02-08 17:35:24', '2019-02-08 17:35:24'),
(4, 3, 2, 1, 1, '0.00', NULL, '1.00', '1.00', '2019-02-21 02:05:06', '2019-02-21 02:05:06'),
(7, 4, 1, 2, 1, '0.00', 'Send link credit card payment', '4768.00', '4768.00', '2019-02-25 19:44:44', '2019-02-25 19:44:44'),
(9, 5, 1, 1, 1, '7.00', NULL, '351.00', '375.57', '2019-03-11 00:56:05', '2019-03-11 00:56:05');

-- --------------------------------------------------------

--
-- Estructura de tabla para la tabla `repartidors`
--

CREATE TABLE `repartidors` (
  `id` int(10) UNSIGNED NOT NULL,
  `nombre_repartidor` varchar(255) COLLATE utf8_unicode_ci NOT NULL,
  `telefono` varchar(255) COLLATE utf8_unicode_ci NOT NULL,
  `email` varchar(255) COLLATE utf8_unicode_ci NOT NULL,
  `created_at` timestamp NULL DEFAULT NULL,
  `updated_at` timestamp NULL DEFAULT NULL
) ENGINE=InnoDB DEFAULT CHARSET=utf8 COLLATE=utf8_unicode_ci;

--
-- Volcado de datos para la tabla `repartidors`
--

INSERT INTO `repartidors` (`id`, `nombre_repartidor`, `telefono`, `email`, `created_at`, `updated_at`) VALUES
(1, 'Rodolfo Lozano', '6763-2681', 'skannt@gmail.com', NULL, NULL),
(2, 'Filiberto Lozano', '6779-5329', '', NULL, NULL),
(3, 'Otro', '', '', NULL, NULL),
(4, 'Brais Sanmartin', '66706290', 'brais@gmail.com', NULL, NULL),
(5, 'Jhonny Naim', '', '', NULL, NULL),
(6, 'GRAPHIC SUPPLY', '', '', NULL, NULL),
(7, 'Hector', '', '', NULL, NULL);

-- --------------------------------------------------------

--
-- Estructura de tabla para la tabla `roles`
--

CREATE TABLE `roles` (
  `id` int(10) UNSIGNED NOT NULL,
  `name` varchar(191) COLLATE utf8mb4_unicode_ci NOT NULL,
  `guard_name` varchar(191) COLLATE utf8mb4_unicode_ci NOT NULL,
  `created_at` timestamp NULL DEFAULT NULL,
  `updated_at` timestamp NULL DEFAULT NULL
) ENGINE=InnoDB DEFAULT CHARSET=utf8mb4 COLLATE=utf8mb4_unicode_ci;

--
-- Volcado de datos para la tabla `roles`
--

INSERT INTO `roles` (`id`, `name`, `guard_name`, `created_at`, `updated_at`) VALUES
(1, 'Gerente', 'web', '2019-03-11 01:41:52', '2019-03-11 01:41:52'),
(2, 'Vendedor', 'web', '2019-03-11 01:42:12', '2019-03-11 01:42:12'),
(3, 'Repartidor', 'web', '2019-03-11 01:42:18', '2019-03-11 01:42:18'),
(4, 'Admin', 'web', '2019-03-11 01:42:56', '2019-03-11 01:42:56');

-- --------------------------------------------------------

--
-- Estructura de tabla para la tabla `role_has_permissions`
--

CREATE TABLE `role_has_permissions` (
  `permission_id` int(10) UNSIGNED NOT NULL,
  `role_id` int(10) UNSIGNED NOT NULL
) ENGINE=InnoDB DEFAULT CHARSET=utf8mb4 COLLATE=utf8mb4_unicode_ci;

-- --------------------------------------------------------

--
-- Estructura de tabla para la tabla `shiptos`
--

CREATE TABLE `shiptos` (
  `id` int(10) UNSIGNED NOT NULL,
  `nombre_shipto` varchar(75) NOT NULL,
  `name` varchar(75) NOT NULL,
  `address_line1` varchar(75) NOT NULL,
  `address_line2` varchar(75) DEFAULT NULL,
  `country` varchar(25) NOT NULL,
  `state` varchar(35) NOT NULL,
  `city` varchar(25) NOT NULL,
  `phone` varchar(35) NOT NULL,
  `created_at` timestamp NULL DEFAULT NULL,
  `updated_at` timestamp NULL DEFAULT NULL
) ENGINE=InnoDB DEFAULT CHARSET=latin1;

--
-- Volcado de datos para la tabla `shiptos`
--

INSERT INTO `shiptos` (`id`, `nombre_shipto`, `name`, `address_line1`, `address_line2`, `country`, `state`, `city`, `phone`, `created_at`, `updated_at`) VALUES
(1, 'BF Services - Costa del Este', 'BF Services S.A', 'Parque Industrial Costa del Este', 'Edificio IStorage, Local #1234', 'Panama', 'Panama', 'Panama', '(+507) 6330-1307', '2019-01-26 05:00:00', NULL),
(3, 'asdasd', 'BF Services S.A', 'sadasdasd', NULL, 'sadasd', 'asdasd', 'asdsad', '(+507) 6330-1307', '2019-03-10 15:51:27', '2019-03-10 15:51:27'),
(4, 'asdasd', 'BF Services S.A', 'sadasdasd', NULL, 'sadasd', 'asdasd', 'asdsad', '(+507) 6330-1307', '2019-03-10 15:51:39', '2019-03-10 15:51:39');

-- --------------------------------------------------------

--
-- Estructura de tabla para la tabla `tipo_pagos`
--

CREATE TABLE `tipo_pagos` (
  `id` int(10) UNSIGNED NOT NULL,
  `nombre_pago` varchar(255) COLLATE utf8_unicode_ci NOT NULL,
  `created_at` timestamp NULL DEFAULT NULL,
  `updated_at` timestamp NULL DEFAULT NULL
) ENGINE=InnoDB DEFAULT CHARSET=utf8 COLLATE=utf8_unicode_ci;

--
-- Volcado de datos para la tabla `tipo_pagos`
--

INSERT INTO `tipo_pagos` (`id`, `nombre_pago`, `created_at`, `updated_at`) VALUES
(1, 'Cheque', '2017-04-30 05:00:00', NULL),
(2, 'Efectivo', '2017-04-30 05:00:00', NULL),
(3, 'ACH', '2017-04-30 05:00:00', NULL),
(4, 'Otro', '2017-04-30 05:00:00', NULL),
(5, 'Nota de Credito', '2019-01-26 05:00:00', NULL);

-- --------------------------------------------------------

--
-- Estructura de tabla para la tabla `users`
--

CREATE TABLE `users` (
  `id` int(10) UNSIGNED NOT NULL,
  `nombre` varchar(255) COLLATE utf8_unicode_ci NOT NULL,
  `email` varchar(255) COLLATE utf8_unicode_ci NOT NULL,
  `password` varchar(255) COLLATE utf8_unicode_ci NOT NULL,
  `avatar` varchar(255) COLLATE utf8_unicode_ci DEFAULT NULL,
  `remember_token` varchar(100) COLLATE utf8_unicode_ci DEFAULT NULL,
  `created_at` timestamp NULL DEFAULT NULL,
  `updated_at` timestamp NULL DEFAULT NULL
) ENGINE=InnoDB DEFAULT CHARSET=utf8 COLLATE=utf8_unicode_ci;

--
-- Volcado de datos para la tabla `users`
--

INSERT INTO `users` (`id`, `nombre`, `email`, `password`, `avatar`, `remember_token`, `created_at`, `updated_at`) VALUES
(1, 'Rodolfo Lozano', 'skannt@gmail.com', '$2y$10$QBMUN/W9MWd5JqKzPLaPwerm2rAQFNNMNaKcjXIE1q9uMBcxHBNua', '1552273166.jpg', 'c0y2ZkxWn1xCXuo0j9o6PSeaUlSE3UDtv3uI2XB4EqCyyVfJG5RkCh8NfRvg', '2017-02-13 22:14:54', '2019-03-11 02:59:26'),
(2, 'Daniella Lozano', 'gsupplypanama@gmail.com', '$2y$10$0o0brrWzFxarof3s3MpTR.iUjBtRr1Y2lEKqzWZjlT3pdVuVQmfm.', '1506290800.jpg', 'mfe78h0reYYeIbq5YayV0dvjyhCnP4zBsd5WkQXyVRh4qLZkHDLaOvltf1A1', '2017-04-14 07:06:46', '2018-08-12 13:37:29'),
(3, 'Filiberto Lozano', 'filibertodaniel.l1@hotmail.com', '$2y$10$SB0HEgYXDPZmg2WwuUqX9upekJ.vzfVygZzMW7SKcAvN6Z2HKmMi.', 'default.jpg', 'IUkdQftmMydCBGajLmWaUezS5GuZO3LJnhnLhGmvSo40K1SMZR72M68z9pCX', '2017-05-22 23:37:23', '2017-07-10 14:04:27'),
(4, 'Jhonny Naim', 'default@gmail.com', '$2y$10$QclM6uGvLF7d72SZ4Fjor.9PyFIOVr7Zp7WHiuaaj5swWGWGpv3PC', 'default.jpg', NULL, '2017-05-22 23:42:43', '2017-05-22 23:42:43'),
(5, 'GRAPHIC SUPPLY', 'empresa@gmail.com', '$2y$10$A7Rr8xSmeKEVf8XpmmRmOuWaX8Q6SJrMbwFMyCHaZCb/f8ri6EYH2', 'default.jpg', NULL, '2017-05-22 23:43:45', '2017-05-22 23:43:45'),
(6, 'Hector', 'hector@gmail.com', '$2y$10$oep5IdneGE8s3H8DJ2HHoeUKUp.kVZHY3aksHfdg73URapHtPHw2e', 'default.jpg', NULL, '2017-05-22 23:44:18', '2017-05-22 23:44:18'),
(7, 'Luis Bedoya', 'Luis_Bedoya@bfservices.com', '$2y$10$vv2ivP8uOCRZaJbGCS2PC.X1lS1vzaBEJsmD.ycXEF5zqBoIiarHK', 'default.jpg', NULL, '2017-07-10 01:17:24', '2017-07-10 01:17:24'),
(8, 'Brais Sanmartin', 'bsanmartin@graphicsupply.com.pa', '$2y$10$Z4v2viQ/BH3WcpLPE7yiyuXnvN9QXD7x.waj3jeKvZ0VDYWnOzduu', NULL, 'AZ9wqLYVRQmvtwOWTJY2Rxx40fYxN6MTQdNL8PhsyuFkQ4BwFMnWyKAzKpIN', '2018-01-25 23:56:29', '2018-02-14 14:03:15'),
(9, 'Filiberto Lozano', 'filiberto_lozano@gsupply.com.pa', '$2y$10$45urUjFRKtEwsufIrOOiOe69/43SY9gSfKXbC0B8NVQQ2/GV0ucwC', 'default.jpg', 'hXOTvWblT60r2C1RlQVLFPafL3sgX4BttzWgWXKVFBRHFQqPI8jrw5c641ft', '2018-03-11 17:54:32', '2018-03-11 17:31:32'),
(10, 'Deposito', 'Deposito@bfservices.com', '$2y$10$UQCkkO8emkIWJvNeuPqV3.bP4VRl/6S1NB7VIkKIBivHziApnyXEO', NULL, NULL, '2018-08-12 13:35:26', '2018-08-12 13:35:26'),
(11, 'Jesus Navas', 'Jesus_Navas@bfservices.com', '$2y$10$M2STY.3CvwzFPll6gbBHfulRBRdw.VuNyzNcmc2GMWHbPv9TiOuY2', NULL, NULL, '2019-01-13 15:47:41', '2019-01-13 15:47:41');

--
-- Índices para tablas volcadas
--

--
-- Indices de la tabla `categorias`
--
ALTER TABLE `categorias`
  ADD PRIMARY KEY (`id`);

--
-- Indices de la tabla `clientes`
--
ALTER TABLE `clientes`
  ADD PRIMARY KEY (`id`);

--
-- Indices de la tabla `comisions`
--
ALTER TABLE `comisions`
  ADD PRIMARY KEY (`id`),
  ADD UNIQUE KEY `comisions_num_comision_unique` (`num_comision`);

--
-- Indices de la tabla `cotizaciones_estados`
--
ALTER TABLE `cotizaciones_estados`
  ADD PRIMARY KEY (`id`);

--
-- Indices de la tabla `cotizacions`
--
ALTER TABLE `cotizacions`
  ADD PRIMARY KEY (`id`);

--
-- Indices de la tabla `cotizacion_producto`
--
ALTER TABLE `cotizacion_producto`
  ADD PRIMARY KEY (`id`);

--
-- Indices de la tabla `facturas`
--
ALTER TABLE `facturas`
  ADD PRIMARY KEY (`id`),
  ADD UNIQUE KEY `facturas_num_factura_unique` (`num_factura`),
  ADD UNIQUE KEY `facturas_idorden_unique` (`idOrden`);

--
-- Indices de la tabla `facturas_estados`
--
ALTER TABLE `facturas_estados`
  ADD PRIMARY KEY (`id`);

--
-- Indices de la tabla `facturas_pagos`
--
ALTER TABLE `facturas_pagos`
  ADD PRIMARY KEY (`id`);

--
-- Indices de la tabla `migrations`
--
ALTER TABLE `migrations`
  ADD PRIMARY KEY (`id`);

--
-- Indices de la tabla `model_has_permissions`
--
ALTER TABLE `model_has_permissions`
  ADD PRIMARY KEY (`permission_id`,`model_id`,`model_type`),
  ADD KEY `model_has_permissions_model_id_model_type_index` (`model_id`,`model_type`);

--
-- Indices de la tabla `model_has_roles`
--
ALTER TABLE `model_has_roles`
  ADD PRIMARY KEY (`role_id`,`model_id`,`model_type`),
  ADD KEY `model_has_roles_model_id_model_type_index` (`model_id`,`model_type`);

--
-- Indices de la tabla `nota_creditos`
--
ALTER TABLE `nota_creditos`
  ADD PRIMARY KEY (`id`),
  ADD UNIQUE KEY `idPago` (`idPago`),
  ADD UNIQUE KEY `num_nota_credito` (`num_nota_credito`);

--
-- Indices de la tabla `ordenes_comisiones`
--
ALTER TABLE `ordenes_comisiones`
  ADD PRIMARY KEY (`id`);

--
-- Indices de la tabla `ordenes_estados`
--
ALTER TABLE `ordenes_estados`
  ADD PRIMARY KEY (`id`);

--
-- Indices de la tabla `ordenes_productos`
--
ALTER TABLE `ordenes_productos`
  ADD PRIMARY KEY (`id`);

--
-- Indices de la tabla `ordenes_repartidores`
--
ALTER TABLE `ordenes_repartidores`
  ADD PRIMARY KEY (`id`);

--
-- Indices de la tabla `ordens`
--
ALTER TABLE `ordens`
  ADD PRIMARY KEY (`id`);

--
-- Indices de la tabla `pagos`
--
ALTER TABLE `pagos`
  ADD PRIMARY KEY (`id`);

--
-- Indices de la tabla `password_resets`
--
ALTER TABLE `password_resets`
  ADD KEY `password_resets_email_index` (`email`),
  ADD KEY `password_resets_token_index` (`token`);

--
-- Indices de la tabla `permissions`
--
ALTER TABLE `permissions`
  ADD PRIMARY KEY (`id`);

--
-- Indices de la tabla `productos`
--
ALTER TABLE `productos`
  ADD PRIMARY KEY (`id`),
  ADD UNIQUE KEY `productos_codigo_unique` (`codigo`);

--
-- Indices de la tabla `productos_productosproveedores`
--
ALTER TABLE `productos_productosproveedores`
  ADD PRIMARY KEY (`id`);

--
-- Indices de la tabla `producto_proveedors`
--
ALTER TABLE `producto_proveedors`
  ADD PRIMARY KEY (`id`),
  ADD UNIQUE KEY `codigo` (`codigo`);

--
-- Indices de la tabla `proveedors`
--
ALTER TABLE `proveedors`
  ADD PRIMARY KEY (`id`);

--
-- Indices de la tabla `purchaseorders_productosproveedores`
--
ALTER TABLE `purchaseorders_productosproveedores`
  ADD PRIMARY KEY (`id`);

--
-- Indices de la tabla `purchaseorders_status`
--
ALTER TABLE `purchaseorders_status`
  ADD PRIMARY KEY (`id`);

--
-- Indices de la tabla `purchase_orders`
--
ALTER TABLE `purchase_orders`
  ADD PRIMARY KEY (`id`);

--
-- Indices de la tabla `repartidors`
--
ALTER TABLE `repartidors`
  ADD PRIMARY KEY (`id`);

--
-- Indices de la tabla `roles`
--
ALTER TABLE `roles`
  ADD PRIMARY KEY (`id`);

--
-- Indices de la tabla `role_has_permissions`
--
ALTER TABLE `role_has_permissions`
  ADD PRIMARY KEY (`permission_id`,`role_id`),
  ADD KEY `role_has_permissions_role_id_foreign` (`role_id`);

--
-- Indices de la tabla `shiptos`
--
ALTER TABLE `shiptos`
  ADD PRIMARY KEY (`id`);

--
-- Indices de la tabla `tipo_pagos`
--
ALTER TABLE `tipo_pagos`
  ADD PRIMARY KEY (`id`);

--
-- Indices de la tabla `users`
--
ALTER TABLE `users`
  ADD PRIMARY KEY (`id`);

--
-- AUTO_INCREMENT de las tablas volcadas
--

--
-- AUTO_INCREMENT de la tabla `categorias`
--
ALTER TABLE `categorias`
  MODIFY `id` int(10) UNSIGNED NOT NULL AUTO_INCREMENT, AUTO_INCREMENT=19;

--
-- AUTO_INCREMENT de la tabla `clientes`
--
ALTER TABLE `clientes`
  MODIFY `id` int(10) UNSIGNED NOT NULL AUTO_INCREMENT, AUTO_INCREMENT=29;

--
-- AUTO_INCREMENT de la tabla `comisions`
--
ALTER TABLE `comisions`
  MODIFY `id` int(10) UNSIGNED NOT NULL AUTO_INCREMENT, AUTO_INCREMENT=114;

--
-- AUTO_INCREMENT de la tabla `cotizaciones_estados`
--
ALTER TABLE `cotizaciones_estados`
  MODIFY `id` int(10) UNSIGNED NOT NULL AUTO_INCREMENT, AUTO_INCREMENT=3;

--
-- AUTO_INCREMENT de la tabla `cotizacions`
--
ALTER TABLE `cotizacions`
  MODIFY `id` int(10) UNSIGNED NOT NULL AUTO_INCREMENT, AUTO_INCREMENT=143;

--
-- AUTO_INCREMENT de la tabla `cotizacion_producto`
--
ALTER TABLE `cotizacion_producto`
  MODIFY `id` int(11) NOT NULL AUTO_INCREMENT, AUTO_INCREMENT=489;

--
-- AUTO_INCREMENT de la tabla `facturas`
--
ALTER TABLE `facturas`
  MODIFY `id` int(10) UNSIGNED NOT NULL AUTO_INCREMENT, AUTO_INCREMENT=732;

--
-- AUTO_INCREMENT de la tabla `facturas_estados`
--
ALTER TABLE `facturas_estados`
  MODIFY `id` int(10) UNSIGNED NOT NULL AUTO_INCREMENT, AUTO_INCREMENT=5;

--
-- AUTO_INCREMENT de la tabla `facturas_pagos`
--
ALTER TABLE `facturas_pagos`
  MODIFY `id` int(10) UNSIGNED NOT NULL AUTO_INCREMENT, AUTO_INCREMENT=704;

--
-- AUTO_INCREMENT de la tabla `migrations`
--
ALTER TABLE `migrations`
  MODIFY `id` int(10) UNSIGNED NOT NULL AUTO_INCREMENT, AUTO_INCREMENT=402;

--
-- AUTO_INCREMENT de la tabla `nota_creditos`
--
ALTER TABLE `nota_creditos`
  MODIFY `id` int(10) UNSIGNED NOT NULL AUTO_INCREMENT, AUTO_INCREMENT=4;

--
-- AUTO_INCREMENT de la tabla `ordenes_comisiones`
--
ALTER TABLE `ordenes_comisiones`
  MODIFY `id` int(10) UNSIGNED NOT NULL AUTO_INCREMENT, AUTO_INCREMENT=560;

--
-- AUTO_INCREMENT de la tabla `ordenes_estados`
--
ALTER TABLE `ordenes_estados`
  MODIFY `id` int(10) UNSIGNED NOT NULL AUTO_INCREMENT, AUTO_INCREMENT=3;

--
-- AUTO_INCREMENT de la tabla `ordenes_productos`
--
ALTER TABLE `ordenes_productos`
  MODIFY `id` int(10) UNSIGNED NOT NULL AUTO_INCREMENT, AUTO_INCREMENT=1457;

--
-- AUTO_INCREMENT de la tabla `ordenes_repartidores`
--
ALTER TABLE `ordenes_repartidores`
  MODIFY `id` int(10) UNSIGNED NOT NULL AUTO_INCREMENT, AUTO_INCREMENT=1220;

--
-- AUTO_INCREMENT de la tabla `ordens`
--
ALTER TABLE `ordens`
  MODIFY `id` int(10) UNSIGNED NOT NULL AUTO_INCREMENT, AUTO_INCREMENT=822;

--
-- AUTO_INCREMENT de la tabla `pagos`
--
ALTER TABLE `pagos`
  MODIFY `id` int(10) UNSIGNED NOT NULL AUTO_INCREMENT, AUTO_INCREMENT=238;

--
-- AUTO_INCREMENT de la tabla `permissions`
--
ALTER TABLE `permissions`
  MODIFY `id` int(10) UNSIGNED NOT NULL AUTO_INCREMENT;

--
-- AUTO_INCREMENT de la tabla `productos`
--
ALTER TABLE `productos`
  MODIFY `id` int(10) UNSIGNED NOT NULL AUTO_INCREMENT, AUTO_INCREMENT=199;

--
-- AUTO_INCREMENT de la tabla `productos_productosproveedores`
--
ALTER TABLE `productos_productosproveedores`
  MODIFY `id` int(11) NOT NULL AUTO_INCREMENT;

--
-- AUTO_INCREMENT de la tabla `producto_proveedors`
--
ALTER TABLE `producto_proveedors`
  MODIFY `id` int(10) UNSIGNED NOT NULL AUTO_INCREMENT, AUTO_INCREMENT=33;

--
-- AUTO_INCREMENT de la tabla `proveedors`
--
ALTER TABLE `proveedors`
  MODIFY `id` int(10) UNSIGNED NOT NULL AUTO_INCREMENT, AUTO_INCREMENT=4;

--
-- AUTO_INCREMENT de la tabla `purchaseorders_productosproveedores`
--
ALTER TABLE `purchaseorders_productosproveedores`
  MODIFY `id` int(10) UNSIGNED NOT NULL AUTO_INCREMENT, AUTO_INCREMENT=49;

--
-- AUTO_INCREMENT de la tabla `purchaseorders_status`
--
ALTER TABLE `purchaseorders_status`
  MODIFY `id` int(11) NOT NULL AUTO_INCREMENT, AUTO_INCREMENT=3;

--
-- AUTO_INCREMENT de la tabla `purchase_orders`
--
ALTER TABLE `purchase_orders`
  MODIFY `id` int(10) UNSIGNED NOT NULL AUTO_INCREMENT, AUTO_INCREMENT=10;

--
-- AUTO_INCREMENT de la tabla `repartidors`
--
ALTER TABLE `repartidors`
  MODIFY `id` int(10) UNSIGNED NOT NULL AUTO_INCREMENT, AUTO_INCREMENT=8;

--
-- AUTO_INCREMENT de la tabla `roles`
--
ALTER TABLE `roles`
  MODIFY `id` int(10) UNSIGNED NOT NULL AUTO_INCREMENT, AUTO_INCREMENT=5;

--
-- AUTO_INCREMENT de la tabla `shiptos`
--
ALTER TABLE `shiptos`
  MODIFY `id` int(10) UNSIGNED NOT NULL AUTO_INCREMENT, AUTO_INCREMENT=5;

--
-- AUTO_INCREMENT de la tabla `tipo_pagos`
--
ALTER TABLE `tipo_pagos`
  MODIFY `id` int(10) UNSIGNED NOT NULL AUTO_INCREMENT, AUTO_INCREMENT=6;

--
-- AUTO_INCREMENT de la tabla `users`
--
ALTER TABLE `users`
  MODIFY `id` int(10) UNSIGNED NOT NULL AUTO_INCREMENT, AUTO_INCREMENT=12;

--
-- Restricciones para tablas volcadas
--

--
-- Filtros para la tabla `model_has_permissions`
--
ALTER TABLE `model_has_permissions`
  ADD CONSTRAINT `model_has_permissions_permission_id_foreign` FOREIGN KEY (`permission_id`) REFERENCES `permissions` (`id`) ON DELETE CASCADE;

--
-- Filtros para la tabla `model_has_roles`
--
ALTER TABLE `model_has_roles`
  ADD CONSTRAINT `model_has_roles_role_id_foreign` FOREIGN KEY (`role_id`) REFERENCES `roles` (`id`) ON DELETE CASCADE;

--
-- Filtros para la tabla `role_has_permissions`
--
ALTER TABLE `role_has_permissions`
  ADD CONSTRAINT `role_has_permissions_permission_id_foreign` FOREIGN KEY (`permission_id`) REFERENCES `permissions` (`id`) ON DELETE CASCADE,
  ADD CONSTRAINT `role_has_permissions_role_id_foreign` FOREIGN KEY (`role_id`) REFERENCES `roles` (`id`) ON DELETE CASCADE;
COMMIT;

/*!40101 SET CHARACTER_SET_CLIENT=@OLD_CHARACTER_SET_CLIENT */;
/*!40101 SET CHARACTER_SET_RESULTS=@OLD_CHARACTER_SET_RESULTS */;
/*!40101 SET COLLATION_CONNECTION=@OLD_COLLATION_CONNECTION */;
